Feature_Label,Name,RT,CAM_log2FC,CAM_p,CAM_q,ILO_log2FC,ILO_p,ILO_q
2.51 min | 2-Hydroxyadipic acid,2-Hydroxyadipic acid,2.51,2.6022944167662785,0.3533384446666665,0.6984550572781879,2.078953845125809,0.03565952548907134,0.5520507739964242
2.51 min | Keto-3-deoxy-D-manno-octulosonic acid,Keto-3-deoxy-D-manno-octulosonic acid,2.51,1.076001921208242,0.3333814116124753,0.6984550572781879,-2.0881847617664393,0.03915605959984703,0.5520507739964242
2.52 min | Citric acid,Citric acid,2.52,-1.3300630656590853,0.1780625769367054,0.6984550572781879,0.1512307514529532,0.8272812185375815,0.8945546363087694
2.52 min | D-Glucuronic acid,D-Glucuronic acid,2.52,3.2492652828723205,0.3115063103101563,0.6984550572781879,-0.5779495791493617,0.5032398334557112,0.6715742460985479
2.52 min | D-(-)-quinic acid,D-(-)-quinic acid,2.52,0.0,,,-0.5669592856643689,0.5295608054429711,0.6868468794673334
2.52 min | Glutaconic acid,Glutaconic acid,2.52,0.18938344802798507,0.378814321537872,0.6984550572781879,-0.20909523424282678,0.7416059453056523,0.8407145739409698
2.52 min | Citric acid,Citric acid,2.52,1.3238479871451931,0.445501243880571,0.6984550572781879,0.44904594055863783,0.676356532979114,0.7929326788539891
2.52 min | Tartaric acid,Tartaric acid,2.52,6.869446792139457,0.18257411100714294,0.6984550572781879,-1.9803672650116178,0.06262758515170885,0.5520507739964242
2.52 min | Nb-trans-Feruloylserotonin glucoside,Nb-trans-Feruloylserotonin glucoside,2.52,0.5626945263893824,0.8171725267873862,0.8801803219291359,-1.6279763394792597,0.1408358338110935,0.5520507739964242
2.53 min | cis-Aconitic acid.mol,cis-Aconitic acid.mol,2.53,0.5113276423285263,0.33162907287580107,0.6984550572781879,0.05163644653517549,0.9218746233527628,0.9574085144305114
2.53 min | Galactonic acid,Galactonic acid,2.53,2.146197854734084,0.40940017586247884,0.6984550572781879,-1.7425411400767166,0.09811710444801296,0.5520507739964242
2.53 min | Ureidopropionic acid,Ureidopropionic acid,2.53,3.343464076125523,0.5320180201868073,0.7030238123897097,0.9744370638938866,0.21699857759752236,0.5526955117883426
2.54 min | Arabinonic acid,Arabinonic acid,2.54,-2.0926939770205895,0.2209815278419876,0.6984550572781879,-0.7577637811235741,0.199027594723548,0.5520507739964242
"2.54 min | 2,3,4,5,6,7-Hexahydroxyheptanoic acid","2,3,4,5,6,7-Hexahydroxyheptanoic acid",2.54,2.7165510728097013,0.3802916993241083,0.6984550572781879,1.0374961538294283,0.2193064212676956,0.5526955117883426
2.55 min | L-Glutamic acid,L-Glutamic acid,2.55,-2.326754235993709,0.32196977447464803,0.6984550572781879,-0.23653521311331197,0.8108349018632388,0.882497943737096
2.57 min | Ascorbalamic acid,Ascorbalamic acid,2.57,-1.7957581443756876,0.06069277462200824,0.6984550572781879,-0.07117792129164865,0.927413947600107,0.9579120295789898
2.58 min | L-2-Amino-4-methylenepentanedioic acid,L-2-Amino-4-methylenepentanedioic acid,2.58,-1.1873680089348515,0.11459831130005432,0.6984550572781879,-0.40686602610992584,0.47733665146896326,0.6531586303849894
"2.59 min | 4',5,6-Trimethylscutellarein 7-glucoside","4',5,6-Trimethylscutellarein 7-glucoside",2.59,-8.396604781181859,0.3160325402707039,0.6984550572781879,-1.074662474761666,0.5071251121831534,0.6731264978258402
2.71 min | 3-Hydroxy-3-carboxymethyl-adipic acid,3-Hydroxy-3-carboxymethyl-adipic acid,2.71,-0.24858566172084678,0.8820984728482143,0.9248271477952666,0.5446216915258502,0.4088348283437891,0.6042660975959486
2.71 min | L-Malic acid.mol,L-Malic acid.mol,2.71,-0.16779134815649516,0.8700261345885143,0.9169097600089885,-1.9830006222214283,0.00850300391865273,0.5520507739964242
2.74 min | Shikimic acid,Shikimic acid,2.74,0.51279804127684,0.16277834619939013,0.6984550572781879,1.4777644112925947,0.4375162604982785,0.6191505278000566
2.76 min | Caftaric acid,Caftaric acid,2.76,-2.539588691210532,0.4428748681204466,0.6984550572781879,-0.9087992621424993,0.36698745453645887,0.5868618449575442
2.78 min | Nb-trans-Feruloylserotonin glucoside,Nb-trans-Feruloylserotonin glucoside,2.78,-15.91966060703588,0.5000000000000001,0.6984550572781879,-0.24160316135448048,0.7929471585683419,0.8727740537262286
2.82 min | l-ascorbic acid,l-ascorbic acid,2.82,-6.290018846932618,0.5000000000000001,0.6984550572781879,0.9486817665104706,0.5920091108659806,0.7299961968572993
2.91 min | ISOPALMITIC ACID,ISOPALMITIC ACID,2.91,1.4166634941218674,0.32032442668688865,0.6984550572781879,-12.769126144213068,0.16975211290993333,0.5520507739964242
2.92 min | Stearic acid,Stearic acid,2.92,0.7637390199599939,0.44846897051027423,0.6984550572781879,-8.579463795322814,0.16927198032417387,0.5520507739964242
2.94 min | Pipecolic acid,Pipecolic acid,2.94,-4.530690301807119,0.1608583819210704,0.6984550572781879,-2.5796666252855167,0.03128969106627923,0.5520507739964242
2.96 min | 3-Hydroxyhippuric acid sulfate,3-Hydroxyhippuric acid sulfate,2.96,-8.751544059089099,0.1691254364006897,0.6984550572781879,-1.6045558634099133,0.4050963477495624,0.6033175915879234
2.97 min | 2-Keto-6-aminocaproic acid.mol,2-Keto-6-aminocaproic acid.mol,2.97,0.7549588397183519,0.2756046915549274,0.6984550572781879,0.4699802893245664,0.18773400083107222,0.5520507739964242
3.0 min | N-Acetylglutamic acid,N-Acetylglutamic acid,3.0,0.03140589700818885,0.9891125859209405,0.9941961307825018,-5.015414637903056,0.014953677791549286,0.5520507739964242
3.03 min | 2-[[(1R)-2-[Bis(carboxymethyl)amino]cyclohexyl]-[(2S)-2-[bis(carboxymethyl)amino]-3-(4-isothiocyanatophenyl)propyl]amino]acetic acid,2-[[(1R)-2-[Bis(carboxymethyl)amino]cyclohexyl]-[(2S)-2-[bis(carboxymethyl)amino]-3-(4-isothiocyanatophenyl)propyl]amino]acetic acid,3.03,0.638671883494866,0.625798102816391,0.762882994439572,-1.2892129587400802,0.5236006489219704,0.6827160404671628
3.03 min | 2-Methylcitric acid,2-Methylcitric acid,3.03,0.6612983354396423,0.010352767107634792,0.6007825812578725,4.018588269396406,0.2159017372622055,0.5526955117883426
3.04 min | Ascorbic acid,Ascorbic acid,3.04,14.436190995481416,0.06838908942288703,0.6984550572781879,2.1503023855942685,0.10444962915075126,0.5520507739964242
3.05 min | N-Formyl-L-glutamic acid,N-Formyl-L-glutamic acid,3.05,-1.8859901789170015,0.09743595549600206,0.6984550572781879,-0.8038933431240737,0.2048691823751324,0.5520507739964242
3.05 min | 4-O-Methylglucuronic acid,4-O-Methylglucuronic acid,3.05,4.576148985958109,0.07452103942324148,0.6984550572781879,1.0107456427064743,0.410422856283747,0.604576630345603
3.05 min | (Z)-3-(1-Formyl-1-propenyl)pentanedioic acid,(Z)-3-(1-Formyl-1-propenyl)pentanedioic acid,3.05,-1.8277001913697841,0.5975409273690887,0.7463809576352942,6.240949797411309,0.19655939962044514,0.5520507739964242
3.07 min | 3-Methyluric acid,3-Methyluric acid,3.07,-2.629200396092726,0.5540459750683236,0.7148811874350001,-0.6365115192536183,0.599600342277601,0.7375084210014492
3.08 min | Uric acid,Uric acid,3.08,-3.6582114827517946,0.5000000000000001,0.6984550572781879,-2.8479353463133887,0.09678380346051597,0.5520507739964242
3.08 min | DEHYDROASCORBIC ACID,DEHYDROASCORBIC ACID,3.08,2.339588709693513,0.09925700616512272,0.6984550572781879,0.10888960836909337,0.9223813736586635,0.9574085144305114
3.13 min | Lycoperdic acid,Lycoperdic acid,3.13,0.5634077307803411,0.3818054290804141,0.6984550572781879,-0.3001970239147357,0.4710601857205075,0.6497989103957655
3.13 min | 2-Methylcitric acid,2-Methylcitric acid,3.13,0.2734775144306766,0.19230798110499292,0.6984550572781879,-0.13585413603045057,0.8973192968764633,0.9399881349820156
3.19 min | 3-Oxalomalic acid,3-Oxalomalic acid,3.19,-1.9629566580292777,0.016436624373278655,0.6007825812578725,-1.1201935305582658,0.14430076951394585,0.5520507739964242
3.2 min | Daucic acid,Daucic acid,3.2,-0.6282183392108744,0.5175630858533867,0.6997294505849944,-0.665617924003064,0.3087810159080428,0.5741549006295235
3.23 min | Aminoadipic acid,Aminoadipic acid,3.23,0.993005599961755,0.32777341259279835,0.6984550572781879,1.0525190470494272,0.32580590104832224,0.5741549006295235
3.24 min | Formiminoglutamic acid,Formiminoglutamic acid,3.24,-9.088457003486226,0.1485283146893274,0.6984550572781879,-3.9186928055690986,0.220559989238542,0.5526955117883426
"3.28 min | 2,3-dihydroxy-Valeric acid.mol","2,3-dihydroxy-Valeric acid.mol",3.28,0.7433196413704486,0.7007983843529672,0.8178968356174016,-0.8664757473285267,0.30824884518057283,0.5741549006295235
3.29 min | Apigenin 6-C-arabinosyl-8-C-glucoside,Apigenin 6-C-arabinosyl-8-C-glucoside,3.29,-10.138911718142744,0.3144191404272696,0.6984550572781879,-0.9588425320278088,0.47331564135245663,0.6516920584293153
3.34 min | CITRIC ACID,CITRIC ACID,3.34,-1.4925210264769624,0.33330838349925357,0.6984550572781879,-0.40552759542150574,0.6437019741478757,0.7693150719370563
3.34 min | 3-Methyluric acid,3-Methyluric acid,3.34,-2.1466188761123544,0.1535668812311419,0.6984550572781879,-0.2418154971444147,0.6464062915495405,0.7702954175263602
3.34 min | 4'-Methylepicatechin 3'-sulfate,4'-Methylepicatechin 3'-sulfate,3.34,-8.760719947465622,0.5000000000000001,0.6984550572781879,-0.5928862991499433,0.6531138453013102,0.7743426964749395
3.34 min | 2-Hydroxy-2-methyl-butanedioic acid.mol,2-Hydroxy-2-methyl-butanedioic acid.mol,3.34,0.0,,,-11.825930460581777,0.17960436847129707,0.5520507739964242
3.35 min | Glutaconic acid,Glutaconic acid,3.35,-1.5256631899482112,0.31068928654279765,0.6984550572781879,-0.262278583502325,0.7406969608216004,0.8403295266507934
3.36 min | Pyrroline hydroxycarboxylic acid,Pyrroline hydroxycarboxylic acid,3.36,-2.373824599982028,0.21011307796818973,0.6984550572781879,-2.326901174403044,0.10055546719961242,0.5520507739964242
3.45 min | Gallocatechin-(4alpha->8)-gallocatechin-(4alpha->8)-gallocatechin,Gallocatechin-(4alpha->8)-gallocatechin-(4alpha->8)-gallocatechin,3.45,16.33465737547585,0.2565357882425781,0.6984550572781879,-2.9385994553358565,0.17009685404778066,0.5520507739964242
3.52 min | Keto-3-deoxy-D-manno-octulosonic acid,Keto-3-deoxy-D-manno-octulosonic acid,3.52,-0.1252966593313534,0.5911895410980159,0.7407615709624293,-1.5623900523292138,0.038993165922841605,0.5520507739964242
3.53 min | 2-Methylcitric acid,2-Methylcitric acid,3.53,-0.25181586559035024,0.8802832614572063,0.9241624117599045,-1.076178586762839,0.16066002839380897,0.5520507739964242
3.6 min | Glutamic acid glutamate,Glutamic acid glutamate,3.6,-0.3352891212247482,0.5571309848168323,0.7161618011401347,0.7286240714896288,0.2333841566101689,0.5528789943033415
3.62 min | Palmitic acid,Palmitic acid,3.62,0.47828267027558674,0.761843648966423,0.8534893252332513,-12.436277766301574,0.1719580652981314,0.5520507739964242
3.64 min | Stearic acid,Stearic acid,3.64,1.556526410582015,0.2676109104042848,0.6984550572781879,-12.418760358375366,0.17046882504611316,0.5520507739964242
"3.69 min | 2-[(3S)-3-[[(2S)-1-(Carboxymethoxy)-1-oxo-4-phenylbutan-2-yl]amino]-2-oxo-4,5-dihydro-3H-1-benzazepin-1-yl]acetic acid","2-[(3S)-3-[[(2S)-1-(Carboxymethoxy)-1-oxo-4-phenylbutan-2-yl]amino]-2-oxo-4,5-dihydro-3H-1-benzazepin-1-yl]acetic acid",3.69,15.02212394747869,0.47328863049952213,0.6984550572781879,-4.200762405364905,0.1911525206292399,0.5520507739964242
3.74 min | 4-(Phenylamino)benzoic acid,4-(Phenylamino)benzoic acid,3.74,0.0,,,-11.06361978264258,0.1736426444324159,0.5520507739964242
3.8 min | Methylmalonic acid,Methylmalonic acid,3.8,-1.0940888046498356,0.36108082719319257,0.6984550572781879,-1.21049256607666,0.06818791497250574,0.5520507739964242
3.89 min | 3-Dehydroquinic acid,3-Dehydroquinic acid,3.89,2.6230615798061816,0.015385613487297676,0.6007825812578725,0.8642631440709594,0.02767529899995957,0.5520507739964242
4.0 min | Palmitic acid,Palmitic acid,4.0,1.2801132195648717,0.36647243751314695,0.6984550572781879,-8.276872679022528,0.1752853498394951,0.5520507739964242
4.01 min | 2-O-Galloylgalactaric acid,2-O-Galloylgalactaric acid,4.01,9.108197722535829,0.058054504259166,0.6984550572781879,0.06801047858416674,0.9236356687493213,0.9575699879742889
4.05 min | Stearic acid,Stearic acid,4.05,1.1146345070251957,0.4383869467934585,0.6984550572781879,-3.8979006012939545,0.19399791268625052,0.5520507739964242
4.07 min | D-Glucuronic acid 1-phosphate,D-Glucuronic acid 1-phosphate,4.07,-0.8482431212566124,0.5047570800580519,0.6991740586865873,0.18280208631833172,0.7865251460624164,0.868945445799496
4.08 min | Methylmalonic acid,Methylmalonic acid,4.08,-0.04959521950672069,0.913288899237137,0.9436169834382192,-0.9978842144398042,0.042976331190715866,0.5520507739964242
4.09 min | Imidazoleacetic acid ribotide,Imidazoleacetic acid ribotide,4.09,-1.6844981742720706,0.25358585356589963,0.6984550572781879,1.8486074518553868,0.06045754619410607,0.5520507739964242
4.18 min | Caryoptosidic acid,Caryoptosidic acid,4.18,3.0183154686737503,0.13434954015274722,0.6984550572781879,4.789575756414257,0.1919699424539003,0.5520507739964242
4.19 min | 2-Hydroxy-2-methyl-butanedioic acid.mol,2-Hydroxy-2-methyl-butanedioic acid.mol,4.19,7.6601114836356174,0.38318148036230965,0.6984550572781879,-0.4998930553801615,0.25354347107858544,0.5580884213511693
4.2 min | Fumaric acid,Fumaric acid,4.2,5.132923506836053,0.3787691492658109,0.6984550572781879,-2.5511135244929473,0.020943025114753402,0.5520507739964242
"4.2 min | (5R,6S)-3-(2-Carbamoyloxyethylsulfanyl)-6-(1-hydroxyethyl)-7-oxo-4-thia-1-azabicyclo[3.2.0]hept-2-ene-2-carboxylic acid","(5R,6S)-3-(2-Carbamoyloxyethylsulfanyl)-6-(1-hydroxyethyl)-7-oxo-4-thia-1-azabicyclo[3.2.0]hept-2-ene-2-carboxylic acid",4.2,5.758529673675896,0.42445495420545365,0.6984550572781879,0.47757194423332944,0.5066684328767065,0.6731264978258402
4.25 min | Palmitic acid,Palmitic acid,4.25,-11.539643506238036,0.5000000000000001,0.6984550572781879,-12.501284322262501,0.18667819216143472,0.5520507739964242
4.29 min | 2-Hydroxyadipic acid,2-Hydroxyadipic acid,4.29,-0.267825065818588,0.7270885034418402,0.8336550763918587,0.6893094427693891,0.03126590561058478,0.5520507739964242
4.39 min | Neuraminic acid.mol,Neuraminic acid.mol,4.39,-4.244020618954822,0.2845570758817499,0.6984550572781879,-0.16842434335263015,0.7023170274045109,0.8117618891535301
4.39 min | Stearic acid,Stearic acid,4.39,1.4733694646036748,0.29970502325550535,0.6984550572781879,-12.446056588573628,0.16697748618499664,0.5520507739964242
4.41 min | 2-O-p-Coumaroylhydroxycitric acid,2-O-p-Coumaroylhydroxycitric acid,4.41,2.1165337499028114,0.18061548683941214,0.6984550572781879,-0.016559091873409454,0.9872545385179827,0.9946673712304045
4.44 min | Palmitic acid,Palmitic acid,4.44,1.3888025009936829,0.325938347814698,0.6984550572781879,-12.12954240679582,0.17475843070563885,0.5520507739964242
4.46 min | Allantoic acid,Allantoic acid,4.46,3.4589290249931657,0.0377691248654599,0.6984550572781879,0.03598510065255638,0.9649041839457432,0.9822059141406323
4.46 min | Fukiic acid,Fukiic acid,4.46,3.6057600943166404,0.5262955279894981,0.7005683397856828,-0.7944510888269664,0.5612747338117016,0.7049842642014377
4.53 min | Luteolin 7-O-(6''-O-malonyl)-beta-D-diglucoside,Luteolin 7-O-(6''-O-malonyl)-beta-D-diglucoside,4.53,-4.754887502163468,0.5000000000000001,0.6984550572781879,0.5648968776670507,0.6327429790539513,0.7655152762980592
4.7 min | Stearic acid,Stearic acid,4.7,0.9589338011837212,0.4907794391607624,0.6984550572781879,-5.658566341444439,0.16940659657113313,0.5520507739964242
4.74 min | Palmitic acid,Palmitic acid,4.74,-0.32327706884846324,0.890363829347528,0.9311750056354207,-12.855430879646805,0.17015868396954015,0.5520507739964242
4.77 min | 2-Hydroxyadipic acid,2-Hydroxyadipic acid,4.77,-0.4515865930343799,0.3202565881697727,0.6984550572781879,0.22251613184162616,0.550682453156656,0.6998999891600639
5.0 min | [Gallocatechin(4alpha->8)]2catechin,[Gallocatechin(4alpha->8)]2catechin,5.0,15.827454355934565,0.011489056522814452,0.6007825812578725,4.044394119358453,0.3910022189557705,0.598671447280827
5.02 min | Stearic acid,Stearic acid,5.02,0.0431480838435967,0.9810484398362233,0.988995076683203,-4.567870927374346,0.17096240033704607,0.5520507739964242
5.02 min | Palmitic acid,Palmitic acid,5.02,0.881806472540372,0.5528122115722485,0.7146550390219645,-12.383674296007834,0.1729153323653315,0.5520507739964242
5.23 min | Palmitic acid,Palmitic acid,5.23,1.412031788645926,0.3431831944832264,0.6984550572781879,-12.64543327516426,0.17417348314233916,0.5520507739964242
"5.31 min | 1H-Indole-3-carboxylic acid, 1-methyl-, (1-(2-((methylsulfonyl)amino)ethyl)-4-piperidinyl)methyl ester","1H-Indole-3-carboxylic acid, 1-methyl-, (1-(2-((methylsulfonyl)amino)ethyl)-4-piperidinyl)methyl ester",5.31,0.0,,,2.034269902084746,0.07300531641574962,0.5520507739964242
5.34 min | Quercetin 3-arabinoside 7-glucoside,Quercetin 3-arabinoside 7-glucoside,5.34,8.449499083426037,0.10111676300936608,0.6984550572781879,-2.637429920615292,0.34659350708733416,0.5741549006295235
"5.36 min | Myricetin 3,3'-digalactoside","Myricetin 3,3'-digalactoside",5.36,6.404679923796479,0.27207410003538474,0.6984550572781879,-0.6495027529158669,0.6383402610422912,0.7680785808754705
5.37 min | Stearic acid,Stearic acid,5.37,0.8027201669138966,0.6125618074523286,0.7541340956854656,-3.850616405288589,0.1775855285547326,0.5520507739964242
5.43 min | Palmitic acid,Palmitic acid,5.43,0.5144931986042387,0.8311096458419691,0.8909859868110068,-12.50001193358634,0.18221264599129705,0.5520507739964242
5.56 min | Gallic acid hexoside,Gallic acid hexoside,5.56,3.4614451861042212,0.2343052563634292,0.6984550572781879,3.9500650383400813,0.0636869290639402,0.5520507739964242
5.65 min | Stearic acid,Stearic acid,5.65,1.6151963298454295,0.21655038097996085,0.6984550572781879,-12.3700213565803,0.17159172482185747,0.5520507739964242
5.68 min | Palmitic acid,Palmitic acid,5.68,1.258076441741325,0.48099539233854127,0.6984550572781879,-12.641775807048571,0.1805094534005426,0.5520507739964242
5.88 min | Stearic acid,Stearic acid,5.88,-0.37068580075447205,0.8634957747742453,0.9128383904756308,-5.273195304219263,0.15199002207999804,0.5520507739964242
5.89 min | Palmitic acid,Palmitic acid,5.89,0.0,,,-12.199484907709849,0.2254218821792563,0.5526955117883426
5.93 min | Oxoadipic acid.mol,Oxoadipic acid.mol,5.93,-0.26370012224921735,0.8102806590501495,0.8782852115911755,-0.2381337589050573,0.6748198900897522,0.7923899425397567
5.97 min | GALLIC ACID,GALLIC ACID,5.97,2.8060231190961415,0.34240660084612734,0.6984550572781879,-0.9417953225783098,0.5177856280196649,0.679684877952477
5.98 min | Larixinic Acid,Larixinic Acid,5.98,2.9100208706463944,0.04000273376390936,0.6984550572781879,-1.2127878810687525,0.18330278718181509,0.5520507739964242
6.03 min | Palmitic acid,Palmitic acid,6.03,1.83937327938039,0.21074157578302458,0.6984550572781879,-11.448001555356438,0.17426004222291797,0.5520507739964242
6.12 min | Stearic acid,Stearic acid,6.12,0.9424319379003459,0.47207256141982473,0.6984550572781879,-5.88082083770998,0.17432825536456922,0.5520507739964242
6.26 min | Palmitic acid,Palmitic acid,6.26,0.5895195980020518,0.7074941346381299,0.8229918781624139,-12.6060967138105,0.17229637338276416,0.5520507739964242
6.27 min | Methylenediphosphonic acid,Methylenediphosphonic acid,6.27,0.0,,,0.0,,
6.38 min | Stearic acid,Stearic acid,6.38,0.5260973284055083,0.7305832278671164,0.8362612365803364,-4.623559685414176,0.1911135288713041,0.5520507739964242
6.59 min | Palmitic acid,Palmitic acid,6.59,1.9515924909898896,0.207123509367607,0.6984550572781879,-12.597017939313472,0.17152108181635892,0.5520507739964242
6.6 min | Stearic acid,Stearic acid,6.6,1.4698262279365026,0.33846643515060315,0.6984550572781879,-12.354586106194848,0.1718121057999934,0.5520507739964242
6.65 min | Methylenediphosphonic acid,Methylenediphosphonic acid,6.65,0.0,,,-4.326153564554924,0.28608555174674316,0.5730105492273002
6.84 min | Stearic acid,Stearic acid,6.84,1.3126850619245605,0.3501975578561133,0.6984550572781879,-4.65606848980186,0.18630067841437792,0.5520507739964242
6.86 min | Palmitic acid,Palmitic acid,6.86,1.5856920557510592,0.33622698929956557,0.6984550572781879,-12.122324724910643,0.18237637044713517,0.5520507739964242
7.07 min | Stearic acid,Stearic acid,7.07,1.0845996144134895,0.4543346957961854,0.6984550572781879,-12.195440563757298,0.17759862198790902,0.5520507739964242
7.11 min | Palmitic acid,Palmitic acid,7.11,1.9459888604583326,0.1603022410607671,0.6984550572781879,-12.092435992499924,0.18007386243252757,0.5520507739964242
7.36 min | Palmitic acid,Palmitic acid,7.36,1.306831410322841,0.3652007972664694,0.6984550572781879,-12.164252245342976,0.2403690785636751,0.5533572321373632
7.39 min | Stearic acid,Stearic acid,7.39,1.149250901925962,0.34123658910730265,0.6984550572781879,-3.0192872829560264,0.22641413703677946,0.5528789943033415
7.59 min | Palmitic acid,Palmitic acid,7.59,1.3534223947262618,0.3596254899309604,0.6984550572781879,-8.867539588891526,0.17001043771742028,0.5520507739964242
7.62 min | Stearic acid,Stearic acid,7.62,0.5026694426850223,0.7404530952433493,0.8433280261132656,-6.128466716128117,0.16639833424462902,0.5520507739964242
"7.64 min | Benzo(a)naphthacene-2-carboxylic acid, 5,6,8,13-tetrahydro-8,13-dioxo-3-(2-hydroxypropyl)-7-methoxy-1,6,9,14-tetrahydroxy-","Benzo(a)naphthacene-2-carboxylic acid, 5,6,8,13-tetrahydro-8,13-dioxo-3-(2-hydroxypropyl)-7-methoxy-1,6,9,14-tetrahydroxy-",7.64,-9.659995892429977,0.24684313737322844,0.6984550572781879,0.8814751876062255,0.5088607786721879,0.6742176923879258
7.7 min | (2S)-3-[3-[(4-Carbamimidoylbenzoyl)amino]propanoylamino]-2-[(4-ethylphenyl)sulfonylamino]propanoic acid,(2S)-3-[3-[(4-Carbamimidoylbenzoyl)amino]propanoylamino]-2-[(4-ethylphenyl)sulfonylamino]propanoic acid,7.7,-5.971543553950772,0.5000000000000001,0.6984550572781879,-0.8084573298287463,0.549226127899657,0.6988429006723221
"7.84 min | (1RS,2RS)-Guaiacylglycerol 1-glucoside","(1RS,2RS)-Guaiacylglycerol 1-glucoside",7.84,13.722540735969362,0.39106890754661466,0.6984550572781879,3.582545867720225,0.42690461855363093,0.6135454887878863
7.86 min | Stearic acid,Stearic acid,7.86,1.6544865209562472,0.26429075865202584,0.6984550572781879,-12.402212672714642,0.175013970184423,0.5520507739964242
7.87 min | (2S)-3-[3-[(4-Carbamimidoylbenzoyl)amino]propanoylamino]-2-[(4-ethylphenyl)sulfonylamino]propanoic acid,(2S)-3-[3-[(4-Carbamimidoylbenzoyl)amino]propanoylamino]-2-[(4-ethylphenyl)sulfonylamino]propanoic acid,7.87,-4.285402218862249,0.5000000000000001,0.6984550572781879,-4.222392421336448,0.18192834423006216,0.5520507739964242
7.91 min | Dimethyl fukiic acid,Dimethyl fukiic acid,7.91,1.0693134994122384,0.23788312338417203,0.6984550572781879,0.2373256632014836,0.7911566912613103,0.8721040151618328
8.03 min | Palmitic acid,Palmitic acid,8.03,1.5261592712745324,0.28950445649515755,0.6984550572781879,-12.754446796905462,0.17304733474018438,0.5520507739964242
8.06 min | Stearic acid,Stearic acid,8.06,-10.520986918540384,0.5000000000000001,0.6984550572781879,-12.305491792110685,0.1876472518737122,0.5520507739964242
8.12 min | Dimethyl fukiic acid,Dimethyl fukiic acid,8.12,-9.438012087651131,0.5000000000000001,0.6984550572781879,-5.158841770072105,0.10905935927739609,0.5520507739964242
"8.17 min | (1RS,2RS)-Guaiacylglycerol 1-glucoside","(1RS,2RS)-Guaiacylglycerol 1-glucoside",8.17,-2.4990888141228282,0.21803375513023104,0.6984550572781879,3.205092983887147,0.15529878155306628,0.5520507739964242
8.21 min | Ethylvanillin glucoside,Ethylvanillin glucoside,8.21,-2.1229996667059425,0.14525349023015438,0.6984550572781879,2.9630557380256404,0.16731805358959068,0.5520507739964242
"8.22 min | (1RS,2RS)-Guaiacylglycerol 1-glucoside","(1RS,2RS)-Guaiacylglycerol 1-glucoside",8.22,-0.8045327477599785,0.5899651172924782,0.7407615709624293,2.8197692445805775,0.22088749618171433,0.5526955117883426
8.27 min | Stearic acid,Stearic acid,8.27,1.2582330974376894,0.3807739579903004,0.6984550572781879,-4.246991296814019,0.18774155036489662,0.5520507739964242
8.28 min | Gallocatechin-(4alpha->8)-catechin-(4alpha->8)-catechin,Gallocatechin-(4alpha->8)-catechin-(4alpha->8)-catechin,8.28,8.665106209115486,0.13269125770645598,0.6984550572781879,0.9014872370791851,0.013222683576368006,0.5520507739964242
8.31 min | (3-{[3-(2-Amino-2-Oxoethyl)-1-Benzyl-2-Ethyl-1h-Indol-5-Yl]oxy}propyl)phosphonic Acid,(3-{[3-(2-Amino-2-Oxoethyl)-1-Benzyl-2-Ethyl-1h-Indol-5-Yl]oxy}propyl)phosphonic Acid,8.31,-3.4744473408301015,0.06377047000983115,0.6984550572781879,0.5921272174263263,0.4021629481056708,0.6033175915879234
8.39 min | Palmitic acid,Palmitic acid,8.39,1.1788152665070863,0.4098016921586639,0.6984550572781879,-11.97862109217593,0.18866517478005163,0.5520507739964242
8.42 min | 3-(5-(4-(1H-Imidazol-1-yl)phenyl)-1-(4-carbamoyl-2-methylphenyl)-1H-pyrrol-2-yl)propanoic acid,3-(5-(4-(1H-Imidazol-1-yl)phenyl)-1-(4-carbamoyl-2-methylphenyl)-1H-pyrrol-2-yl)propanoic acid,8.42,0.0,,,-9.248454717922645,0.048052368883781234,0.5520507739964242
"8.51 min | Benzoic acid + 2O, O-Hex","Benzoic acid + 2O, O-Hex",8.51,3.8669550642588346,0.1581731183004407,0.6984550572781879,-1.3709823192009083,0.11768472752498646,0.5520507739964242
8.57 min | Phenolphthalein glucuronide,Phenolphthalein glucuronide,8.57,-1.8802283872048262,0.5268089291544508,0.7005683397856828,0.8889082979418013,0.6464197498047415,0.7702954175263602
8.62 min | Cinnamic acid,Cinnamic acid,8.62,-1.9502870250876574,0.33223914407980454,0.6984550572781879,0.08580584391802928,0.8113480417691323,0.882497943737096
8.67 min | Palmitic acid,Palmitic acid,8.67,-0.7837868391813649,0.7588643302525259,0.8508478854346502,-11.83036114930862,0.23068482283675568,0.5528789943033415
8.71 min | Stearic acid,Stearic acid,8.71,-0.43206419013223496,0.8389424561055877,0.8965747247529662,-11.65811228413788,0.19229490099263624,0.5520507739964242
8.74 min | GALLIC ACID,GALLIC ACID,8.74,0.0,,,-5.7035191110730645,0.16911305567198073,0.5520507739964242
8.76 min | Vanillic acid + O-sulfonateHex,Vanillic acid + O-sulfonateHex,8.76,15.828855470232236,0.42458268140999306,0.6984550572781879,-4.235216461694032,0.1823739023339605,0.5520507739964242
8.77 min | Allantoic acid,Allantoic acid,8.77,3.428118144206607,0.5291396320939207,0.7017017202265641,2.400997564354757,0.057348845141690745,0.5520507739964242
"8.9 min | Epicatechin-(2beta->7,4beta->6)-catechin","Epicatechin-(2beta->7,4beta->6)-catechin",8.9,2.1472762624971122,0.47078722510015375,0.6984550572781879,3.687357828411311,0.2511864970643809,0.556683588088628
"8.92 min | 4-Hydroxy-5-(3',4'-dihydroxyphenyl)-valeric acid-O-methyl-O-glucuronide","4-Hydroxy-5-(3',4'-dihydroxyphenyl)-valeric acid-O-methyl-O-glucuronide",8.92,-6.461684978272501,0.21725864061365116,0.6984550572781879,0.698150601656321,0.48071565817847783,0.6557636889754467
"8.92 min | (2S)-2-[[4-[(2,4-Diaminopteridin-6-yl)methyl]-2,3-dihydro-1,4-benzothiazine-7-carbonyl]amino]hexanedioic acid","(2S)-2-[[4-[(2,4-Diaminopteridin-6-yl)methyl]-2,3-dihydro-1,4-benzothiazine-7-carbonyl]amino]hexanedioic acid",8.92,-6.106845035091801,0.18864391183547638,0.6984550572781879,0.7191523508019205,0.38554506879178846,0.598671447280827
8.96 min | (3-{[3-(2-Amino-2-Oxoethyl)-1-Benzyl-2-Ethyl-1h-Indol-5-Yl]oxy}propyl)phosphonic Acid,(3-{[3-(2-Amino-2-Oxoethyl)-1-Benzyl-2-Ethyl-1h-Indol-5-Yl]oxy}propyl)phosphonic Acid,8.96,-6.11622686411952,0.01142197854212881,0.6007825812578725,0.8144297587270526,0.1898545557797263,0.5520507739964242
"8.96 min | 2,3-Butanediol apiosylglucoside","2,3-Butanediol apiosylglucoside",8.96,-5.021072505394949,0.04758816338580617,0.6984550572781879,1.218775972466556,0.1395835628638205,0.5520507739964242
8.96 min | Procyanidin trimer C1,Procyanidin trimer C1,8.96,3.1915318614402253,0.24495908135592767,0.6984550572781879,0.6523886685417456,0.5608216996713808,0.7049842642014377
9.03 min | Delphinidin 3-glucoside,Delphinidin 3-glucoside,9.03,6.971543553950772,0.5000000000000001,0.6984550572781879,-6.557995453120887,0.12216785365989695,0.5520507739964242
9.05 min | Stearic acid,Stearic acid,9.05,0.6137433505657817,0.6894837646941838,0.8102174024603757,-11.989414211890216,0.16270669606152866,0.5520507739964242
9.07 min | trans-Caffeic acid [apiosyl-(1->6)-glucosyl] ester,trans-Caffeic acid [apiosyl-(1->6)-glucosyl] ester,9.07,0.6536583824071779,0.5697145571790507,0.7268771936422372,1.673392619943291,0.27276835557468065,0.5702635875753946
9.08 min | Palmitic acid,Palmitic acid,9.08,1.2762097945815272,0.37668230094978306,0.6984550572781879,-11.883831221119832,0.20426734106235014,0.5520507739964242
9.15 min | 2-Amino-3-phosphonopropionic acid.mol,2-Amino-3-phosphonopropionic acid.mol,9.15,4.914050387181384,0.19417151555454165,0.6984550572781879,1.9762839310261926,0.3200415913423852,0.5741549006295235
"9.19 min | 4-Hydroxy-5-(3',4',5'-trihydroxyphenyl)-valeric acid-O-methyl-O-glucuronide","4-Hydroxy-5-(3',4',5'-trihydroxyphenyl)-valeric acid-O-methyl-O-glucuronide",9.19,-8.961454807591076,0.03871869099238653,0.6984550572781879,-0.12725645038545025,0.8920811929838737,0.9384973919060567
9.19 min | 4'-O-Methylepicatechin 7-O-glucuronide,4'-O-Methylepicatechin 7-O-glucuronide,9.19,-11.188588845707349,0.06742006930100365,0.6984550572781879,-0.23495221072272673,0.7852067867484975,0.8682394370128191
"9.2 min | Quercetin 4',7-diglucoside","Quercetin 4',7-diglucoside",9.2,7.592800115992561,0.12032143020084457,0.6984550572781879,-7.855214560836195,0.05820107130218742,0.5520507739964242
"9.21 min | (2S)-2-[[4-[(2,4-Diaminopteridin-6-yl)methyl]-2,3-dihydro-1,4-benzothiazine-7-carbonyl]amino]hexanedioic acid","(2S)-2-[[4-[(2,4-Diaminopteridin-6-yl)methyl]-2,3-dihydro-1,4-benzothiazine-7-carbonyl]amino]hexanedioic acid",9.21,-13.638775278489835,0.20544652542949762,0.6984550572781879,-0.1479360145409074,0.8424564793956191,0.9056560550531201
9.21 min | Epicatechin-(4beta->8)-gallocatechin,Epicatechin-(4beta->8)-gallocatechin,9.21,9.018410546199197,0.13335147025461447,0.6984550572781879,-0.8529022943164041,0.5719445625593743,0.7145821894686487
"9.22 min | 4-Hydroxy-5-(3',4'-dihydroxyphenyl)-valeric acid-O-methyl-O-glucuronide","4-Hydroxy-5-(3',4'-dihydroxyphenyl)-valeric acid-O-methyl-O-glucuronide",9.22,-15.533953232177732,0.17731017869106905,0.6984550572781879,0.20067776302833876,0.8010002393537012,0.8758992642966005
"9.23 min | 1-(3,4-Dimethoxyphenyl)-1,2-ethanediol 1-O-b-D-glucoside","1-(3,4-Dimethoxyphenyl)-1,2-ethanediol 1-O-b-D-glucoside",9.23,1.2097587656400344,0.3959896431971348,0.6984550572781879,2.6829286511965513,0.2537262691058189,0.5580884213511693
"9.25 min | 4-Hydroxy-5-(3',4'-dihydroxyphenyl)-valeric acid-O-methyl-O-glucuronide","4-Hydroxy-5-(3',4'-dihydroxyphenyl)-valeric acid-O-methyl-O-glucuronide",9.25,-7.25100534068804,0.21668851346984502,0.6984550572781879,-0.32556990200980684,0.7009944498559979,0.8110430656606226
9.29 min | Pavetannin D1,Pavetannin D1,9.29,-1.7839399345928457,0.19745328691210862,0.6984550572781879,2.363901778332831,0.23225151994380774,0.5528789943033415
9.31 min | Procyanidin trimer C1,Procyanidin trimer C1,9.31,0.058893689053568614,0.9794646674863186,0.9881261089084525,-0.6780719051126377,0.6469021720920939,0.7702954175263602
9.4 min | Stearic acid,Stearic acid,9.4,1.3289637389411302,0.3465070388724434,0.6984550572781879,-11.568879771863061,0.22846452600629116,0.5528789943033415
9.41 min | Palmitic acid,Palmitic acid,9.41,11.302353326431202,0.5000000000000001,0.6984550572781879,-12.227749631505954,0.1784446625914478,0.5520507739964242
"9.42 min | 4-Hydroxy-5-(3',4'-dihydroxyphenyl)-valeric acid-O-methyl-O-glucuronide","4-Hydroxy-5-(3',4'-dihydroxyphenyl)-valeric acid-O-methyl-O-glucuronide",9.42,6.876516946564999,0.5000000000000001,0.6984550572781879,0.6295451288135956,0.6581825850541251,0.7790517205612578
9.49 min | GALLIC ACID,GALLIC ACID,9.49,-3.0113639294683843,0.34271617680377503,0.6984550572781879,0.7406815196315382,0.5722467127045683,0.7145821894686487
9.5 min | Isopropyl apiosylglucoside,Isopropyl apiosylglucoside,9.5,10.276124405274238,0.5000000000000001,0.6984550572781879,2.7304455554955562,0.2087192394932932,0.5526955117883426
"9.53 min | 4-Hydroxy-5-(3',4'-dihydroxyphenyl)-valeric acid-O-glucuronide","4-Hydroxy-5-(3',4'-dihydroxyphenyl)-valeric acid-O-glucuronide",9.53,1.1336346406575002,0.35376025419662305,0.6984550572781879,1.3648343699036454,0.10095215722010313,0.5520507739964242
"9.54 min | Benzoic acid, 2-[[3-(2-quinolinylmethoxy)phenyl]amino]-","Benzoic acid, 2-[[3-(2-quinolinylmethoxy)phenyl]amino]-",9.54,-0.6626575657226746,0.7075686198664435,0.8229918781624139,6.426617880402279,0.35957218908445815,0.5813018084213146
"9.56 min | (1RS,2RS)-Guaiacylglycerol 1-glucoside","(1RS,2RS)-Guaiacylglycerol 1-glucoside",9.56,3.921981685521706,0.007084311619744533,0.5971352506154806,1.7446754384563092,0.3453691989678031,0.5741549006295235
9.57 min | PANTOTHENIC ACID,PANTOTHENIC ACID,9.57,-2.608772325006472,0.15799756295337714,0.6984550572781879,0.008218645590971142,0.9831904138696901,0.9926053699532577
9.58 min | Pavetannin D1,Pavetannin D1,9.58,-2.6926842847640837,0.11353257073718535,0.6984550572781879,1.9865540864442242,0.17949323355166635,0.5520507739964242
9.58 min | 2-[[(1R)-2-[Bis(carboxymethyl)amino]cyclohexyl]-[(2S)-2-[bis(carboxymethyl)amino]-3-(4-isothiocyanatophenyl)propyl]amino]acetic acid,2-[[(1R)-2-[Bis(carboxymethyl)amino]cyclohexyl]-[(2S)-2-[bis(carboxymethyl)amino]-3-(4-isothiocyanatophenyl)propyl]amino]acetic acid,9.58,-5.467605550082998,0.5000000000000001,0.6984550572781879,1.0926290002489343,0.43446895669909175,0.6166117116229418
9.63 min | 3-Methylellagic acid 2-(4-galactosylglucoside),3-Methylellagic acid 2-(4-galactosylglucoside),9.63,1.9528175714156073,0.35301503472635826,0.6984550572781879,-1.344188729882848,0.21669424347146338,0.5526955117883426
9.64 min | 4-Hydroxy-5-(phenyl)-valeric acid-O-sulphate,4-Hydroxy-5-(phenyl)-valeric acid-O-sulphate,9.64,0.0,,,-3.8102145761968447,0.34659350708733416,0.5741549006295235
9.64 min | [Gallocatechin(4alpha->8)]2catechin,[Gallocatechin(4alpha->8)]2catechin,9.64,16.432125904235168,0.15190727069009072,0.6984550572781879,-4.106199403831925,0.18679062290694232,0.5520507739964242
9.64 min | Erythronic acid.mol,Erythronic acid.mol,9.64,3.108524456778169,0.5000000000000001,0.6984550572781879,-2.397335497545385,0.18068619395443566,0.5520507739964242
"9.66 min | Propanoic acid, 3-((((2-(1,1-dimethylethyl)-5-methoxy-6-benzothiazolyl)amino)thioxomethyl)thio)-","Propanoic acid, 3-((((2-(1,1-dimethylethyl)-5-methoxy-6-benzothiazolyl)amino)thioxomethyl)thio)-",9.66,0.8181119783614786,0.5200069354021353,0.6997294505849944,-0.6734839571009591,0.215382000071981,0.5526955117883426
"9.67 min | 3-Methoxy-4,5-methylenedioxybenzoic acid","3-Methoxy-4,5-methylenedioxybenzoic acid",9.67,1.9517787903425114,0.2064940481857001,0.6984550572781879,1.648360319698687,0.055468741401211594,0.5520507739964242
9.7 min | Leucodelphinidin 3-[galactosyl-(1->4)-glucoside],Leucodelphinidin 3-[galactosyl-(1->4)-glucoside],9.7,1.1798210375848124,0.37448300774687765,0.6984550572781879,1.3098726562950453,0.3540910482506566,0.5794217153192563
9.71 min | Epicatechin-(4beta->8)-gallocatechin,Epicatechin-(4beta->8)-gallocatechin,9.71,-11.799787528544286,0.5000000000000001,0.6984550572781879,1.1448476570311616,0.3178884200985297,0.5741549006295235
9.74 min | Gentisic acid,Gentisic acid,9.74,0.6312896213379053,0.7843143810518467,0.8638184936926614,-10.853114583440288,0.008972247265375015,0.5520507739964242
9.76 min | Kaempferol 3-gentiobioside 7-rhamnoside,Kaempferol 3-gentiobioside 7-rhamnoside,9.76,0.0,,,-0.08671163319333085,0.9658616578233259,0.9825029682613571
9.77 min | Furaneol 4-(6-malonylglucoside),Furaneol 4-(6-malonylglucoside),9.77,-0.03829733695903754,0.9435870603750147,0.9646132450748128,0.8836943714746053,0.4700287790355454,0.6495903350715965
9.78 min | VANILLIC ACID,VANILLIC ACID,9.78,0.943196036846143,0.392751550495376,0.6984550572781879,0.7358431471299133,0.5339712622697175,0.688934950271069
9.79 min | Quercetin 3-(4''-acetylrhamnoside) 7-rhamnoside,Quercetin 3-(4''-acetylrhamnoside) 7-rhamnoside,9.79,13.638944930808501,0.2879296951974918,0.6984550572781879,3.499772759625913,0.10703063444623029,0.5520507739964242
9.8 min | Gallocatechin-(4alpha->8)-gallocatechin-(4alpha->8)-gallocatechin,Gallocatechin-(4alpha->8)-gallocatechin-(4alpha->8)-gallocatechin,9.8,17.70853160024308,0.3033070780700497,0.6984550572781879,-3.89616418901546,0.34659350708733416,0.5741549006295235
9.8 min | Gallocatechin-(4alpha->8)-gallocatechin-(4alpha->8)-gallocatechin,Gallocatechin-(4alpha->8)-gallocatechin-(4alpha->8)-gallocatechin,9.8,13.083396220385138,0.2719476006158528,0.6984550572781879,-2.6880559936852597,0.34659350708733416,0.5741549006295235
9.83 min | Hesperetin 7-glucoside,Hesperetin 7-glucoside,9.83,-13.982637133669424,0.04266704277427168,0.6984550572781879,-0.3256501947361125,0.715529108079512,0.8239856178930469
9.83 min | Stearic acid,Stearic acid,9.83,1.4156188326633825,0.3267723303882596,0.6984550572781879,-11.126435609270432,0.1932932575545586,0.5520507739964242
9.85 min | L-Ascorbic acid 2-glucoside,L-Ascorbic acid 2-glucoside,9.85,9.264864652295259,0.1132968755945103,0.6984550572781879,5.569385111646616,0.22066013715193525,0.5526955117883426
9.85 min | epigallocatechin,epigallocatechin,9.85,11.469235062545433,0.19351621800476218,0.6984550572781879,1.8254074605568327,0.0019641485696336425,0.5520507739964242
9.86 min | Ichangin 4-glucoside,Ichangin 4-glucoside,9.86,5.257387842692652,0.5000000000000001,0.6984550572781879,2.351094760052247,0.46185530749015274,0.642930173040671
9.86 min | Caffeic Acid,Caffeic Acid,9.86,6.993064217434361,0.1747472725165301,0.6984550572781879,4.756356891230456,0.3291117260039447,0.5741549006295235
9.86 min | Fertaric acid,Fertaric acid,9.86,4.91169158187234,0.5085604096377027,0.6991740586865873,1.3235481905555242,0.29262196232505044,0.5741549006295235
"9.86 min | 3,4,5-Trimethoxycinnamic acid","3,4,5-Trimethoxycinnamic acid",9.86,7.674237545501938,0.19539193928011267,0.6984550572781879,-4.68805599368526,0.17429527038366174,0.5520507739964242
9.87 min | Lucuminic acid,Lucuminic acid,9.87,6.918863237274595,0.5000000000000001,0.6984550572781879,18.39812678288236,0.19826795892390303,0.5520507739964242
9.9 min | Palmitic acid,Palmitic acid,9.9,1.6087581602628112,0.24822504680434268,0.6984550572781879,-11.812979471251483,0.17011767643167106,0.5520507739964242
9.92 min | Geniposidic acid,Geniposidic acid,9.92,0.5132675294444982,0.6652396404391769,0.7932852372083815,1.8860670162296822,0.1082030120876003,0.5520507739964242
9.93 min | Ethylvanillin glucoside,Ethylvanillin glucoside,9.93,3.2494155951029944,0.5153123365580554,0.6997294505849944,5.575507627438057,0.18851443769422765,0.5520507739964242
"10.01 min | 3,4-Dimethoxyphenyl ?-D-glucoside","3,4-Dimethoxyphenyl ?-D-glucoside",10.01,0.0,,,-8.703134546219157,0.29572947621849205,0.5741549006295235
10.01 min | Xanthurenate-8-O-beta-D-glucoside,Xanthurenate-8-O-beta-D-glucoside,10.01,-9.134426320220927,0.14711688794652453,0.6984550572781879,-4.620056421253138,0.008407336479550892,0.5520507739964242
10.03 min | (E)-Resveratrol 3-glucoside 4'-sulfate,(E)-Resveratrol 3-glucoside 4'-sulfate,10.03,-9.379378367071261,0.5000000000000001,0.6984550572781879,0.40370046542197324,0.8199277311354239,0.8879041314423226
10.04 min | Hamamelitannin,Hamamelitannin,10.04,-1.4584745793641976,0.6383958097601943,0.7724995873612459,-10.141610469129269,0.1836345481443901,0.5520507739964242
10.06 min | Epicatechin-(4beta->8)-gallocatechin,Epicatechin-(4beta->8)-gallocatechin,10.06,8.34516105046532,0.007415119985729123,0.5971352506154806,-0.15840520677160164,0.8394873113266609,0.9037184612845377
"10.07 min | Quercetin 4',7-diglucoside","Quercetin 4',7-diglucoside",10.07,7.077010392257589,0.0043682299298841345,0.5629295164231541,0.972086824590901,0.35829462941175094,0.5805399907272116
10.07 min | GALLIC ACID,GALLIC ACID,10.07,0.0,,,0.0,,
10.08 min | Homovanillic acid sulfate,Homovanillic acid sulfate,10.08,4.505069700141316,0.13428590174143334,0.6984550572781879,2.111606170025114,0.23860699144392178,0.5528789943033415
10.12 min | (R)-Pantothenic acid 4'-O-b-D-glucoside,(R)-Pantothenic acid 4'-O-b-D-glucoside,10.12,-1.7796226953847096,0.21717195344328774,0.6984550572781879,0.22095332909868348,0.8265640088288699,0.8944343673250821
10.13 min | Quercetin-3'-glucuronide,Quercetin-3'-glucuronide,10.13,8.321928094887362,0.5000000000000001,0.6984550572781879,2.0559338948573713,0.10446219820024265,0.5520507739964242
10.15 min | Furaneol 4-(6-malonylglucoside),Furaneol 4-(6-malonylglucoside),10.15,4.642261170219345,0.5127132390819406,0.6991740586865873,2.6119954594181722,0.4625878052809255,0.642930173040671
10.16 min | Fertaric acid,Fertaric acid,10.16,0.8408014051507462,0.7434371849475498,0.8450349754441185,6.005624549193878,0.20711957787429097,0.5520507739964242
10.16 min | Caryoptosidic acid,Caryoptosidic acid,10.16,2.8901815633431407,0.41588198454979414,0.6984550572781879,-0.3750011855866784,0.5278423977297266,0.6865357559247733
10.22 min | Gentisic acid,Gentisic acid,10.22,-1.1603795155105274,0.38331540814055426,0.6984550572781879,-1.5106566568568693,0.07386303657995287,0.5520507739964242
10.23 min | Chicoric acid,Chicoric acid,10.23,8.084808387804362,0.5000000000000001,0.6984550572781879,-0.29833046758199117,0.8467458388862928,0.9076197320622903
10.24 min | 3-Carboxylic acid-picumast,3-Carboxylic acid-picumast,10.24,-4.780732267881143,0.32177268787090446,0.6984550572781879,-0.6042642301131902,0.40313361890932403,0.6033175915879234
10.27 min | Dimethyl fukiic acid,Dimethyl fukiic acid,10.27,6.157921050950383,0.20937361159103587,0.6984550572781879,0.39959288345562344,0.7852978647778547,0.8682394370128191
"10.28 min | 4-Hydroxy-5-(3',4',5'-trihydroxyphenyl)-valeric acid-O-methyl-O-glucuronide","4-Hydroxy-5-(3',4',5'-trihydroxyphenyl)-valeric acid-O-methyl-O-glucuronide",10.28,-7.79806960732654,0.00457652923232055,0.5629295164231541,0.9532012626320364,0.5524278369725436,0.6998999891600639
"10.28 min | 3,4-Dimethoxyphenyl ?-D-glucoside","3,4-Dimethoxyphenyl ?-D-glucoside",10.28,2.8461531569083296,0.35991378216103903,0.6984550572781879,3.1075265297960684,0.24559124786827038,0.5533572321373632
10.3 min | Phlorisobutyrophenone 2-glucoside,Phlorisobutyrophenone 2-glucoside,10.3,-1.3695503637077766,0.3309672990134765,0.6984550572781879,4.150935872411428,0.06935053165616387,0.5520507739964242
10.38 min | 2-trans-O-Feruloylglucaric acid,2-trans-O-Feruloylglucaric acid,10.38,0.0,,,6.552539190931548,0.18514797845683878,0.5520507739964242
"10.4 min | 2,3-Diaminosalicylic acid","2,3-Diaminosalicylic acid",10.4,1.225410262150523,0.39627211044044647,0.6984550572781879,0.8195527776614026,0.5515644738247283,0.6998999891600639
10.43 min | Geniposidic acid,Geniposidic acid,10.43,4.434402824145775,0.1414232977029926,0.6984550572781879,-0.32844329953096485,0.7696194955534237,0.8565715717298793
10.43 min | 3-[[(2S)-3-(4-Phenylphenyl)-2-(phosphonomethylamino)propanoyl]amino]propanoic acid,3-[[(2S)-3-(4-Phenylphenyl)-2-(phosphonomethylamino)propanoyl]amino]propanoic acid,10.43,9.88340698638837,0.5000000000000001,0.6984550572781879,1.895485832336269,0.3108425469008004,0.5741549006295235
10.45 min | Ferulic acid,Ferulic acid,10.45,1.1484511137085296,0.39985310021835785,0.6984550572781879,-0.3637473387435894,0.6948012185504364,0.8076565599568406
"10.46 min | 1-[(4-Amino-3-methylphenyl)methyl]-5-(2,2-diphenylacetyl)-6,7-dihydro-4H-imidazo[4,5-c]pyridine-6-carboxylic acid","1-[(4-Amino-3-methylphenyl)methyl]-5-(2,2-diphenylacetyl)-6,7-dihydro-4H-imidazo[4,5-c]pyridine-6-carboxylic acid",10.46,-7.820178962415188,0.21747917589344665,0.6984550572781879,-2.634711444135626,0.2535711010473436,0.5580884213511693
10.47 min | (-)-epicatechin-3'-O-glucuronide,(-)-epicatechin-3'-O-glucuronide,10.47,1.5147806802074464,0.5733784655517254,0.729014947430787,1.4265713772514323,0.2270231948895181,0.5528789943033415
10.48 min | Geniposidic acid,Geniposidic acid,10.48,3.042040023678677,0.18567674394454992,0.6984550572781879,1.9334964383099764,0.2738151889802259,0.5703302126201133
10.49 min | 3-[7-[3-(4-Acetyl-3-hydroxy-2-propylphenoxy)-2-hydroxypropoxy]-4-oxo-8-propylchromen-2-yl]propanoic acid,3-[7-[3-(4-Acetyl-3-hydroxy-2-propylphenoxy)-2-hydroxypropoxy]-4-oxo-8-propylchromen-2-yl]propanoic acid,10.49,-6.531381460516312,0.5000000000000001,0.6984550572781879,-5.4928652450726485,0.10851207116665432,0.5520507739964242
10.5 min | Galactaric acid,Galactaric acid,10.5,-9.154501693864765,0.5000000000000001,0.6984550572781879,10.435814411632686,0.24339894025767245,0.5533572321373632
10.51 min | Stearic acid,Stearic acid,10.51,1.5893824026463363,0.2923513007001152,0.6984550572781879,-11.639692420054054,0.1699684870659428,0.5520507739964242
"10.53 min | Tetrahydro-2,5-furan-diacetic acid","Tetrahydro-2,5-furan-diacetic acid",10.53,1.3349842477128089,0.44026479023138526,0.6984550572781879,-0.010329473141670997,0.99290456762804,0.9969572393326444
10.53 min | Quercetin 3-galactoside,Quercetin 3-galactoside,10.53,1.7472339296200332,0.22518908545205613,0.6984550572781879,1.8731622104611656,0.30584936960128695,0.5741549006295235
10.56 min | Kaempferol 3-sophorotrioside,Kaempferol 3-sophorotrioside,10.56,2.386416821339076,0.5632758964562938,0.7220268747646688,-5.838367063890028,0.024485113526954667,0.5520507739964242
10.59 min | Xanthurenic Acid,Xanthurenic Acid,10.59,0.0,,,5.880313767360058,0.16031722667913156,0.5520507739964242
10.64 min | Hamamelitannin,Hamamelitannin,10.64,8.580228934426952,0.22922044122468102,0.6984550572781879,-2.187259140769064,0.41358414143705324,0.6056053499613994
10.64 min | (E)-Resveratrol 3-glucoside 4'-sulfate,(E)-Resveratrol 3-glucoside 4'-sulfate,10.64,8.988684686772165,0.27631371657631726,0.6984550572781879,-6.498959982823934,0.20101236355259547,0.5520507739964242
"10.64 min | Benzoic acid, 2-[[3-(2-quinolinylmethoxy)phenyl]amino]-","Benzoic acid, 2-[[3-(2-quinolinylmethoxy)phenyl]amino]-",10.64,-1.6997641272065234,0.024621087884648063,0.667126772391967,1.0858822104286883,0.30470485626089133,0.5741549006295235
"10.65 min | 2-Hydroxy-3,4-Dimethoxybenzoic Acid","2-Hydroxy-3,4-Dimethoxybenzoic Acid",10.65,-1.5842697649953181,0.06561615621147156,0.6984550572781879,1.0618054110766455,0.31607464657962897,0.5741549006295235
10.67 min | Gallocatechin-(4alpha->8)-gallocatechin-(4alpha->8)-gallocatechin,Gallocatechin-(4alpha->8)-gallocatechin-(4alpha->8)-gallocatechin,10.67,11.051220464176152,0.3051759547049708,0.6984550572781879,6.539158811108031,0.18506616037438417,0.5520507739964242
10.7 min | Epicatechin-(4beta->8)-gallocatechin,Epicatechin-(4beta->8)-gallocatechin,10.7,7.154485766024209,0.2090584433621888,0.6984550572781879,2.0570509911490893,0.005929916351025281,0.5520507739964242
10.71 min | 2-trans-O-Feruloylglucaric acid,2-trans-O-Feruloylglucaric acid,10.71,0.10530587925005826,0.9074641894809282,0.9411503601510536,2.0779853608065473,0.2921822144447078,0.5741549006295235
10.73 min | 8-Hydroxyluteolin 4'-methyl ether 8-glucoside-3'-sulfate,8-Hydroxyluteolin 4'-methyl ether 8-glucoside-3'-sulfate,10.73,9.938109326219239,0.008769207503147435,0.6002522535904419,1.515060487491,0.5570370697799157,0.702567631609004
10.75 min | L-Malic acid.mol,L-Malic acid.mol,10.75,0.9265535553177464,0.7250404448585236,0.8320036622056318,-1.2115041051937117,0.2805344578429354,0.5708973539169944
10.75 min | Chenodeoxycholic acid disulfate,Chenodeoxycholic acid disulfate,10.75,-5.66724240137942,0.07163433259386379,0.6984550572781879,0.523937360343334,0.6612596544671366,0.7820667067255559
"10.8 min | 6-(4-carboxy-2-hydroxyphenoxy)-3,4,5-trihydroxyoxane-2-carboxylic acid","6-(4-carboxy-2-hydroxyphenoxy)-3,4,5-trihydroxyoxane-2-carboxylic acid",10.8,0.0,,,6.353146825498083,0.3910022189557705,0.598671447280827
10.82 min | Ethyl (S)-3-hydroxybutyrate glucoside,Ethyl (S)-3-hydroxybutyrate glucoside,10.82,0.4409901949553109,0.836113274581004,0.8942492757042145,0.7093817814313221,0.730788867417438,0.8316456193586265
10.85 min | [Gallocatechin(4alpha->8)]2catechin,[Gallocatechin(4alpha->8)]2catechin,10.85,10.950484807142812,0.05074999829724046,0.6984550572781879,1.5049199995307998,0.42476870036196157,0.612370176836351
10.87 min | [Gallocatechin(4alpha->8)]2catechin,[Gallocatechin(4alpha->8)]2catechin,10.87,13.73497417472402,0.021588276996775586,0.667126772391967,-0.44389236195102894,0.8022218417458904,0.8758992642966005
10.88 min | Palmitic Acid,Palmitic Acid,10.88,1.3235839495282877,0.35888524005787326,0.6984550572781879,-11.89788746258709,0.1708018247155972,0.5520507739964242
10.89 min | Stearic acid,Stearic acid,10.89,-0.2573336871887918,0.9119890294939967,0.9436169834382192,-11.248421773286335,0.20160234715480774,0.5520507739964242
10.9 min | Molludistin 2''-rhamnoside,Molludistin 2''-rhamnoside,10.9,-3.655772386957016,0.1659945130238242,0.6984550572781879,-7.8533812861578784,0.05772062018978396,0.5520507739964242
"10.94 min | (7,8-Dihydro-5-((E)-((a-(3-pyridyl)benzylidene)aminooxy)ethyl)-1-naphthyloxy)acetic acid","(7,8-Dihydro-5-((E)-((a-(3-pyridyl)benzylidene)aminooxy)ethyl)-1-naphthyloxy)acetic acid",10.94,6.321928094887363,0.5000000000000001,0.6984550572781879,-1.2625932462613114,0.3767056970943255,0.5965854172867215
"10.95 min | LUTEOLIN-3',7-DIGLUCOSIDE","LUTEOLIN-3',7-DIGLUCOSIDE",10.95,0.0,,,0.9419730547639636,0.6675657909501567,0.7857472946111891
"10.95 min | (1RS,2RS)-Guaiacylglycerol 1-glucoside","(1RS,2RS)-Guaiacylglycerol 1-glucoside",10.95,-0.8225232986064822,0.5818190923278032,0.7336211490356105,-0.9093412660913099,0.37025876413757747,0.5908129036400696
"10.95 min | 4-Hydroxy-5-(3',4'-dihydroxyphenyl)-valeric acid-O-methyl-O-glucuronide","4-Hydroxy-5-(3',4'-dihydroxyphenyl)-valeric acid-O-methyl-O-glucuronide",10.95,-3.0055943501961457,0.04200898794781001,0.6984550572781879,-0.2625789669092356,0.848488670738852,0.9076197320622903
"10.95 min | 3-(4-Hydroxy-3-methoxyphenyl)-1,2-propanediol 2-O-(galloyl-glucoside)","3-(4-Hydroxy-3-methoxyphenyl)-1,2-propanediol 2-O-(galloyl-glucoside)",10.95,-4.969407079728627,0.017068570832780613,0.6007825812578725,-0.18755335608061205,0.8832033147145931,0.9324430394306457
10.97 min | Caryoptosidic acid,Caryoptosidic acid,10.97,-10.830911279742782,0.0124125998252391,0.6007825812578725,-2.221004934724236,0.11610399369740602,0.5520507739964242
11.0 min | Cinnamtannin A2,Cinnamtannin A2,11.0,14.827044924115224,0.2735506648878043,0.6984550572781879,-14.611248983880543,0.12783647709530774,0.5520507739964242
"11.04 min | Myricetin 3-(3'',4''-diacetylrhamnoside)","Myricetin 3-(3'',4''-diacetylrhamnoside)",11.04,-12.320095384861103,0.30409411541755504,0.6984550572781879,-0.18482930897773478,0.7694346676760557,0.8565715717298793
"11.06 min | 4-Hydroxy-5-(3',4',5'-trihydroxyphenyl)-valeric acid-O-methyl-O-glucuronide","4-Hydroxy-5-(3',4',5'-trihydroxyphenyl)-valeric acid-O-methyl-O-glucuronide",11.06,-8.646344997915937,0.2678589938585838,0.6984550572781879,-0.8096068557722121,0.3408436428826651,0.5741549006295235
11.07 min | Quinic acid,Quinic acid,11.07,-8.973697366305352,0.24719902273273256,0.6984550572781879,-6.376251610419125,0.1789119881610451,0.5520507739964242
11.07 min | Epicatechin-(4beta->8)-gallocatechin,Epicatechin-(4beta->8)-gallocatechin,11.07,4.302395766540073,0.5163026271977101,0.6997294505849944,0.6415339031032589,0.6449018816631253,0.7701255480054797
11.08 min | Caffeic Acid,Caffeic Acid,11.08,2.401271526253585,0.5658157224702034,0.7232661512852974,-3.2848548589864404,0.1670372032549644,0.5520507739964242
11.1 min | (S)-3-{4-[2-(5-Methyl-2-phenyl-oxazol-4-yl)-ethoxy]-phenyl}-2-propylamino-propionic acid,(S)-3-{4-[2-(5-Methyl-2-phenyl-oxazol-4-yl)-ethoxy]-phenyl}-2-propylamino-propionic acid,11.1,-6.636624620543649,0.5000000000000001,0.6984550572781879,1.4241057556054748,0.29602149345378576,0.5741549006295235
11.11 min | Phlorisobutyrophenone 2-glucoside,Phlorisobutyrophenone 2-glucoside,11.11,-7.0579917227591755,0.24265275426819496,0.6984550572781879,1.9634169773530692,0.362208000364054,0.5838281941246948
11.11 min | (-)-epicatechin-3'-O-glucuronide,(-)-epicatechin-3'-O-glucuronide,11.11,0.5375596314903643,0.8083059002670292,0.8781558889339592,4.387386210711948,0.265654824774768,0.5693220546230021
11.13 min | [Gallocatechin(4alpha->8)]2catechin,[Gallocatechin(4alpha->8)]2catechin,11.13,5.69738150683375,0.16261092568200064,0.6984550572781879,-8.346267476437054,0.31508037367591163,0.5741549006295235
11.14 min | Caffeic acid 3-O-glucuronide,Caffeic acid 3-O-glucuronide,11.14,-3.942632500795225,0.5213469975140207,0.6997294505849944,9.33049913148353,0.1708110605719158,0.5520507739964242
11.15 min | Glucocaffeic acid,Glucocaffeic acid,11.15,0.4790556716386658,0.4160230567024071,0.6984550572781879,2.22659604808593,0.11477947695731437,0.5520507739964242
11.15 min | Gallocatechin-(4alpha->8)-gallocatechin-(4alpha->8)-gallocatechin,Gallocatechin-(4alpha->8)-gallocatechin-(4alpha->8)-gallocatechin,11.15,16.13195741214732,0.3750659147529143,0.6984550572781879,-0.11805576152171225,0.9425929796903094,0.9675015563441564
11.18 min | Hamamelitannin,Hamamelitannin,11.18,4.628744192749069,0.512761690957877,0.6991740586865873,3.5787305470096413,0.2037971417501227,0.5520507739964242
11.19 min | (E)-Resveratrol 3-glucoside 4'-sulfate,(E)-Resveratrol 3-glucoside 4'-sulfate,11.19,8.445014845868423,0.5000000000000001,0.6984550572781879,1.423472601528516,0.5521666953805486,0.6998999891600639
11.19 min | Ethyl (S)-3-hydroxybutyrate glucoside,Ethyl (S)-3-hydroxybutyrate glucoside,11.19,11.573647187493322,0.14534562335855836,0.6984550572781879,0.3644090790484892,0.8517087153418802,0.9096396988745408
11.21 min | Cinnamtannin II,Cinnamtannin II,11.21,0.7446903961760518,0.4779308426962482,0.6984550572781879,-0.20427636180784423,0.833906446502598,0.8990839408603614
"11.22 min | 2,3-Butanediol glucoside","2,3-Butanediol glucoside",11.22,0.22144234224983075,0.921422604867667,0.9482276471360533,2.1579024731930994,0.2808031477892322,0.5708973539169944
"11.23 min | 4-Hydroxy-5-(3',4'-dihydroxyphenyl)-valeric acid-O-methyl-O-glucuronide","4-Hydroxy-5-(3',4'-dihydroxyphenyl)-valeric acid-O-methyl-O-glucuronide",11.23,2.154826121198046,0.5792984950693896,0.7331915849311306,-10.57553924683453,0.02762458704823922,0.5520507739964242
11.24 min | Phenylpyruvic acid,Phenylpyruvic acid,11.24,-0.1364864669288996,0.9124175597080504,0.9436169834382192,-0.047234225219565495,0.9575910686086472,0.9766045178869557
11.25 min | Isovitexin 2''-O-[4-hydroxy-(E)-cinnamoyl-(->6)-beta-D-glucopyranosyl] 4'-O-beta-D-glucopyranoside,Isovitexin 2''-O-[4-hydroxy-(E)-cinnamoyl-(->6)-beta-D-glucopyranosyl] 4'-O-beta-D-glucopyranoside,11.25,1.7218981460772644,0.6085982625236316,0.7521227253180949,-2.747095633349311,0.4196670003450435,0.6106185988289057
11.26 min | 1-Hexanol arabinosylglucoside,1-Hexanol arabinosylglucoside,11.26,4.054357739795087,0.2556856784821018,0.6984550572781879,-1.7266176815016863,0.09147100599611732,0.5520507739964242
11.26 min | Stearic acid,Stearic acid,11.26,1.7124328598699936,0.21663768669866226,0.6984550572781879,-11.20074537950159,0.17771465131734898,0.5520507739964242
11.28 min | 2-trans-O-Feruloylglucaric acid,2-trans-O-Feruloylglucaric acid,11.28,-0.6291134832905625,0.7842645731799196,0.8638184936926614,12.829703537007488,0.16175251789941703,0.5520507739964242
"11.31 min | 1-(3,4-Dimethoxyphenyl)-1,2-ethanediol 1-O-b-D-glucoside","1-(3,4-Dimethoxyphenyl)-1,2-ethanediol 1-O-b-D-glucoside",11.31,-12.057991722759176,0.5000000000000001,0.6984550572781879,9.341308301847253,0.30771676689610117,0.5741549006295235
"11.33 min | 1-(3,4-Dimethoxyphenyl)-1,2-ethanediol 1-O-b-D-glucoside","1-(3,4-Dimethoxyphenyl)-1,2-ethanediol 1-O-b-D-glucoside",11.33,-0.2349937087559808,0.4687985108280801,0.6984550572781879,2.6187709701005963,0.1640087979158272,0.5520507739964242
"11.35 min | (2R,3S)-Piscidic acid","(2R,3S)-Piscidic acid",11.35,-0.5796421687878924,0.716086152802478,0.8272759014232848,1.4500329206350477,0.2936931374308272,0.5741549006295235
11.39 min | Gallocatechin-(4alpha->8)-catechin-(4alpha->8)-catechin,Gallocatechin-(4alpha->8)-catechin-(4alpha->8)-catechin,11.39,6.016715154724748,0.09642162883803504,0.6984550572781879,0.9288592049839018,0.2979724404371378,0.5741549006295235
11.39 min | 5-Hydroxy-6-methoxycoumarin 7-glucoside,5-Hydroxy-6-methoxycoumarin 7-glucoside,11.39,1.3320760502634452,0.6537496486211017,0.7830124837815295,6.3387322716816215,0.1813343047006989,0.5520507739964242
11.4 min | Caffeic acid 3-O-glucuronide,Caffeic acid 3-O-glucuronide,11.4,-7.119162560925327,0.5022786219817432,0.6984550572781879,13.601741776391403,0.3337246431225239,0.5741549006295235
"11.4 min | Epigallocatechin-(4b,8)-epicatechin-3-O-gallate ester","Epigallocatechin-(4b,8)-epicatechin-3-O-gallate ester",11.4,0.0,,,3.5666999319805752,0.3997793962055361,0.6033175915879234
"11.41 min | Benzoic acid + 2O, O-Hex","Benzoic acid + 2O, O-Hex",11.41,-8.306061689428342,0.5000000000000001,0.6984550572781879,-1.6714565672554305,0.2915352882438515,0.5741549006295235
11.44 min | glutamic acid betaine,glutamic acid betaine,11.44,0.0,,,-2.490367618859322,0.22497732722270802,0.5526955117883426
"11.47 min | 1-(3,4-Dimethoxyphenyl)-1,2-ethanediol 1-O-b-D-glucoside","1-(3,4-Dimethoxyphenyl)-1,2-ethanediol 1-O-b-D-glucoside",11.47,-0.1932900679501644,0.743464020960234,0.8450349754441185,2.770655172970707,0.4011755096956475,0.6033175915879234
"11.47 min | Benzoic acid + 1O, O-Hex","Benzoic acid + 1O, O-Hex",11.47,9.528521074796755,0.45883963731743854,0.6984550572781879,0.7184345813798237,0.5706610621120725,0.7145821894686487
11.47 min | Cymorcin diglucoside,Cymorcin diglucoside,11.47,1.7249229731599014,0.12029728662535914,0.6984550572781879,0.37133605413071225,0.7302970915345626,0.8316456193586265
"11.47 min | NCGC00381247-01!3-ethenyl-4-[2-(3,4,5-trihydroxybenzoyl)oxyethyl]-2-[3,4,5-trihydroxy-6-(hydroxymethyl)oxan-2-yl]oxy-3,4-dihydro-2H-pyran-5-carboxylic acid","NCGC00381247-01!3-ethenyl-4-[2-(3,4,5-trihydroxybenzoyl)oxyethyl]-2-[3,4,5-trihydroxy-6-(hydroxymethyl)oxan-2-yl]oxy-3,4-dihydro-2H-pyran-5-carboxylic acid",11.47,2.2807664061627544,0.10085132615724843,0.6984550572781879,1.4918530963296748,0.247730934394358,0.5539382323860181
11.48 min | Galactaric acid,Galactaric acid,11.48,-4.781840051481781,0.5113234207936221,0.6991740586865873,9.13891224951812,0.2162489742973194,0.5526955117883426
11.49 min | Arthoniaic acid,Arthoniaic acid,11.49,1.6665278528772336,0.24973156029138133,0.6984550572781879,-1.9788900064297612,0.021297792501517806,0.5520507739964242
"11.52 min | Myricetin 3,3'-digalactoside","Myricetin 3,3'-digalactoside",11.52,1.8623666693931833,0.34893954234676483,0.6984550572781879,1.4304923116183195,0.028438917430237683,0.5520507739964242
"11.53 min | 4-Hydroxy-5-(3',4'-dihydroxyphenyl)-valeric acid-O-methyl-O-glucuronide","4-Hydroxy-5-(3',4'-dihydroxyphenyl)-valeric acid-O-methyl-O-glucuronide",11.53,-9.978710459106358,0.5000000000000001,0.6984550572781879,4.38307056505403,0.23702336080028424,0.5528789943033415
11.57 min | Cinnamtannin A2,Cinnamtannin A2,11.57,-13.702930204438289,0.059932135858309664,0.6984550572781879,0.8596885796793088,0.22401306565989204,0.5526955117883426
"11.58 min | 2-Hydroxy-3,4-Dimethoxybenzoic Acid","2-Hydroxy-3,4-Dimethoxybenzoic Acid",11.58,2.1850954360836656,0.2988740729062734,0.6984550572781879,-1.7370256676621192,0.17267814116434427,0.5520507739964242
11.58 min | (-)-epicatechin-3'-O-glucuronide,(-)-epicatechin-3'-O-glucuronide,11.58,0.7791745642977096,0.6687052496592996,0.7955833043388759,-5.080717652381656,0.028961563650154832,0.5520507739964242
11.59 min | (-)-epicatechin-3'-O-glucuronide,(-)-epicatechin-3'-O-glucuronide,11.59,-1.02501846003684,0.4815142742853992,0.6984550572781879,-4.365422224062642,0.02246592012050485,0.5520507739964242
11.6 min | Cinnamtannin A2,Cinnamtannin A2,11.6,-1.9307454517688096,0.0771084830923145,0.6984550572781879,0.8625664077817924,0.23582973689112705,0.5528789943033415
11.61 min | EPICATECHIN,EPICATECHIN,11.61,-0.49871794948405274,0.4616287858097291,0.6984550572781879,-0.1501694438813902,0.752190135275651,0.8475058318067641
11.62 min | alpha-D-Galactopyranuronosyl-(1->4)-alpha-D-galactopyranuronosyl-(1->4)-D-galacturonic acid,alpha-D-Galactopyranuronosyl-(1->4)-alpha-D-galactopyranuronosyl-(1->4)-D-galacturonic acid,11.62,0.04843153243100889,0.9791973443995357,0.9881261089084525,-3.8675936143399166,0.04914505295150992,0.5520507739964242
11.63 min | Naringenin,Naringenin,11.63,3.481706517265473,0.05673321301952627,0.6984550572781879,-8.137074851917665,0.023430484318359954,0.5520507739964242
"11.66 min | 4-Hydroxy-5-(3',4',5'-trihydroxyphenyl)-valeric acid-O-methyl-O-glucuronide","4-Hydroxy-5-(3',4',5'-trihydroxyphenyl)-valeric acid-O-methyl-O-glucuronide",11.66,-3.705660873750656,0.19316396370051303,0.6984550572781879,-2.1672170947781844,0.10295730521894352,0.5520507739964242
11.66 min | Geniposidic acid,Geniposidic acid,11.66,0.7895815631716105,0.4934317503143273,0.6984550572781879,2.4659879521101526,0.03624883395290309,0.5520507739964242
11.67 min | Procyanidin B2,Procyanidin B2,11.67,-0.6375306806339474,0.41792418264591175,0.6984550572781879,0.8475150831375984,0.29190182190411645,0.5741549006295235
11.67 min | (-)-Epigallocatechin 3-p-coumaroate,(-)-Epigallocatechin 3-p-coumaroate,11.67,-0.547650421755497,0.48458200313861766,0.6984550572781879,0.654855164801319,0.4214668351419375,0.6108250259161265
11.68 min | Procyanidin trimer C1,Procyanidin trimer C1,11.68,0.0,,,0.0,,
11.75 min | Hamamelitannin,Hamamelitannin,11.75,-5.426264754702098,0.5000000000000001,0.6984550572781879,2.1057946640225964,0.4906014589743046,0.6619083669525353
11.8 min | naringenin-7-O-glucuronide,naringenin-7-O-glucuronide,11.8,-4.199672344836364,0.5000000000000001,0.6984550572781879,-0.5734973142277019,0.7239050635052867,0.8266882446367749
11.82 min | Fulvic acid,Fulvic acid,11.82,0.0,,,-1.1067738394520523,0.5283906630965736,0.6865357559247733
11.83 min | 2-trans-O-Feruloylglucaric acid,2-trans-O-Feruloylglucaric acid,11.83,-1.4989431192369835,0.6337694257811337,0.7691758367857908,10.09695229034764,0.18770682698453514,0.5520507739964242
"11.83 min | Benzenebutanoic acid, 4-((3-(4-acetyl-3-hydroxy-2-propylphenoxy)propyl)thio)-gamma-hydroxy-beta-methyl-, (R*,S*)-","Benzenebutanoic acid, 4-((3-(4-acetyl-3-hydroxy-2-propylphenoxy)propyl)thio)-gamma-hydroxy-beta-methyl-, (R*,S*)-",11.83,-16.14391129232167,0.02389405088824381,0.667126772391967,3.4359391677035522,0.10242216723490552,0.5520507739964242
11.84 min | Gallocatechin-(4alpha->8)-gallocatechin-(4alpha->8)-gallocatechin,Gallocatechin-(4alpha->8)-gallocatechin-(4alpha->8)-gallocatechin,11.84,15.195545228148877,0.39599069145514654,0.6984550572781879,0.0,,
11.85 min | (+)-Chebulic acid,(+)-Chebulic acid,11.85,6.677485430461141,0.46317382841285093,0.6984550572781879,0.7689253355637513,0.4752425607872595,0.6531266477858427
11.85 min | [Gallocatechin(4alpha->8)]2catechin,[Gallocatechin(4alpha->8)]2catechin,11.85,7.849047677957526,0.17872948307775063,0.6984550572781879,1.4744014229433327,0.23504156221301728,0.5528789943033415
11.86 min | Laccaic acid D,Laccaic acid D,11.86,-0.8369335663745032,0.07867880725057888,0.6984550572781879,-1.4233588879521026,0.41990371125429493,0.6106185988289057
11.86 min | 3'-Methoxyfukiic acid,3'-Methoxyfukiic acid,11.86,-4.5854330266953784,0.3696466685342991,0.6984550572781879,2.2383731667031492,0.2593710335336497,0.5639937185814982
"11.86 min | Epigallocatechin-(4b,8)-epicatechin-3-O-gallate ester","Epigallocatechin-(4b,8)-epicatechin-3-O-gallate ester",11.86,13.87790717266689,0.5000000000000001,0.6984550572781879,-2.6663981447805525,0.04936072389915893,0.5520507739964242
11.92 min | Cinnamtannin B2,Cinnamtannin B2,11.92,-2.5078073741117017,0.12211826046605141,0.6984550572781879,-0.054987703587647915,0.9494293902814409,0.9724897849100671
11.93 min | Epicatechin-(4beta->8)-gallocatechin,Epicatechin-(4beta->8)-gallocatechin,11.93,4.936767632211788,0.07948606586443649,0.6984550572781879,0.6494481053719243,0.5294255066224328,0.6868468794673334
"11.96 min | 1-[5-(2-Cyclopropyl-5,7-dimethylimidazo[4,5-b]pyridin-3-ylmethyl)thiophen-2-yl]cyclopent-3-ene carboxylic acid","1-[5-(2-Cyclopropyl-5,7-dimethylimidazo[4,5-b]pyridin-3-ylmethyl)thiophen-2-yl]cyclopent-3-ene carboxylic acid",11.96,-2.3553073662227404,0.14455516437304483,0.6984550572781879,4.692769017480063,0.21427836962426172,0.5526955117883426
11.97 min | Procyanidin trimer C1,Procyanidin trimer C1,11.97,0.1952129131635656,0.9328815894119767,0.9573574931821561,9.89432415890358,0.193463964565235,0.5520507739964242
11.97 min | Procyanidin trimer C1,Procyanidin trimer C1,11.97,-12.215532999745657,0.5000000000000001,0.6984550572781879,13.126664146501392,0.19396286692273573,0.5520507739964242
11.98 min | Pavetannin B6,Pavetannin B6,11.98,-3.3174658193130266,0.05217863967740617,0.6984550572781879,1.834880034007033,0.1694457855296564,0.5520507739964242
"11.99 min | Epicatechin-(2beta->7,4beta->6)-catechin","Epicatechin-(2beta->7,4beta->6)-catechin",11.99,0.0,,,10.045418397030792,0.18698607519328414,0.5520507739964242
12.0 min | 2-trans-O-Feruloylglucaric acid,2-trans-O-Feruloylglucaric acid,12.0,6.94251450533924,0.5000000000000001,0.6984550572781879,15.136680774347973,0.2711608430894109,0.5693220546230021
12.01 min | 5-Hydroxy-6-methoxycoumarin 7-glucoside,5-Hydroxy-6-methoxycoumarin 7-glucoside,12.01,10.933321820732946,0.3546629383314595,0.6984550572781879,10.160263145687862,0.1831400883493876,0.5520507739964242
12.02 min | Genipinic acid,Genipinic acid,12.02,2.9239152653123486,0.45689360215513375,0.6984550572781879,1.8189962267285527,0.35812835432220197,0.5805399907272116
12.03 min | Vanilpyruvic acid,Vanilpyruvic acid,12.03,7.2208772989102155,0.14144674246222896,0.6984550572781879,5.656196545216317,0.2300790519168915,0.5528789943033415
12.06 min | Chenodeoxycholic acid disulfate,Chenodeoxycholic acid disulfate,12.06,-15.252055557962706,0.036089025473048424,0.6984550572781879,1.020345061737414,0.4554607334924093,0.6363871463501447
12.06 min | epigallocatechin,epigallocatechin,12.06,10.706899727700828,0.004691304439716148,0.5629295164231541,2.415772656360421,0.12357830821835737,0.5520507739964242
12.07 min | (-)-epicatechin-3'-O-glucuronide,(-)-epicatechin-3'-O-glucuronide,12.07,-0.6980151489754214,0.5564377203200365,0.7159428939080168,3.9061596497625732,0.026386130524545918,0.5520507739964242
"12.1 min | 4-Hydroxy-5-(3',4'-dihydroxyphenyl)-valeric acid-O-glucuronide","4-Hydroxy-5-(3',4'-dihydroxyphenyl)-valeric acid-O-glucuronide",12.1,-0.19144313249181147,0.8658833605605954,0.9139509025500812,-1.9065435275806866,0.05441307223241564,0.5520507739964242
12.1 min | 1-Salicylate glucuronide,1-Salicylate glucuronide,12.1,9.037546953962178,0.25951790121241347,0.6984550572781879,-1.5746501262850185,0.26946820626815765,0.5693220546230021
12.1 min | Gallocatechin-(4alpha->8)-catechin-(4alpha->8)-catechin,Gallocatechin-(4alpha->8)-catechin-(4alpha->8)-catechin,12.1,8.442908494412283,0.10416225094363399,0.6984550572781879,1.1885406796096596,0.41311070195028776,0.6056053499613994
12.11 min | 2-Glucosyloxy-4-methoxycinnamic acid,2-Glucosyloxy-4-methoxycinnamic acid,12.11,-0.544546237109961,0.6087304453268437,0.7521227253180949,-2.995492116142099,0.004245026667253653,0.5520507739964242
12.11 min | Cinnamtannin A2,Cinnamtannin A2,12.11,-1.6621154110219096,0.02384304801036479,0.667126772391967,1.57953109648061,0.010908725280338295,0.5520507739964242
12.11 min | Apigenin 6-C-glucoside 8-C-arabinoside,Apigenin 6-C-glucoside 8-C-arabinoside,12.11,14.193987293919182,0.0009681260085391192,0.5629295164231541,0.17286563021650986,0.7957061658540945,0.8732061715989913
12.11 min | Hamamelitannin,Hamamelitannin,12.11,0.0,,,0.0,,
12.11 min | Procyanidin B2,Procyanidin B2,12.11,2.1213547489168483,0.05144964216872143,0.6984550572781879,0.809489146692402,0.15862719992983368,0.5520507739964242
12.12 min | Hamamelitannin,Hamamelitannin,12.12,4.960266731896215,0.22212495386525896,0.6984550572781879,1.4143073239229484,0.39891795869784097,0.6033175915879234
12.12 min | (E)-Resveratrol 3-glucoside 4'-sulfate,(E)-Resveratrol 3-glucoside 4'-sulfate,12.12,10.539643506238036,0.18309031726366987,0.6984550572781879,-0.46491956542504,0.7791055943810958,0.8639818612370379
"12.12 min | 4-Hydroxy-5-(3',4',5'-trihydroxyphenyl)-valeric acid-O-methyl-O-glucuronide","4-Hydroxy-5-(3',4',5'-trihydroxyphenyl)-valeric acid-O-methyl-O-glucuronide",12.12,-1.6233343115936751,0.2719404691885227,0.6984550572781879,9.696590981540464,0.20255178039755664,0.5520507739964242
12.12 min | Caffeic acid 3-O-glucuronide,Caffeic acid 3-O-glucuronide,12.12,-6.89310282100688,0.5009508781738027,0.6984550572781879,9.152964500387748,0.026519579592222137,0.5520507739964242
"12.13 min | 3,4-di-O-galloylquinic acid","3,4-di-O-galloylquinic acid",12.13,0.0,,,0.0,,
"12.15 min | 4-Hydroxy-5-(3',4'-dihydroxyphenyl)-valeric acid-O-methyl-O-glucuronide","4-Hydroxy-5-(3',4'-dihydroxyphenyl)-valeric acid-O-methyl-O-glucuronide",12.15,13.363450361943528,0.42643225731273743,0.6984550572781879,-0.03060798593039617,0.9856302352540587,0.9943883986568629
12.15 min | Cinnamtannin A2,Cinnamtannin A2,12.15,-0.794306207942204,0.5966554356972268,0.7459555173237474,2.5714967631231045,0.1468425001280338,0.5520507739964242
12.16 min | [Epicatechin-(4beta->8)]2-epicatechin 3'''-gallate,[Epicatechin-(4beta->8)]2-epicatechin 3'''-gallate,12.16,-7.204571144249203,0.5000000000000001,0.6984550572781879,0.9110553132231224,0.6810135703262823,0.7958638399062491
12.16 min | 1-Salicylate glucuronide,1-Salicylate glucuronide,12.16,6.2384047393250786,0.5000000000000001,0.6984550572781879,0.0,,
12.18 min | Cinnamtannin A2,Cinnamtannin A2,12.18,-12.739938791346894,0.5000000000000001,0.6984550572781879,1.2956924778660677,0.09615271034026235,0.5520507739964242
"12.21 min | (5Z)-4-[2-[2-(3,4-dihydroxyphenyl)ethoxy]-2-oxoethyl]-5-ethylidene-6-[(2S,3R,4S,5S,6R)-3,4,5-trihydroxy-6-(hydroxymethyl)oxan-2-yl]oxy-4H-pyran-3-carboxylic acid","(5Z)-4-[2-[2-(3,4-dihydroxyphenyl)ethoxy]-2-oxoethyl]-5-ethylidene-6-[(2S,3R,4S,5S,6R)-3,4,5-trihydroxy-6-(hydroxymethyl)oxan-2-yl]oxy-4H-pyran-3-carboxylic acid",12.21,-12.712956821697551,0.06285944205759071,0.6984550572781879,0.04913949008451985,0.9128212012893636,0.9529138208079632
12.22 min | [Gallocatechin(4alpha->8)]2catechin,[Gallocatechin(4alpha->8)]2catechin,12.22,15.01227534485612,0.14943737487592246,0.6984550572781879,4.426264754702098,0.33918931530337376,0.5741549006295235
"12.23 min | 3-(4-Hydroxy-3-methoxyphenyl)-1,2-propanediol 2-O-(galloyl-glucoside)","3-(4-Hydroxy-3-methoxyphenyl)-1,2-propanediol 2-O-(galloyl-glucoside)",12.23,-9.009828617368107,0.5000000000000001,0.6984550572781879,4.198593219686717,0.09933442967742517,0.5520507739964242
12.23 min | 2-trans-O-Feruloylglucaric acid,2-trans-O-Feruloylglucaric acid,12.23,-11.274086905634414,0.5000000000000001,0.6984550572781879,11.023040554957591,0.09846903335108234,0.5520507739964242
12.24 min | 3-Hydroxysuberic acid.mol,3-Hydroxysuberic acid.mol,12.24,-1.1787743222406903,0.5529446657284762,0.7146550390219645,3.394191608707134,0.2887567371898503,0.5741549006295235
12.24 min | Quercetin 3-galactoside,Quercetin 3-galactoside,12.24,9.844705764411938,0.02459309585926878,0.667126772391967,1.1558345417771303,0.3660611414298666,0.586651731542327
12.24 min | 3-[7-[3-(4-Acetyl-3-hydroxy-2-propylphenoxy)-2-hydroxypropoxy]-4-oxo-8-propylchromen-2-yl]propanoic acid,3-[7-[3-(4-Acetyl-3-hydroxy-2-propylphenoxy)-2-hydroxypropoxy]-4-oxo-8-propylchromen-2-yl]propanoic acid,12.24,0.0,,,-5.0869786776358,0.0713525383085626,0.5520507739964242
"12.25 min | Benzoic acid + 2O, O-Hex","Benzoic acid + 2O, O-Hex",12.25,2.204629595156718,0.14481838823043755,0.6984550572781879,-1.1867902863269333,0.3443218588241133,0.5741549006295235
12.26 min | Phlorisobutyrophenone 2-glucoside,Phlorisobutyrophenone 2-glucoside,12.26,-0.015724352293016403,0.9931729190213138,0.9958871478670661,1.3561468914289305,0.14853524847484803,0.5520507739964242
"12.26 min | 4-[2-[2-[3-Acetamido-2,5-dihydroxy-6-(hydroxymethyl)oxan-4-yl]oxypropanoylamino]propanoylamino]-5-amino-5-oxopentanoic acid","4-[2-[2-[3-Acetamido-2,5-dihydroxy-6-(hydroxymethyl)oxan-4-yl]oxypropanoylamino]propanoylamino]-5-amino-5-oxopentanoic acid",12.26,10.057314877782703,0.5000000000000001,0.6984550572781879,1.8921572207040933,0.24462945605987801,0.5533572321373632
12.26 min | 3-Hydroxyphloretin 2'-O-xylosyl-glucoside,3-Hydroxyphloretin 2'-O-xylosyl-glucoside,12.26,-2.9740047914670558,0.11713719419728286,0.6984550572781879,0.9766035560437624,0.5101197416047253,0.6746744969610883
12.26 min | Catechin 7-sulfate,Catechin 7-sulfate,12.26,6.03342300153745,0.31268445813624135,0.6984550572781879,-9.250298417906333,0.03976989005078325,0.5520507739964242
12.27 min | 3-Methyl-3-butenyl apiosyl-(1->6)-glucoside,3-Methyl-3-butenyl apiosyl-(1->6)-glucoside,12.27,-18.336659098894035,0.4833564757552434,0.6984550572781879,-0.0684382547528963,0.9332506738720525,0.960960396455257
12.27 min | [Gallocatechin(4alpha->8)]2catechin,[Gallocatechin(4alpha->8)]2catechin,12.27,7.953325740250192,0.14663436967898277,0.6984550572781879,3.093246670388421,0.182784133854672,0.5520507739964242
"12.28 min | (E)-4-(1,2,3,6-Tetrahydro-2,6-dioxo-1,3-dipropyl-9H-purin-8-yl)cinnamic acid","(E)-4-(1,2,3,6-Tetrahydro-2,6-dioxo-1,3-dipropyl-9H-purin-8-yl)cinnamic acid",12.28,-1.6061512835117082,0.6224614016339969,0.7620599263803156,-10.454642017232603,0.22054141895190293,0.5526955117883426
12.28 min | trans-Caffeic acid [apiosyl-(1->6)-glucosyl] ester,trans-Caffeic acid [apiosyl-(1->6)-glucosyl] ester,12.28,-3.971295844167024,0.19012754938733234,0.6984550572781879,3.0942581695254736,0.36154546084911016,0.5838281941246948
12.29 min | Procyanidin trimer C1,Procyanidin trimer C1,12.29,14.35689896035919,0.5000000000000001,0.6984550572781879,0.0,,
12.31 min | dihydroquercetin,dihydroquercetin,12.31,-8.113742166049189,0.00230658328495916,0.5629295164231541,-1.4768255471494578,0.4232999298158979,0.6113411902233516
12.32 min | 4-Hydroxybenzoic acid,4-Hydroxybenzoic acid,12.32,0.10035591714112507,0.8698269222434348,0.9169097600089885,-1.105870413109971,0.18996882658763564,0.5520507739964242
"12.34 min | Benzoic acid + 1O, O-Hex","Benzoic acid + 1O, O-Hex",12.34,0.558327366668395,0.533062861312302,0.7030472612105407,-5.143458614956907,0.09724195600987864,0.5520507739964242
12.34 min | 4'-Methyl-(-)-epigallocatechin 3'-glucuronide,4'-Methyl-(-)-epigallocatechin 3'-glucuronide,12.34,4.1345636899243186,0.20993074001508555,0.6984550572781879,2.792910046977044,0.18337038280516335,0.5520507739964242
12.35 min | Todatriol glucoside,Todatriol glucoside,12.35,0.3979939419012759,0.4495749026982304,0.6984550572781879,-0.255505462172861,0.7222168731324363,0.826599358792033
12.36 min | Methyl salicylate O-[rhamnosyl-(1->6)-glucoside],Methyl salicylate O-[rhamnosyl-(1->6)-glucoside],12.36,-1.7532214849241257,0.3696415631285354,0.6984550572781879,3.6537862778365002,0.18410770997559892,0.5520507739964242
12.36 min | 4-(Phenylamino)benzoic acid,4-(Phenylamino)benzoic acid,12.36,0.0,,,1.445722109862762,0.5856241564915303,0.7263708025054612
"12.36 min | 2-[4-(3-Hydroxypropyl)-2-methoxyphenoxy]-1,3-propanediol 1-glucoside","2-[4-(3-Hydroxypropyl)-2-methoxyphenoxy]-1,3-propanediol 1-glucoside",12.36,-1.5083636772835207,0.07434920960837496,0.6984550572781879,3.9054555251913214,0.04684390073856189,0.5520507739964242
12.37 min | ent-Epicatechin-(4alpha->8)-ent-epicatechin 3-gallate,ent-Epicatechin-(4alpha->8)-ent-epicatechin 3-gallate,12.37,0.0,,,0.7679884291756867,0.4886590743612399,0.6614752238982495
12.38 min | Mono-trans-p-coumaroylmesotartaric acid,Mono-trans-p-coumaroylmesotartaric acid,12.38,-2.0764981374740437,0.5113615022842677,0.6991740586865873,9.194841746301462,0.2458991689226927,0.5533572321373632
"12.4 min | Epicatechin-(2beta->7,4beta->6)-catechin","Epicatechin-(2beta->7,4beta->6)-catechin",12.4,-13.159319501287046,0.029313535510418827,0.667126772391967,0.510588251936173,0.5446862991717509,0.6948634205509977
12.41 min | 2-O-p-Coumaroylhydroxycitric acid,2-O-p-Coumaroylhydroxycitric acid,12.41,-4.69346837193625,0.49791120296113517,0.6984550572781879,10.988403022084539,0.22893130387128868,0.5528789943033415
12.44 min | Methyl 7-epi-12-hydroxyjasmonate glucoside,Methyl 7-epi-12-hydroxyjasmonate glucoside,12.44,4.234531229035809,0.4644496131562403,0.6984550572781879,-0.7285173274215616,0.4538089379657692,0.6361082549263773
12.45 min | Hamamelitannin,Hamamelitannin,12.45,9.449148645375436,0.5000000000000001,0.6984550572781879,1.2131226908434147,0.4903714421949814,0.6619083669525353
12.47 min | 5-(4-Carboxybutylperoxy)pentanoic acid,5-(4-Carboxybutylperoxy)pentanoic acid,12.47,-1.1214802616197745,0.6881174775365628,0.8093065521886207,5.308841236763177,0.1850233418900035,0.5520507739964242
12.48 min | Hamamelitannin,Hamamelitannin,12.48,6.940313597145969,0.30345143980543204,0.6984550572781879,-5.835699547751566,0.1246535977609783,0.5520507739964242
12.49 min | (E)-Resveratrol 3-glucoside 4'-sulfate,(E)-Resveratrol 3-glucoside 4'-sulfate,12.49,-0.009781020792585447,0.9957000601499345,0.9958871478670661,-0.18455366558884811,0.9163597468986978,0.9545144576023133
12.51 min | Phenylpyruvic acid,Phenylpyruvic acid,12.51,-0.5898779911352726,0.7921710931170084,0.8667117284939866,-4.300244139203295,0.14968971155683963,0.5520507739964242
12.51 min | Quinic acid,Quinic acid,12.51,-6.807354922057605,0.5000000000000001,0.6984550572781879,-7.781459352320969,0.13191893479039818,0.5520507739964242
12.53 min | Phloroacetophenone 6'-[xylosyl-(1->6)-glucoside],Phloroacetophenone 6'-[xylosyl-(1->6)-glucoside],12.53,9.085472459181283,0.40232388577519806,0.6984550572781879,5.652065343168103,0.2863409087905637,0.5730105492273002
12.54 min | Cinnamtannin II,Cinnamtannin II,12.54,-2.1302756467595243,0.13998837187101584,0.6984550572781879,1.2843347419057485,0.0623921614831427,0.5520507739964242
12.55 min | Cinnamtannin II,Cinnamtannin II,12.55,-2.3891800145512576,0.11482055656239898,0.6984550572781879,1.6574218862499353,0.017198865946447067,0.5520507739964242
12.58 min | (-)-epicatechin-3'-O-glucuronide,(-)-epicatechin-3'-O-glucuronide,12.58,-1.80803882585846,0.6029867518073408,0.7484033211461919,2.1346505596788865,0.30000076047099516,0.5741549006295235
"12.59 min | Quercetin-3,4'-O-di-beta-glucoside","Quercetin-3,4'-O-di-beta-glucoside",12.59,-1.0043487449382504,0.710436920722503,0.824451507277549,1.998677499781765,0.29540518315339886,0.5741549006295235
12.6 min | Procyanidin trimer C1,Procyanidin trimer C1,12.6,-1.53904805805567,0.06076332166629084,0.6984550572781879,1.7749453437861364,0.18339607140505543,0.5520507739964242
12.6 min | 2-Hydroxybenzaldehyde O-[xylosyl-(1->6)-glucoside],2-Hydroxybenzaldehyde O-[xylosyl-(1->6)-glucoside],12.6,3.1792008907583087,0.061566829938987974,0.6984550572781879,3.0271492638108066,0.17201014962065586,0.5520507739964242
12.61 min | Glucocaffeic acid,Glucocaffeic acid,12.61,-1.5386056356467794,0.3625216114890507,0.6984550572781879,-2.3989143710697216,0.06477742854698733,0.5520507739964242
12.64 min | 1-Hexanol arabinosylglucoside,1-Hexanol arabinosylglucoside,12.64,-0.7514512983930499,0.7326445632168183,0.837920139552067,2.9580451454870316,0.38317515412132835,0.598671447280827
12.68 min | Cinnamtannin A2,Cinnamtannin A2,12.68,-2.1546380937111023,0.06338904480910182,0.6984550572781879,0.605771139003825,0.489531031287711,0.6616738115207523
12.68 min | Methyl salicylate O-[rhamnosyl-(1->6)-glucoside],Methyl salicylate O-[rhamnosyl-(1->6)-glucoside],12.68,-5.954449215119031,0.06963342858757642,0.6984550572781879,1.3817082388882034,0.28889575456152555,0.5741549006295235
12.68 min | Cinnamtannin A2,Cinnamtannin A2,12.68,-0.9908177024410657,0.7064561031875057,0.8229918781624139,2.2147047936502373,0.37991259936543353,0.598671447280827
12.68 min | Epigallocatechin gallate,Epigallocatechin gallate,12.68,0.0,,,0.6808411506639818,0.679341096068253,0.7945383976202389
12.69 min | Cinnamtannin A2,Cinnamtannin A2,12.69,-2.413336060622862,0.10267328501774958,0.6984550572781879,0.39505821954059084,0.6531549167420729,0.7743426964749395
"12.71 min | (1xi,3xi)-1,2,3,4-Tetrahydro-1-methyl-beta-carboline-3-carboxylic acid","(1xi,3xi)-1,2,3,4-Tetrahydro-1-methyl-beta-carboline-3-carboxylic acid",12.71,2.676302812259582,0.5514298839977863,0.7146550390219645,-2.823997071968605,0.07932566243610575,0.5520507739964242
12.72 min | 4-Methoxycinnamic acid,4-Methoxycinnamic acid,12.72,0.9362240895666853,0.3588318757901553,0.6984550572781879,1.0495863645839916,0.38425895520660586,0.598671447280827
12.72 min | Phlorisobutyrophenone 2-glucoside,Phlorisobutyrophenone 2-glucoside,12.72,5.053534524200302,0.21822844368287958,0.6984550572781879,1.7324608400306547,0.31761485902252723,0.5741549006295235
12.73 min | 3'-Methoxyfukiic acid,3'-Methoxyfukiic acid,12.73,1.848742292797772,0.16754625560311792,0.6984550572781879,7.0363189649329225,0.29852792163852326,0.5741549006295235
"12.73 min | 4-Hydroxy-5-(3',4',5'-trihydroxyphenyl)-valeric acid-O-methyl-O-glucuronide","4-Hydroxy-5-(3',4',5'-trihydroxyphenyl)-valeric acid-O-methyl-O-glucuronide",12.73,-8.972979786066292,0.5000000000000001,0.6984550572781879,-11.779354577634283,0.2535775863240147,0.5580884213511693
12.74 min | Lucuminic acid,Lucuminic acid,12.74,-2.417186460740147,0.4259442124700619,0.6984550572781879,2.0048367545277386,0.34383672455792813,0.5741549006295235
12.75 min | Ethyl (S)-3-hydroxybutyrate glucoside,Ethyl (S)-3-hydroxybutyrate glucoside,12.75,1.7061287027274354,0.357281550689174,0.6984550572781879,2.287796294834997,0.2068628868858867,0.5520507739964242
12.79 min | D-(-)-quinic acid,D-(-)-quinic acid,12.79,9.562923235839078,0.24138276237921896,0.6984550572781879,-0.34232086090879765,0.7955911892645331,0.8732061715989913
12.8 min | Peonidin 3-(6''-malonyl-glucoside) 5-glucoside,Peonidin 3-(6''-malonyl-glucoside) 5-glucoside,12.8,-8.24436383512051,0.5000000000000001,0.6984550572781879,1.1209081812340014,0.6337674656409388,0.7657795942510739
12.81 min | EPICATECHIN,EPICATECHIN,12.81,-0.07098694399460355,0.8970208242065438,0.9345673579442606,1.0195262020685627,0.2289796948733154,0.5528789943033415
12.81 min | Epicatechin,Epicatechin,12.81,-0.2381131342416662,0.6470119935776654,0.7769819466735298,0.6809809263978239,0.27373418054512255,0.5703302126201133
12.81 min | 4-Hydroxybenzoic acid,4-Hydroxybenzoic acid,12.81,0.38647273216671846,0.47829519107138113,0.6984550572781879,-1.0706201137834488,0.3211995271334405,0.5741549006295235
12.81 min | 6-Methylcoumarin,6-Methylcoumarin,12.81,-0.14939702566197222,0.7674364052508619,0.8558166844553544,1.0899873949906835,0.1849452415361869,0.5520507739964242
12.81 min | 4-Hydroxyphenylpyruvic acid,4-Hydroxyphenylpyruvic acid,12.81,-0.0056388865976422925,0.991755722110703,0.9958871478670661,0.7446897872398323,0.32695301702696683,0.5741549006295235
12.81 min | Phenylpyruvic acid,Phenylpyruvic acid,12.81,10.564149489985732,0.13470224412561949,0.6984550572781879,3.039528364186637,0.4441079894942889,0.6254803363488268
12.81 min | Pyrroline hydroxycarboxylic acid,Pyrroline hydroxycarboxylic acid,12.81,-0.04278441168802394,0.9438503038867017,0.9646132450748128,0.45965116664803446,0.5672919165829023,0.7114043066069361
12.82 min | Monoisobutyl phthalic acid,Monoisobutyl phthalic acid,12.82,-0.08659832509774534,0.8796522602068265,0.9241624117599045,0.9449512008798693,0.28204157767990823,0.5708973539169944
12.83 min | 2-trans-O-Feruloylglucaric acid,2-trans-O-Feruloylglucaric acid,12.83,-2.9546939630447553,0.5212390494900636,0.6997294505849944,8.081394355204779,0.09792274131320082,0.5520507739964242
12.84 min | 2-Keto-6-aminocaproic acid.mol,2-Keto-6-aminocaproic acid.mol,12.84,3.208792336961766,0.2458232116585772,0.6984550572781879,1.32827455789421,0.40254131986690933,0.6033175915879234
12.88 min | 5-Hydroxy-6-methoxycoumarin 7-glucoside,5-Hydroxy-6-methoxycoumarin 7-glucoside,12.88,-1.0696175236515708,0.6908299115287266,0.8104253589945657,12.087159092476384,0.1823250613236256,0.5520507739964242
12.9 min | Cinnamtannin II,Cinnamtannin II,12.9,-2.3682730939009677,0.026056058083855364,0.667126772391967,0.7835728281634421,0.4888996648485302,0.6614752238982495
12.9 min | Cinnamtannin II,Cinnamtannin II,12.9,-3.0301825772125346,0.11370145101256615,0.6984550572781879,0.4361170366273204,0.6720586233082103,0.790405201595951
12.91 min | Acaciabiuronic acid,Acaciabiuronic acid,12.91,3.4194269939692554,0.33428272059124015,0.6984550572781879,5.094409657065569,0.18506161406474358,0.5520507739964242
12.93 min | Gallocatechin-(4alpha->8)-catechin-(4alpha->8)-catechin,Gallocatechin-(4alpha->8)-catechin-(4alpha->8)-catechin,12.93,16.500600725721007,0.008321218536411124,0.6002522535904419,-0.3007709856899775,0.866924303712531,0.9218878042360921
12.94 min | Lignosulfonic acid,Lignosulfonic acid,12.94,-5.873444112515377,0.5000000000000001,0.6984550572781879,-5.89616418901546,0.04403314173845351,0.5520507739964242
"12.94 min | Catechin 3',4'-diglucoside","Catechin 3',4'-diglucoside",12.94,0.6540353280029022,0.7742976288250839,0.860322417378803,1.6322226812219343,0.4037839257920797,0.6033175915879234
12.95 min | Epifisetinidol-(4beta->8)-catechin,Epifisetinidol-(4beta->8)-catechin,12.95,0.11594359897509426,0.9039153314040254,0.9398373996264611,-0.44333376907829447,0.49996720905022923,0.6696475504157335
12.95 min | Gentisic acid,Gentisic acid,12.95,-0.1496671851588218,0.9483558242765486,0.9674360085205626,-0.015698817512207607,0.9887148767016978,0.9947806121415854
12.95 min | Phlorisobutyrophenone 2-glucoside,Phlorisobutyrophenone 2-glucoside,12.95,0.6905234160997843,0.7686017545282199,0.8558166844553544,0.0,,
12.95 min | Phloroacetophenone 6'-[xylosyl-(1->6)-glucoside],Phloroacetophenone 6'-[xylosyl-(1->6)-glucoside],12.95,-13.058921866415917,0.1278166991105001,0.6984550572781879,0.9366620445453594,0.5561724318575995,0.702567631609004
12.95 min | Epigallocatechin gallate,Epigallocatechin gallate,12.95,-10.252665432450248,0.1275228233371605,0.6984550572781879,-0.6114347120823472,0.47792094906218735,0.6531586303849894
12.95 min | GALLIC ACID,GALLIC ACID,12.95,-0.7817306067189908,0.7583341988289745,0.8508478854346502,2.6033454072974775,0.11164340674319853,0.5520507739964242
12.98 min | epigallocatechin,epigallocatechin,12.98,2.3717828191438737,0.5670698996250768,0.7241778848756811,3.3302274181058493,0.23557693375837058,0.5528789943033415
"12.98 min | NCGC00381310-01!(2S,3S,4S,5R,6S)-5-[(2S,3R,4R,5S,6S)-4-acetyloxy-3,5-dihydroxy-6-methyloxan-2-yl]oxy-6-[2-(3,4-dihydroxyphenyl)-5-hydroxy-4-oxochromen-7-yl]oxy-3,4-dihydroxyoxane-2-carboxylic acid","NCGC00381310-01!(2S,3S,4S,5R,6S)-5-[(2S,3R,4R,5S,6S)-4-acetyloxy-3,5-dihydroxy-6-methyloxan-2-yl]oxy-6-[2-(3,4-dihydroxyphenyl)-5-hydroxy-4-oxochromen-7-yl]oxy-3,4-dihydroxyoxane-2-carboxylic acid",12.98,-0.2756173603033244,0.7087533208374899,0.8236700307525667,-0.2790177372751478,0.7283383431409541,0.8307785119598519
12.98 min | Luteolin,Luteolin,12.98,0.018107733452499622,0.9924137985856538,0.9958871478670661,-0.40383639455827186,0.7582448003841761,0.8510793348798813
"12.99 min | 3-(4-Hydroxy-3-methoxyphenyl)-1,2-propanediol 2-O-(galloyl-glucoside)","3-(4-Hydroxy-3-methoxyphenyl)-1,2-propanediol 2-O-(galloyl-glucoside)",12.99,13.482177711187445,0.327332012651715,0.6984550572781879,-3.586200054952978,0.16009622953520625,0.5520507739964242
13.05 min | Epicatechin-(4beta->8)-gallocatechin,Epicatechin-(4beta->8)-gallocatechin,13.05,17.05253488465372,0.28277394508044684,0.6984550572781879,1.0453718388570354,0.317532674911304,0.5741549006295235
13.06 min | Phenylpyruvic acid,Phenylpyruvic acid,13.06,0.36310765301073633,0.11487687561761892,0.6984550572781879,1.2856802654058423,0.33902994839948125,0.5741549006295235
13.07 min | trans-o-Coumaric acid 2-glucoside,trans-o-Coumaric acid 2-glucoside,13.07,2.098282014124531,0.2928305236874475,0.6984550572781879,1.8140366129181595,0.3053429298594599,0.5741549006295235
13.07 min | Methyl 7-epi-12-hydroxyjasmonate glucoside,Methyl 7-epi-12-hydroxyjasmonate glucoside,13.07,11.81478271506211,0.3707103343789297,0.6984550572781879,5.717128026199244,0.3554885977809076,0.5797802987012372
13.08 min | Cinnamtannin B2,Cinnamtannin B2,13.08,-13.211888294546004,0.07871256247569451,0.6984550572781879,0.7110535004658495,0.4325138989172044,0.6147414011158052
13.12 min | Caffeic acid 3-O-glucuronide,Caffeic acid 3-O-glucuronide,13.12,-4.024115869893718,0.5012841377375927,0.6984550572781879,9.131187236022804,0.02660339913401435,0.5520507739964242
13.12 min | Lucuminic acid,Lucuminic acid,13.12,2.2284648399957963,0.29364379458268763,0.6984550572781879,1.6114507231316666,0.11606084551506896,0.5520507739964242
13.12 min | Kaempferol 3-O-feruloyl-sophoroside 7-O-glucoside,Kaempferol 3-O-feruloyl-sophoroside 7-O-glucoside,13.12,0.0,,,-11.927736816873194,0.0481554754141156,0.5520507739964242
13.13 min | Caftaric acid,Caftaric acid,13.13,14.0695756369113,0.08460927223718015,0.6984550572781879,3.055306275592421,0.239351127717273,0.553339190742775
13.13 min | [Epicatechin-(4beta->8)]2-epicatechin 3'''-gallate,[Epicatechin-(4beta->8)]2-epicatechin 3'''-gallate,13.13,-7.861086905995394,0.5000000000000001,0.6984550572781879,0.8307876165227269,0.41641646270724153,0.6085452464909787
13.13 min | Homogentisic acid,Homogentisic acid,13.13,-0.2970134304518479,0.898884627718909,0.9357970002640201,0.0,,
13.14 min | Ethyl (S)-3-hydroxybutyrate glucoside,Ethyl (S)-3-hydroxybutyrate glucoside,13.14,1.8055750679357243,0.34436727852021337,0.6984550572781879,0.9942672470839943,0.3809884929867846,0.598671447280827
13.14 min | 3-Methyl-3-butenyl apiosyl-(1->6)-glucoside,3-Methyl-3-butenyl apiosyl-(1->6)-glucoside,13.14,-0.25275408682964823,0.8472064163355356,0.9025698709172771,0.025431565062443737,0.9718360433447311,0.9851854395445213
"13.15 min | Epicatechin-(4beta->6)-epicatechin-(2beta->7,4beta->8)-epicatechin","Epicatechin-(4beta->6)-epicatechin-(2beta->7,4beta->8)-epicatechin",13.15,-4.932666719382893,0.07755018273679877,0.6984550572781879,1.1400205735199083,0.24857649770116852,0.5542279616418803
13.18 min | Caffeic Acid,Caffeic Acid,13.18,12.62924276654675,0.12316111333051544,0.6984550572781879,-11.546130799538087,0.20156767885306176,0.5520507739964242
13.2 min | Phlorisobutyrophenone 2-glucoside,Phlorisobutyrophenone 2-glucoside,13.2,12.041402482392792,0.5000000000000001,0.6984550572781879,5.667116977635481,0.14683333696754908,0.5520507739964242
13.21 min | 5-O-Feruloylquinic acid,5-O-Feruloylquinic acid,13.21,0.8708713728075367,0.7368281153402115,0.841062647887776,-6.900558611473044,0.16869798132839314,0.5520507739964242
13.23 min | Cinnamtannin II,Cinnamtannin II,13.23,-2.7139854767592766,0.09019197457429316,0.6984550572781879,0.6708938852930911,0.4855804721324408,0.6601578458227194
13.23 min | Gentisic acid,Gentisic acid,13.23,-0.39972349255987166,0.8490382188199243,0.903133893989492,-4.095853585020463,0.18029123704733682,0.5520507739964242
13.24 min | Cinnamtannin II,Cinnamtannin II,13.24,-3.11828380461765,0.17486776330829593,0.6984550572781879,0.5193870113816536,0.5767581722968551,0.7181947348528785
13.25 min | 2-trans-O-Feruloylglucaric acid,2-trans-O-Feruloylglucaric acid,13.25,-1.7731180818150791,0.5962807301028241,0.7459555173237474,11.533591980571758,0.18892951777698583,0.5520507739964242
"13.26 min | Benzoic acid + 1O, O-Hex","Benzoic acid + 1O, O-Hex",13.26,7.111135670234707,0.5000000000000001,0.6984550572781879,1.4115857564835392,0.5709691237498803,0.7145821894686487
13.26 min | Procyanidin trimer C1,Procyanidin trimer C1,13.26,-7.328599295221218,0.04370177442892214,0.6984550572781879,3.907632280060516,0.11878249942215624,0.5520507739964242
13.26 min | Procyanidin trimer C1,Procyanidin trimer C1,13.26,-3.061071099524277,0.25897477996032414,0.6984550572781879,2.5833924337681906,0.07646124971586235,0.5520507739964242
13.29 min | Cinnamtannin III,Cinnamtannin III,13.29,-13.90566904764538,0.1423592720466836,0.6984550572781879,1.059059061434249,0.17437074783607232,0.5520507739964242
13.29 min | ent-Epicatechin-(4alpha->8)-ent-epicatechin 3-gallate,ent-Epicatechin-(4alpha->8)-ent-epicatechin 3-gallate,13.29,0.0,,,-1.091046200549119,0.5962752767803403,0.73403028234177
13.29 min | Epicatechin-(4beta->8)-gallocatechin,Epicatechin-(4beta->8)-gallocatechin,13.29,5.9150464692074305,0.02906985942913169,0.667126772391967,1.3240398275218883,0.010570808723742442,0.5520507739964242
13.31 min | Cinnamtannin A2,Cinnamtannin A2,13.31,-3.235593853660763,0.0051885398126610745,0.5629295164231541,3.006941334308244,0.13984332256642582,0.5520507739964242
13.32 min | Cinnamtannin III,Cinnamtannin III,13.32,-2.629309354879424,0.043047887982025114,0.6984550572781879,1.0500923240134699,0.13773278770064248,0.5520507739964242
13.33 min | Caffeoylmalic acid,Caffeoylmalic acid,13.33,5.186782833078489,0.11862121327118055,0.6984550572781879,5.648094806457417,0.1886872062669529,0.5520507739964242
"13.33 min | Benzoic acid + 1O, 1MeO, O-Hex","Benzoic acid + 1O, 1MeO, O-Hex",13.33,-1.1445203253935599,0.24775584140975457,0.6984550572781879,0.6233610087278838,0.47746470227053484,0.6531586303849894
13.34 min | 7-DESHYDROXYPYROGALLIN-4-CARBOXYLIC ACID,7-DESHYDROXYPYROGALLIN-4-CARBOXYLIC ACID,13.34,0.38672321768442974,0.8309727983334854,0.8909859868110068,0.4514150822276451,0.6831947901170162,0.7972360445988895
13.34 min | Furaneol 4-(6-malonylglucoside),Furaneol 4-(6-malonylglucoside),13.34,-9.451211111832329,0.5000000000000001,0.6984550572781879,1.278390001193092,0.3524248505144543,0.577976754843705
"13.34 min | 3-Pyrrolidinecarboxylic acid, 4-(1,3-benzodioxol-5-yl)-1-(2-((2,6-diethylphenyl)amino)-2-oxoethyl)-2-(4-propoxyphenyl)-, (2R,3R,4S)-","3-Pyrrolidinecarboxylic acid, 4-(1,3-benzodioxol-5-yl)-1-(2-((2,6-diethylphenyl)amino)-2-oxoethyl)-2-(4-propoxyphenyl)-, (2R,3R,4S)-",13.34,2.755271199696273,0.505311821180931,0.6991740586865873,-1.1200076634410097,0.26034072306004313,0.5639937185814982
13.35 min | Dihydrocaffeic acid 3-O-glucuronide,Dihydrocaffeic acid 3-O-glucuronide,13.35,10.62067804213541,0.3429696890000752,0.6984550572781879,-1.6664725268164768,0.29567199108113834,0.5741549006295235
13.39 min | Caffeic acid 3-O-sulfate,Caffeic acid 3-O-sulfate,13.39,6.046276434185262,0.2628021417706342,0.6984550572781879,-3.19779551195914,0.021358595921482596,0.5520507739964242
13.39 min | Cinnamtannin A2,Cinnamtannin A2,13.39,-14.174652655335036,0.06158764969838958,0.6984550572781879,2.503230839517239,0.15315348992294234,0.5520507739964242
13.4 min | Pavetannin B6,Pavetannin B6,13.4,-11.461223627613371,0.5000000000000001,0.6984550572781879,2.452281215212459,0.4767447936435951,0.6531586303849894
13.4 min | Cinnamtannin A2,Cinnamtannin A2,13.4,-3.699149200063161,0.012793244755260896,0.6007825812578725,4.196901488444195,0.24698531955449862,0.5539382323860181
13.43 min | Procyanidin B2,Procyanidin B2,13.43,-4.69507098200828,0.001704840304878112,0.5629295164231541,3.8907980455114015,0.11883552203310277,0.5520507739964242
13.44 min | Apigenin 6-C-glucoside 8-C-arabinoside,Apigenin 6-C-glucoside 8-C-arabinoside,13.44,-3.882019738156638,0.046221261451002464,0.6984550572781879,2.881470960786255,0.06854521921195575,0.5520507739964242
13.44 min | 5-Hydroxy-6-methoxycoumarin 7-glucoside,5-Hydroxy-6-methoxycoumarin 7-glucoside,13.44,0.0,,,18.46840429231217,0.19410947313873286,0.5520507739964242
"13.47 min | LUTEOLIN-3',7-DIGLUCOSIDE","LUTEOLIN-3',7-DIGLUCOSIDE",13.47,-0.8341911070299195,0.5740526759170113,0.729014947430787,0.43737051277607053,0.2765671976010835,0.5708973539169944
"13.48 min | trans-p-Menthane-1,7,8-triol 8-glucoside","trans-p-Menthane-1,7,8-triol 8-glucoside",13.48,-0.45200516296665266,0.7520455250032031,0.848064517075276,4.016636135544339,0.19754983770248496,0.5520507739964242
13.5 min | 2-O-Acetyl-trans-coutaric acid,2-O-Acetyl-trans-coutaric acid,13.5,-4.9761228979820595,0.509975818525277,0.6991740586865873,5.464073088551877,0.21715849159112177,0.5526955117883426
13.5 min | 1-Hexanol arabinosylglucoside,1-Hexanol arabinosylglucoside,13.5,-0.15015525572809077,0.9195792022724175,0.9477388454974512,3.8232685467545084,0.18978937030873846,0.5520507739964242
"13.51 min | Epicatechin-(4beta->6)-epicatechin-(2beta->7,4beta->8)-epicatechin","Epicatechin-(4beta->6)-epicatechin-(2beta->7,4beta->8)-epicatechin",13.51,-4.6484198789607065,0.00519104225637886,0.5629295164231541,6.249187541559085,0.09193987344172538,0.5520507739964242
"13.52 min | 3-(4-Hydroxy-3-methoxyphenyl)-1,2-propanediol 2-O-(galloyl-glucoside)","3-(4-Hydroxy-3-methoxyphenyl)-1,2-propanediol 2-O-(galloyl-glucoside)",13.52,0.8255022687678635,0.7379794660828013,0.8412105654182805,5.0872425575780325,0.3528617622579588,0.5780510112017172
13.52 min | Cinnamtannin A2,Cinnamtannin A2,13.52,13.014238462645608,0.5000000000000001,0.6984550572781879,5.356685672890845,0.20268516202823494,0.5520507739964242
13.53 min | 3'-O-methyl-(-)-epicatechin,3'-O-methyl-(-)-epicatechin,13.53,2.8164859338097323,0.5452705499894911,0.7109289361291555,4.501624653072319,0.3623215622074664,0.5838281941246948
"13.54 min | QUERCETIN, DIHYDRO-","QUERCETIN, DIHYDRO-",13.54,9.90048948483465,0.5000000000000001,0.6984550572781879,0.970328250834445,0.6642281344747129,0.7830676729110833
13.54 min | 3-Methyl-3-butenyl apiosyl-(1->6)-glucoside,3-Methyl-3-butenyl apiosyl-(1->6)-glucoside,13.54,-3.8935815655026325,0.16698114340865233,0.6984550572781879,-0.42816994022878424,0.7223722217315041,0.826599358792033
13.56 min | Naringenin,Naringenin,13.56,2.0331668639351994,0.14555887598478806,0.6984550572781879,8.07011756401468,0.3394443272181185,0.5741549006295235
13.56 min | Phenethyl 6-galloylglucoside,Phenethyl 6-galloylglucoside,13.56,0.3856886843128567,0.8573258183634604,0.9077177458156049,9.713510776826139,0.350785924115844,0.577001818952719
13.61 min | GALLIC ACID,GALLIC ACID,13.61,-8.321364432039447,0.13112745111449334,0.6984550572781879,-0.9227242865233621,0.465549984243258,0.6448140565215661
"13.61 min | Quercetin 3-(3'',6''-di-p-coumarylglucoside)","Quercetin 3-(3'',6''-di-p-coumarylglucoside)",13.61,4.902247968783432,0.5106957708719181,0.6991740586865873,3.577632958922667,0.17442623593049103,0.5520507739964242
13.62 min | Hydroxyferulic acid,Hydroxyferulic acid,13.62,-0.225660135170359,0.8538510416793412,0.9053951707426264,1.457000792382535,0.26117456572673253,0.5639937185814982
13.63 min | Geniposidic acid,Geniposidic acid,13.63,0.43010030603456467,0.7688621899841233,0.8558166844553544,-0.2435171023802342,0.6626040532156258,0.7820929582328298
13.64 min | N-[4'-hydroxy-(E)-cinnamoyl]-L-aspartic acid,N-[4'-hydroxy-(E)-cinnamoyl]-L-aspartic acid,13.64,-4.022254433717548,0.33498385891981575,0.6984550572781879,3.6921905000079556,0.1916891258113196,0.5520507739964242
13.65 min | 5-Hydroxy-6-methoxycoumarin 7-glucoside,5-Hydroxy-6-methoxycoumarin 7-glucoside,13.65,-5.147780236302144,0.5090755478453267,0.6991740586865873,10.823828385979805,0.18220169027689598,0.5520507739964242
13.65 min | Methyl salicylate O-[rhamnosyl-(1->6)-glucoside],Methyl salicylate O-[rhamnosyl-(1->6)-glucoside],13.65,0.6035286128107876,0.5523146885369001,0.7146550390219645,8.284608207998545,0.3750193121389732,0.5952395652362108
13.66 min | D-Malic acid p-coumarate,D-Malic acid p-coumarate,13.66,6.584962500721156,0.5000000000000001,0.6984550572781879,-0.027376438931305157,0.9882144866181015,0.9947806121415854
13.66 min | Cinnamtannin B2,Cinnamtannin B2,13.66,-4.982242759631868,0.06109859455816459,0.6984550572781879,1.2011119870449007,0.05608005933885476,0.5520507739964242
13.66 min | beta-D-Glucopyranosyl-11-hydroxyjasmonic acid,beta-D-Glucopyranosyl-11-hydroxyjasmonic acid,13.66,-13.61171646094388,0.16220153758720288,0.6984550572781879,0.8550516640889004,0.4248421823038099,0.612370176836351
13.67 min | (-)-epicatechin-3'-O-glucuronide,(-)-epicatechin-3'-O-glucuronide,13.67,2.228804535949713,0.018612914267029827,0.6066923721800912,0.3829446418640433,0.4956837309201745,0.665722644984693
13.7 min | 4'-Methyl-(-)-epigallocatechin 3'-glucuronide,4'-Methyl-(-)-epigallocatechin 3'-glucuronide,13.7,3.2805046745485473,0.4191670235781611,0.6984550572781879,-2.6980897343091335,0.05465618006529833,0.5520507739964242
13.71 min | Cinnamtannin III,Cinnamtannin III,13.71,-14.47192918764169,0.23639113874096596,0.6984550572781879,1.1507251354018777,0.3133980751198005,0.5741549006295235
13.71 min | Pavetannin B6,Pavetannin B6,13.71,0.0,,,14.444125177023635,0.18902929344700967,0.5520507739964242
13.73 min | 1-Octen-3-yl glucoside,1-Octen-3-yl glucoside,13.73,2.6677211298740904,0.22807369867268462,0.6984550572781879,-5.793444027282781,0.06371760753534772,0.5520507739964242
13.73 min | Cinnamtannin III,Cinnamtannin III,13.73,-2.190245854655666,0.5775853167286873,0.7328214074157302,2.4515888356825934,0.313039242055494,0.5741549006295235
13.73 min | (7'R)-(+)-Lyoniresinol 9'-glucoside,(7'R)-(+)-Lyoniresinol 9'-glucoside,13.73,2.26006334785554,0.47182430289368393,0.6984550572781879,3.1878363847711246,0.10308319178948573,0.5520507739964242
13.74 min | Kaempferol 3-[2''-glucosyl-6''-acetyl-galactoside] 7-glucoside,Kaempferol 3-[2''-glucosyl-6''-acetyl-galactoside] 7-glucoside,13.74,0.0,,,-11.600945329915222,0.16791485189969999,0.5520507739964242
13.74 min | Valproic acid glucuronide,Valproic acid glucuronide,13.74,-0.7598421058503573,0.5372526618803807,0.7038286450690537,1.0820121690872868,0.349490545169905,0.5763665303584132
13.75 min | Epigallocatechin-3-gallate,Epigallocatechin-3-gallate,13.75,3.116723606301683,0.15743944733184925,0.6984550572781879,0.0,,
13.75 min | Gallocatechin-(4alpha->8)-catechin-(4alpha->8)-catechin,Gallocatechin-(4alpha->8)-catechin-(4alpha->8)-catechin,13.75,6.918727564215591,0.030738771493719595,0.667126772391967,-0.052665693060876935,0.9774555732461796,0.9888447060393153
"13.76 min | NCGC00380654-01_C21H28O13_(2E)-3-[4-({2-O-[(2S,3R,4R)-3,4-Dihydroxy-4-(hydroxymethyl)tetrahydro-2-furanyl]-beta-D-glucopyranosyl}oxy)-3-methoxyphenyl]acrylic acid","NCGC00380654-01_C21H28O13_(2E)-3-[4-({2-O-[(2S,3R,4R)-3,4-Dihydroxy-4-(hydroxymethyl)tetrahydro-2-furanyl]-beta-D-glucopyranosyl}oxy)-3-methoxyphenyl]acrylic acid",13.76,-1.9410353448154865,0.15992706793010075,0.6984550572781879,0.5918235317189623,0.5438611272202237,0.6948634205509977
"13.77 min | 4-Hydroxy-5-(3',4'-dihydroxyphenyl)-valeric acid-O-glucuronide","4-Hydroxy-5-(3',4'-dihydroxyphenyl)-valeric acid-O-glucuronide",13.77,6.653044089010975,0.2655421025113577,0.6984550572781879,1.2367045817268365,0.4555479350741638,0.6363871463501447
"13.78 min | 6,7-Dihydroxycoumarin","6,7-Dihydroxycoumarin",13.78,0.6710904629460164,0.7773694888952368,0.860322417378803,4.587405424848538,0.19037252659343884,0.5520507739964242
13.79 min | Torachrysone 8-(2-apiosylglucoside),Torachrysone 8-(2-apiosylglucoside),13.79,-0.407025288246752,0.20469201160364264,0.6984550572781879,-0.468072923823675,0.6420672352204281,0.7684600612197285
"13.79 min | Epigallocatechin-(4b,8)-epicatechin-3-O-gallate ester","Epigallocatechin-(4b,8)-epicatechin-3-O-gallate ester",13.79,8.53944370158292,0.3870686720988736,0.6984550572781879,-6.960323782608376,0.20720604931844105,0.5520507739964242
13.8 min | Corchoionol C 9-glucoside,Corchoionol C 9-glucoside,13.8,1.0345707334797074,0.5711085088185726,0.7276113584918766,3.8624019499446662,0.3211308489791938,0.5741549006295235
13.82 min | 3-Methyladipic acid,3-Methyladipic acid,13.82,-3.709295105738155,0.525029478838358,0.7005510297560548,0.367116772896661,0.7667187258528028,0.8560339178205272
13.82 min | Glucocaffeic acid,Glucocaffeic acid,13.82,-0.7576730252879573,0.6165978405456629,0.7570604876296075,-8.099180687953362,0.09059828552061007,0.5520507739964242
13.82 min | Cinnamtannin II,Cinnamtannin II,13.82,-2.7924471325652367,0.022202463751801585,0.667126772391967,1.307089033957945,0.4662331580018496,0.6449485859519494
"13.84 min | 3,4-Dimethoxyphenylacetic acid.mol","3,4-Dimethoxyphenylacetic acid.mol",13.84,1.2676867640766847,0.6646206228783801,0.793256872467744,-3.57464276020301,0.08878287062321402,0.5520507739964242
13.85 min | Ethylvanillin glucoside,Ethylvanillin glucoside,13.85,6.370129517223118,0.33997289764366245,0.6984550572781879,2.9589795289512466,0.26425707021468775,0.5684046511339256
13.86 min | Platyconic acid A,Platyconic acid A,13.86,0.0,,,0.0,,
13.87 min | 1-Salicylate glucuronide,1-Salicylate glucuronide,13.87,0.4405725913859814,0.8519559433335613,0.9041299894756941,-4.662965012722429,0.34659350708733416,0.5741549006295235
"13.87 min | 6-Feruloylglucose 2,3,4-trihydroxy-3-methylbutylglycoside","6-Feruloylglucose 2,3,4-trihydroxy-3-methylbutylglycoside",13.87,-2.6282750652639884,0.06527914474540122,0.6984550572781879,1.3549990644859835,0.13977381200235198,0.5520507739964242
13.87 min | GALLIC ACID,GALLIC ACID,13.87,-5.2620948453701795,0.5000000000000001,0.6984550572781879,-3.301750212949732,0.34659350708733416,0.5741549006295235
"13.88 min | (4S,7S,12Br)-7-[[(2R)-2-acetylsulfanyl-3-phenylpropanoyl]amino]-6-oxo-2,3,4,7,8,12b-hexahydro-1H-pyrido[2,1-a][2]benzazepine-4-carboxylic acid","(4S,7S,12Br)-7-[[(2R)-2-acetylsulfanyl-3-phenylpropanoyl]amino]-6-oxo-2,3,4,7,8,12b-hexahydro-1H-pyrido[2,1-a][2]benzazepine-4-carboxylic acid",13.88,0.5109361534151491,0.7750195191152943,0.860322417378803,0.6747658527775937,0.5740923904230208,0.7156759867097794
"13.9 min | 3,4,5-Trimethoxycinnamic acid","3,4,5-Trimethoxycinnamic acid",13.9,-1.3199902906458698,0.34567102660735183,0.6984550572781879,-0.7725455735353007,0.3951288992218579,0.6012476858262498
"13.91 min | (Z)-Resveratrol 3,4'-diglucoside","(Z)-Resveratrol 3,4'-diglucoside",13.91,0.9051103307511691,0.7225059908917827,0.8318845260982763,-0.4665847200967718,0.6015847177887857,0.7389242989818268
13.91 min | Pavetannin B6,Pavetannin B6,13.91,-12.707440022552401,0.5000000000000001,0.6984550572781879,-0.6502943226900022,0.7538121685967445,0.8486855536604079
13.91 min | Cinnamtannin II,Cinnamtannin II,13.91,-13.390219347518366,0.2974137327720696,0.6984550572781879,1.8908885796892947,0.1901384915998435,0.5520507739964242
13.92 min | 4'-O-Methylepicatechin 7-O-glucuronide,4'-O-Methylepicatechin 7-O-glucuronide,13.92,2.7533600324168748,0.32172989682526226,0.6984550572781879,1.7349976050111933,0.345216895558854,0.5741549006295235
13.92 min | 5-Hydroxy-6-methoxycoumarin 7-glucoside,5-Hydroxy-6-methoxycoumarin 7-glucoside,13.92,0.0,,,0.0,,
13.94 min | Peonidin 3-(6''-malonyl-glucoside) 5-glucoside,Peonidin 3-(6''-malonyl-glucoside) 5-glucoside,13.94,5.344244798174391,0.36759532245036614,0.6984550572781879,0.7330784536892301,0.48664000744223884,0.6601844218609785
13.94 min | Isolariciresinol 9-O-beta-D-glucoside,Isolariciresinol 9-O-beta-D-glucoside,13.94,3.449479131943315,0.12831214128784713,0.6984550572781879,2.996798849007555,0.3104965818107478,0.5741549006295235
13.96 min | VANILLIC ACID,VANILLIC ACID,13.96,11.224303209373389,0.05826787294860625,0.6984550572781879,0.11783869972757827,0.9105276722672853,0.9517980483473888
13.98 min | Methyl salicylate O-[rhamnosyl-(1->6)-glucoside],Methyl salicylate O-[rhamnosyl-(1->6)-glucoside],13.98,0.7828252879345714,0.5230705463588238,0.7004225966548296,-0.7498094684423307,0.5329628692959825,0.688934950271069
13.99 min | Phthalic acid,Phthalic acid,13.99,-2.441156560242726,0.4408319471620387,0.6984550572781879,2.0453230075636686,0.35165608041016616,0.577357480183988
14.03 min | (-)-erythro-Anethole glycol 1-glucoside,(-)-erythro-Anethole glycol 1-glucoside,14.03,2.663962570385444,0.2093851747185138,0.6984550572781879,1.8409207938950156,0.20821015401248613,0.5526955117883426
14.05 min | Caffeic Acid,Caffeic Acid,14.05,0.24249442906144775,0.7476391141273094,0.8466614928433474,0.3918495549568337,0.5427182948026064,0.6945695506135874
14.05 min | Quercetin 3-O-(6''-acetyl-glucoside),Quercetin 3-O-(6''-acetyl-glucoside),14.05,5.957102041562286,0.5000000000000001,0.6984550572781879,-5.763765653509922,0.047245459529363786,0.5520507739964242
"14.06 min | 6S,9R-Dihydroxy-4,7E-megastigmadien-3-one 9-[apiosyl-(1->6)-glucoside]","6S,9R-Dihydroxy-4,7E-megastigmadien-3-one 9-[apiosyl-(1->6)-glucoside]",14.06,-4.581886971411755,0.39015003788713265,0.6984550572781879,-0.19309571218259625,0.8171613998746842,0.8871930940929686
14.07 min | [Epicatechin-(4beta->8)]2-epicatechin 3'''-gallate,[Epicatechin-(4beta->8)]2-epicatechin 3'''-gallate,14.07,5.892736501298658,0.22071496609897762,0.6984550572781879,0.13392175954852004,0.9159351244598161,0.9545144576023133
14.08 min | Cinnamtannin B2,Cinnamtannin B2,14.08,-4.316610001760364,0.04068815376451746,0.6984550572781879,1.1292940261219042,0.24972749150339285,0.5559544154736167
14.08 min | 4-[(2-{Bis[(pyridin-2-YL)methyl]amino}ethyl)amino]-2-(6-hydroxy-3-oxo-3H-xanthen-9-YL)benzoic acid,4-[(2-{Bis[(pyridin-2-YL)methyl]amino}ethyl)amino]-2-(6-hydroxy-3-oxo-3H-xanthen-9-YL)benzoic acid,14.08,-16.623652908052925,0.1440199004556039,0.6984550572781879,0.24245450185137146,0.8472718109956514,0.9076197320622903
14.08 min | beta-D-Glucopyranosyl-11-hydroxyjasmonic acid,beta-D-Glucopyranosyl-11-hydroxyjasmonic acid,14.08,1.548849867778266,0.5562378099642208,0.7159428939080168,-0.9283347790598075,0.4985886093186906,0.6684076179422228
14.09 min | Glucocaffeic acid,Glucocaffeic acid,14.09,0.7110734606603399,0.776764900588585,0.860322417378803,-6.543376332310246,0.1853675453456955,0.5520507739964242
14.1 min | Valproic acid glucuronide,Valproic acid glucuronide,14.1,1.9205404902816787,0.512716213907567,0.6991740586865873,1.8313610583071163,0.30272473806118433,0.5741549006295235
14.11 min | ent-Epicatechin-(4alpha->8)-ent-epicatechin 3-gallate,ent-Epicatechin-(4alpha->8)-ent-epicatechin 3-gallate,14.11,4.127172842073027,0.518419852734047,0.6997294505849944,1.796608540593608,0.5313853214723433,0.6880041530641918
14.11 min | (E)-4'-Methylresveratrol 3-glucoside,(E)-4'-Methylresveratrol 3-glucoside,14.11,-12.14210705730255,0.5000000000000001,0.6984550572781879,-3.9257339977035035,0.3319133324870258,0.5741549006295235
"14.13 min | (4S,7S,12Br)-7-[[(2R)-2-acetylsulfanyl-3-phenylpropanoyl]amino]-6-oxo-2,3,4,7,8,12b-hexahydro-1H-pyrido[2,1-a][2]benzazepine-4-carboxylic acid","(4S,7S,12Br)-7-[[(2R)-2-acetylsulfanyl-3-phenylpropanoyl]amino]-6-oxo-2,3,4,7,8,12b-hexahydro-1H-pyrido[2,1-a][2]benzazepine-4-carboxylic acid",14.13,-12.006326078524934,0.5000000000000001,0.6984550572781879,1.1476513724286599,0.522058476704158,0.6825140049737264
"14.13 min | ent-Epiafzelechin(2a->7,4a->8)epiafzelechin 3-(4-hydroxybenzoic acid)","ent-Epiafzelechin(2a->7,4a->8)epiafzelechin 3-(4-hydroxybenzoic acid)",14.13,-9.65441226814894,0.3028322465284356,0.6984550572781879,0.34417135249318603,0.7948991136236715,0.8732061715989913
"14.15 min | 7-(1,5-dimethyl-3-(phenoxymethyl)-1H-pyrazol-4-yl)-3-(3-(naphthalen-1-yloxy)propyl)-1H-indole-2-carboxylic acid","7-(1,5-dimethyl-3-(phenoxymethyl)-1H-pyrazol-4-yl)-3-(3-(naphthalen-1-yloxy)propyl)-1H-indole-2-carboxylic acid",14.15,-2.173779683141028,0.10252678057397216,0.6984550572781879,0.5934342544844516,0.6931205578042964,0.807115732784335
"14.16 min | (Z)-Resveratrol 3,4'-diglucoside","(Z)-Resveratrol 3,4'-diglucoside",14.16,13.704768239362599,0.2628262459893374,0.6984550572781879,13.941918757493742,0.2143589491500789,0.5526955117883426
14.17 min | 2-O-p-Coumaroylhydroxycitric acid,2-O-p-Coumaroylhydroxycitric acid,14.17,1.3685290456342105,0.4952113851126114,0.6984550572781879,6.164627130835333,0.21378448201053402,0.5526955117883426
14.18 min | Procyanidin B2,Procyanidin B2,14.18,-0.56945374869,0.20242813339992705,0.6984550572781879,0.8543893695021132,0.33316471045085116,0.5741549006295235
14.18 min | Gibberellin A39,Gibberellin A39,14.18,-2.7571471104579874,0.062136332726840916,0.6984550572781879,-1.6444817277063197,0.033429819923585576,0.5520507739964242
14.18 min | 5-Hydroxy-6-methoxycoumarin 7-glucoside,5-Hydroxy-6-methoxycoumarin 7-glucoside,14.18,5.677360449546314,0.5061232365941902,0.6991740586865873,3.458920395006319,0.23680414989503262,0.5528789943033415
14.2 min | Ellagic acid glucoside,Ellagic acid glucoside,14.2,2.9541963103868754,0.5000000000000001,0.6984550572781879,0.0,,
14.22 min | 2-trans-O-Feruloylglucaric acid,2-trans-O-Feruloylglucaric acid,14.22,7.485829308701905,0.005357122684369459,0.5629295164231541,12.246691704586507,0.18650494380239915,0.5520507739964242
14.23 min | Corchoionol C 9-glucoside,Corchoionol C 9-glucoside,14.23,2.4977676974735026,0.28118104045722747,0.6984550572781879,1.1706505504673255,0.011359366760451628,0.5520507739964242
14.23 min | Cinnamtannin A2,Cinnamtannin A2,14.23,-2.0425515142520445,0.10899498610934481,0.6984550572781879,0.7533201028848359,0.37780142517677434,0.5976794250384982
14.23 min | Cinnamtannin A2,Cinnamtannin A2,14.23,-2.4216735629665203,0.1645061408856996,0.6984550572781879,0.41048858074312267,0.6060562234274799,0.7429725795506315
14.23 min | 2-Methylcitric acid,2-Methylcitric acid,14.23,-1.209327173191442,0.4037493980814721,0.6984550572781879,7.198778358621583,0.19225889016116054,0.5520507739964242
14.24 min | Pavetannin D1,Pavetannin D1,14.24,-4.615945998744013,0.05521992402731881,0.6984550572781879,1.023374946807507,0.24016281521149535,0.5533572321373632
14.25 min | barceloneic acid A,barceloneic acid A,14.25,-1.0509353918255102,0.3058047836538948,0.6984550572781879,1.0454070626338585,0.02812903688471973,0.5520507739964242
14.25 min | Methyl salicylate O-[rhamnosyl-(1->6)-glucoside],Methyl salicylate O-[rhamnosyl-(1->6)-glucoside],14.25,0.0,,,-0.20221338428219007,0.8741608722823191,0.925582100063632
14.27 min | Cinnamtannin A2,Cinnamtannin A2,14.27,-1.3952441390843175,0.6465991429568152,0.7769819466735298,2.619250820083042,0.3188284407797493,0.5741549006295235
14.3 min | 4-Hydroxybenzoic acid,4-Hydroxybenzoic acid,14.3,-2.251590383068702,0.11441631751786274,0.6984550572781879,3.299554908129028,0.4015209923119677,0.6033175915879234
14.31 min | EPICATECHIN,EPICATECHIN,14.31,-3.279546765245859,0.11402169032413138,0.6984550572781879,3.871532865169221,0.08491328210340213,0.5520507739964242
14.31 min | Procyanidin trimer C1,Procyanidin trimer C1,14.31,-1.3077385215320334,0.07076104373204996,0.6984550572781879,0.31953233012618243,0.6759907425334467,0.7929326788539891
14.32 min | Epicatechin,Epicatechin,14.32,-3.2678642327677765,0.10817590257946808,0.6984550572781879,2.9759017200180495,0.029251888932314583,0.5520507739964242
14.32 min | Monoisobutyl phthalic acid,Monoisobutyl phthalic acid,14.32,-3.467370924917327,0.07583750847194984,0.6984550572781879,3.1296780563251843,0.12113959881206042,0.5520507739964242
14.32 min | Phthalic acid,Phthalic acid,14.32,-0.15292844879690312,0.9290977930339348,0.9541897064241986,4.461063589853706,0.11939054152252217,0.5520507739964242
"14.33 min | 2-Hydroxy-3,4-Dimethoxybenzoic Acid","2-Hydroxy-3,4-Dimethoxybenzoic Acid",14.33,2.439464414560447,0.023985943954460777,0.667126772391967,2.110645601787733,0.26938393481268014,0.5693220546230021
"14.34 min | 3-(4-Hydroxy-3-methoxyphenyl)-1,2-propanediol 2-O-(galloyl-glucoside)","3-(4-Hydroxy-3-methoxyphenyl)-1,2-propanediol 2-O-(galloyl-glucoside)",14.34,4.741652806257691,0.24262732002747225,0.6984550572781879,0.5812588116295007,0.6490792430393296,0.7707489643813762
"14.34 min | 2,6-Dimethoxy-4-methylphenol","2,6-Dimethoxy-4-methylphenol",14.34,-5.972051408698105,0.07360006082917374,0.6984550572781879,-0.390378315138491,0.6964947032136819,0.8078593120504611
14.35 min | Gibberellin A55,Gibberellin A55,14.35,-7.311239873764159,0.07823436917423167,0.6984550572781879,-0.1866587638181872,0.879946070678161,0.9297068005160813
14.35 min | p-Hydroxyphenylacetic acid,p-Hydroxyphenylacetic acid,14.35,-12.203195037381263,0.024766314440752973,0.667126772391967,2.24487715563914,0.4467632718145171,0.628095509584273
14.35 min | 4-[(2-{Bis[(pyridin-2-YL)methyl]amino}ethyl)amino]-2-(6-hydroxy-3-oxo-3H-xanthen-9-YL)benzoic acid,4-[(2-{Bis[(pyridin-2-YL)methyl]amino}ethyl)amino]-2-(6-hydroxy-3-oxo-3H-xanthen-9-YL)benzoic acid,14.35,-5.595369949292648,0.08456874519961467,0.6984550572781879,-0.40020213322885645,0.739884256431853,0.8400532019180116
14.36 min | Pavetannin B6,Pavetannin B6,14.36,-5.125811440965254,0.1070662944944027,0.6984550572781879,3.194859076358296,0.10712325525580117,0.5520507739964242
14.36 min | Epigallocatechin Gallate,Epigallocatechin Gallate,14.36,16.850076931514682,0.059169598566038206,0.6984550572781879,0.0,,
14.37 min | Mono-trans-p-coumaroylmesotartaric acid,Mono-trans-p-coumaroylmesotartaric acid,14.37,7.784402661774405,0.35820011907497734,0.6984550572781879,6.371895224523,0.13830125045057196,0.5520507739964242
14.37 min | 2-O-Acetyl-trans-coutaric acid,2-O-Acetyl-trans-coutaric acid,14.37,-6.023774736881574,0.5011118709055311,0.6984550572781879,6.16075497126155,0.018172705604785122,0.5520507739964242
14.38 min | Procyanidin trimer C1,Procyanidin trimer C1,14.38,-2.826522484236944,0.09013216912659341,0.6984550572781879,5.116254966225308,0.1127542667021302,0.5520507739964242
14.38 min | 5-Hydroxy-6-methoxycoumarin 7-glucoside,5-Hydroxy-6-methoxycoumarin 7-glucoside,14.38,-0.715179893145622,0.7759949734653881,0.860322417378803,1.62446937576574,0.5584648675316815,0.7027230558199162
14.39 min | Procyanidin trimer C1,Procyanidin trimer C1,14.39,-1.6255936303973182,0.6215541382047293,0.7617794227415169,3.2981301292446097,0.23793600616839367,0.5528789943033415
14.4 min | Torachrysone 8-(2-apiosylglucoside),Torachrysone 8-(2-apiosylglucoside),14.4,-12.012799104179676,0.15561377938047738,0.6984550572781879,2.5945545284314533,0.14676420420240122,0.5520507739964242
14.41 min | Lucuminic acid,Lucuminic acid,14.41,-6.035576099585371,0.016363666736642638,0.6007825812578725,-3.2425116142304926,0.04623731052591473,0.5520507739964242
14.46 min | Furocoumarinic acid glucoside,Furocoumarinic acid glucoside,14.46,-4.324509122966065,0.14659069000626196,0.6984550572781879,1.5237971169113385,0.0021076507126402025,0.5520507739964242
14.47 min | Cinnamtannin II,Cinnamtannin II,14.47,-2.049152959416673,0.14052757363807578,0.6984550572781879,1.3991593204318267,0.14027363535616894,0.5520507739964242
14.48 min | Phenethyl 6-galloylglucoside,Phenethyl 6-galloylglucoside,14.48,1.0495414118643702,0.07008861254922229,0.6984550572781879,-1.3402472330565596,0.13606683197840952,0.5520507739964242
14.48 min | Procyanidin trimer C1,Procyanidin trimer C1,14.48,0.0,,,9.89204377600261,0.1402706327274072,0.5520507739964242
14.51 min | Quinic acid,Quinic acid,14.51,9.643867694473995,0.30798873103379715,0.6984550572781879,-2.891968251742987,0.14709576256293302,0.5520507739964242
14.51 min | Cinncassiol C1 19-glucoside,Cinncassiol C1 19-glucoside,14.51,-4.394789256731918,0.5151207476877405,0.6997294505849944,1.0220436277480303,0.1252387421805483,0.5520507739964242
14.52 min | Vanilpyruvic acid,Vanilpyruvic acid,14.52,10.15746126561596,0.4275043393008646,0.6984550572781879,-6.046829364438602,0.10317505519037055,0.5520507739964242
14.53 min | Linalool oxide D 3-[apiosyl-(1->6)-glucoside],Linalool oxide D 3-[apiosyl-(1->6)-glucoside],14.53,-10.880348808156027,0.22230578831524814,0.6984550572781879,0.05394990714720323,0.9702813029281854,0.9849623130137563
"14.54 min | (Z)-Resveratrol 3,4'-diglucoside","(Z)-Resveratrol 3,4'-diglucoside",14.54,-4.5356333190227724,0.000789016530364768,0.5629295164231541,1.4543219389050688,0.3564413254450121,0.5805399907272116
14.54 min | Linalool oxide D 3-[apiosyl-(1->6)-glucoside],Linalool oxide D 3-[apiosyl-(1->6)-glucoside],14.54,-5.17521444839731,0.1993468496784956,0.6984550572781879,0.06860616199942039,0.9580781449189104,0.9766045178869557
"14.55 min | (4E)-8-hydroxy-4-(1-hydroxypropan-2-ylidene)-10-oxatricyclo[7.2.1.0Â¹,â�µ]dodecane-8-carboxylic acid","(4E)-8-hydroxy-4-(1-hydroxypropan-2-ylidene)-10-oxatricyclo[7.2.1.0Â¹,â�µ]dodecane-8-carboxylic acid",14.55,2.33941172021853,0.3958411427730184,0.6984550572781879,1.205431871117643,0.4120629617542295,0.6055534454300768
14.56 min | Epicatechin 3-O-(3-O-methylgallate),Epicatechin 3-O-(3-O-methylgallate),14.56,-2.6601932029577595,0.09846136635070989,0.6984550572781879,2.8859328835173046,0.3994125008306141,0.6033175915879234
"14.57 min | NCGC00385542-01!3-oxo-3-[[(2R,3S,4S,5R,6S)-3,4,5-trihydroxy-6-[5-hydroxy-3-(4-hydroxyphenyl)-4-oxochromen-7-yl]oxyoxan-2-yl]methoxy]propanoic acid","NCGC00385542-01!3-oxo-3-[[(2R,3S,4S,5R,6S)-3,4,5-trihydroxy-6-[5-hydroxy-3-(4-hydroxyphenyl)-4-oxochromen-7-yl]oxyoxan-2-yl]methoxy]propanoic acid",14.57,2.3933008911173728,0.10208379500185011,0.6984550572781879,-1.8049956721944407,0.02708051007124954,0.5520507739964242
14.62 min | 4'-Methyl-(-)-epigallocatechin 3'-glucuronide,4'-Methyl-(-)-epigallocatechin 3'-glucuronide,14.62,3.6375810118905925,0.1795558966922184,0.6984550572781879,-0.06032240322369848,0.9570238229363605,0.9766045178869557
14.62 min | Epicatechin 3-O-gallate-(4beta->6)-epicatechin 3-O-gallate-(4beta->8)-catechin,Epicatechin 3-O-gallate-(4beta->6)-epicatechin 3-O-gallate-(4beta->8)-catechin,14.62,0.0,,,-8.929422808960881,0.18711776236911443,0.5520507739964242
"14.63 min | LUTEOLIN-3',7-DIGLUCOSIDE","LUTEOLIN-3',7-DIGLUCOSIDE",14.63,-10.850577547205614,0.5000000000000001,0.6984550572781879,-1.1512615808866513,0.35727693883233586,0.5805399907272116
14.63 min | Ethyl 3-hydroxyoctanoate O-[glucosyl-(1->6)-glucoside],Ethyl 3-hydroxyoctanoate O-[glucosyl-(1->6)-glucoside],14.63,1.220150027044336,0.6138326097640164,0.7550196251275278,3.4968990331875593,0.39214975265925345,0.5991853363613437
14.63 min | naringenin-7-O-glucuronide,naringenin-7-O-glucuronide,14.63,0.0,,,-1.6804273261107674,0.24807125447639428,0.5539382323860181
14.63 min | Shikimic acid,Shikimic acid,14.63,10.17617314910749,0.20985838905757373,0.6984550572781879,-6.8341691557148385,0.11999998723394932,0.5520507739964242
14.64 min | 3-Hydroxyphloretin 2'-O-xylosyl-glucoside,3-Hydroxyphloretin 2'-O-xylosyl-glucoside,14.64,0.2695386774825481,0.7471148955607957,0.8466614928433474,1.7390505025662173,0.5370876053049058,0.6911432479773679
14.67 min | Torachrysone 8-(2-apiosylglucoside),Torachrysone 8-(2-apiosylglucoside),14.67,-3.447467465384946,0.5305485493737405,0.7024380697220993,0.9233516960042982,0.4231625806239131,0.6113411902233516
14.68 min | 2-O-p-Coumaroylhydroxycitric acid,2-O-p-Coumaroylhydroxycitric acid,14.68,-0.17118100118412902,0.9409820904753968,0.9635037261487047,7.280781194566663,0.011186047614281871,0.5520507739964242
14.68 min | Epicatechin 3-O-gallate-(4beta->6)-epicatechin 3-O-gallate-(4beta->8)-catechin,Epicatechin 3-O-gallate-(4beta->6)-epicatechin 3-O-gallate-(4beta->8)-catechin,14.68,0.0,,,1.129707901365911,0.6234809833140965,0.7611728133760186
14.68 min | Epicatechin 3-O-gallate-(4beta->6)-epicatechin 3-O-gallate-(4beta->8)-catechin,Epicatechin 3-O-gallate-(4beta->6)-epicatechin 3-O-gallate-(4beta->8)-catechin,14.68,-5.599912842187128,0.5000000000000001,0.6984550572781879,-0.21073295750244497,0.9038165527582568,0.9461228594831114
14.69 min | Cinnamtannin B2,Cinnamtannin B2,14.69,-6.588613110822224,0.08489044560005535,0.6984550572781879,2.6746134238919157,0.11105452551762766,0.5520507739964242
14.72 min | [Epicatechin-(4beta->8)]2-epicatechin 3'''-gallate,[Epicatechin-(4beta->8)]2-epicatechin 3'''-gallate,14.72,11.859243577962982,0.5000000000000001,0.6984550572781879,1.4643065403584195,0.38809849966837,0.598671447280827
14.72 min | Quercetin 3-O-(6''-acetyl-glucoside),Quercetin 3-O-(6''-acetyl-glucoside),14.72,0.0,,,-4.766712937560258,0.2148272228804864,0.5526955117883426
14.74 min | [Epicatechin-(4beta->8)]2-epicatechin 3'''-gallate,[Epicatechin-(4beta->8)]2-epicatechin 3'''-gallate,14.74,12.368779260041338,0.14217595724422835,0.6984550572781879,4.01264631208398,0.09778588811211288,0.5520507739964242
"14.74 min | (2E)-2-(2-Thioxo-4-oxo-3-ethylthiazolidine-5-ylidene)-4-oxo-5-[1-[4-(2,2-diphenylvinyl)phenyl]-2,3-propanoindoline-5-ylmethylene]thiazolidine-3-acetic acid","(2E)-2-(2-Thioxo-4-oxo-3-ethylthiazolidine-5-ylidene)-4-oxo-5-[1-[4-(2,2-diphenylvinyl)phenyl]-2,3-propanoindoline-5-ylmethylene]thiazolidine-3-acetic acid",14.74,2.2106802953061404,0.5658276464766644,0.7232661512852974,3.500924984929721,0.28274116918246806,0.5708973539169944
14.77 min | Marmesin rhamnoside,Marmesin rhamnoside,14.77,-0.3955842305704909,0.20552085032771725,0.6984550572781879,-1.7247898811564661,0.05807439239938926,0.5520507739964242
14.77 min | Gibberellin A93,Gibberellin A93,14.77,-1.0424073382355894,0.4728976222614168,0.6984550572781879,-2.7029818309070137,0.05519945761182281,0.5520507739964242
14.77 min | Cinnamtannin A2,Cinnamtannin A2,14.77,-4.508089764072722,0.13803261682631462,0.6984550572781879,3.0715519317246422,0.12688983574327117,0.5520507739964242
14.78 min | Cinnamtannin A2,Cinnamtannin A2,14.78,-4.465455721877078,0.08122347982504666,0.6984550572781879,3.778129224871348,0.11306565054535575,0.5520507739964242
14.78 min | Phenylacetic acid,Phenylacetic acid,14.78,-10.216745858195306,0.5000000000000001,0.6984550572781879,-12.926378366247112,0.04116764306716867,0.5520507739964242
14.81 min | Epifisetinidol-(4beta->8)-catechin,Epifisetinidol-(4beta->8)-catechin,14.81,-2.3031657921871127,0.09164989054573346,0.6984550572781879,2.5281442628143043,0.17346143480915874,0.5520507739964242
14.81 min | Gentisic acid,Gentisic acid,14.81,0.4389602866192498,0.6273057530868471,0.763427088605993,-1.4279998820695987,0.4290902686683021,0.6147414011158052
14.81 min | Naringenin,Naringenin,14.81,-1.7400984836511688,0.29250396414218166,0.6984550572781879,-2.7663088296501512,0.12416633021014944,0.5520507739964242
14.82 min | 2-Glucosyloxy-4-methoxycinnamic acid,2-Glucosyloxy-4-methoxycinnamic acid,14.82,5.796288396410486,0.03962461519804178,0.6984550572781879,-1.2350200296641973,0.25056780119026145,0.5563478605871534
"14.82 min | (2R,6x)-7-Methyl-3-methylene-1,2,6,7-octanetetrol 2-glucoside","(2R,6x)-7-Methyl-3-methylene-1,2,6,7-octanetetrol 2-glucoside",14.82,2.316277333699536,0.3104853119158485,0.6984550572781879,5.401232742431921,0.17531829674980598,0.5520507739964242
14.84 min | (-)-epicatechin-3'-O-glucuronide,(-)-epicatechin-3'-O-glucuronide,14.84,1.6770903127052752,0.535726497714919,0.7031731307494958,1.4654154920903455,0.23521945786961332,0.5528789943033415
14.85 min | 5-Hydroxy-6-methoxycoumarin 7-glucoside,5-Hydroxy-6-methoxycoumarin 7-glucoside,14.85,-6.50899749870258,0.5021216513710914,0.6984550572781879,9.177245687890709,0.025534132475879143,0.5520507739964242
14.85 min | N-Phenylacetylaspartic acid,N-Phenylacetylaspartic acid,14.85,0.0,,,-7.380821783940931,0.0695018161100048,0.5520507739964242
14.87 min | Caffeoylmalic acid,Caffeoylmalic acid,14.87,9.890804378062997,0.11230483151582876,0.6984550572781879,0.9595069989506806,0.5190573846617776,0.679684877952477
14.87 min | Torachrysone 8-(2-apiosylglucoside),Torachrysone 8-(2-apiosylglucoside),14.87,-4.262220107741136,0.016981589445626562,0.6007825812578725,1.451851612278995,0.29174991051535926,0.5741549006295235
14.87 min | Phenylpyruvic acid,Phenylpyruvic acid,14.87,5.2279180777086625,0.13478928419343877,0.6984550572781879,-1.0683610663165337,0.5042683202424855,0.6717509392399897
14.88 min | 4'-O-methyl-(-)-epicatechin-3'-O-beta-glucuronide,4'-O-methyl-(-)-epicatechin-3'-O-beta-glucuronide,14.88,-1.1292419197910124,0.32878227578731256,0.6984550572781879,-0.44570982205792203,0.47444353543090706,0.6526362146281629
14.88 min | 4'-O-Methylepicatechin 7-O-glucuronide,4'-O-Methylepicatechin 7-O-glucuronide,14.88,4.147786668127578,0.46031312841263977,0.6984550572781879,0.7160948712537499,0.4830791676549831,0.658379364227844
"14.89 min | Benzenebutanoic acid, 4-((3-(4-acetyl-3-hydroxy-2-propylphenoxy)propyl)thio)-gamma-hydroxy-beta-methyl-, (R*,S*)-","Benzenebutanoic acid, 4-((3-(4-acetyl-3-hydroxy-2-propylphenoxy)propyl)thio)-gamma-hydroxy-beta-methyl-, (R*,S*)-",14.89,-0.7685160751014929,0.5269254489670276,0.7005683397856828,1.0438108551442487,0.15677201145378977,0.5520507739964242
"14.89 min | (7,8-Dihydro-5-((E)-((a-(3-pyridyl)benzylidene)aminooxy)ethyl)-1-naphthyloxy)acetic acid","(7,8-Dihydro-5-((E)-((a-(3-pyridyl)benzylidene)aminooxy)ethyl)-1-naphthyloxy)acetic acid",14.89,1.7240699101736807,0.26449785838359846,0.6984550572781879,-0.9910803097083152,0.16166822730906807,0.5520507739964242
"14.89 min | 3,3'-Digalloylprocyanidin B2","3,3'-Digalloylprocyanidin B2",14.89,-8.60177078840771,0.5000000000000001,0.6984550572781879,1.0505114415462584,0.26903106271865906,0.5693220546230021
"14.9 min | 3,3'-Digalloylprocyanidin B2","3,3'-Digalloylprocyanidin B2",14.9,5.965784284662087,0.5000000000000001,0.6984550572781879,-4.885105148486688,0.24593654761660586,0.5533572321373632
"14.91 min | 7,8-Dihydrovomifoliol 9-[apiosyl-(1->6)-glucoside]","7,8-Dihydrovomifoliol 9-[apiosyl-(1->6)-glucoside]",14.91,-1.9754219772793342,0.5879397949119052,0.7398926133085685,2.758795923222056,0.2313732046607922,0.5528789943033415
14.92 min | 4-Hydroxy-5-(dihydroxyphenyl)-valeric acid-O-sulphate,4-Hydroxy-5-(dihydroxyphenyl)-valeric acid-O-sulphate,14.92,0.14080488684018613,0.8581298202835156,0.9078668655086035,1.3722473258996495,0.4183148124039638,0.6101113271820657
14.93 min | (-)-Epigallocatechin 3-(3-methyl-gallate),(-)-Epigallocatechin 3-(3-methyl-gallate),14.93,-2.1979544272407097,0.4349865001934029,0.6984550572781879,2.575831488969028,0.25424207913616165,0.5580884213511693
14.94 min | ent-Epicatechin-(4alpha->8)-ent-epicatechin 3-gallate,ent-Epicatechin-(4alpha->8)-ent-epicatechin 3-gallate,14.94,9.079966477085195,0.36287864323074065,0.6984550572781879,-6.698897553332687,0.10318253461714687,0.5520507739964242
"14.94 min | Epigallocatechin-(4b,8)-epicatechin-3-O-gallate ester","Epigallocatechin-(4b,8)-epicatechin-3-O-gallate ester",14.94,10.915879378835774,0.5000000000000001,0.6984550572781879,2.0639915566932476,0.5036535252427644,0.6715742460985479
"14.95 min | LUTEOLIN-3',7-DIGLUCOSIDE","LUTEOLIN-3',7-DIGLUCOSIDE",14.95,-7.774787059601174,0.5000000000000001,0.6984550572781879,0.13869661679072035,0.9282793927985555,0.9579120295789898
14.96 min | Procyanidin B2,Procyanidin B2,14.96,-0.8997529087928372,0.14927283561913746,0.6984550572781879,0.9722003979427184,0.27536756241001425,0.570846238928625
14.96 min | Apigenin 6-C-glucoside 8-C-arabinoside,Apigenin 6-C-glucoside 8-C-arabinoside,14.96,-0.8850540945689156,0.19312629127385433,0.6984550572781879,0.6851324930437286,0.3326254913802735,0.5741549006295235
14.96 min | Procyanidin dimer B4,Procyanidin dimer B4,14.96,-1.034852886828939,0.14459639792170323,0.6984550572781879,0.4770619031806783,0.5007529398039305,0.6700918759298291
14.98 min | Kaempferol 3-gentiobioside 7-rhamnoside,Kaempferol 3-gentiobioside 7-rhamnoside,14.98,0.9738941086605347,0.6311769536519641,0.767390097290887,4.605226533049335,0.209140976702971,0.5526955117883426
"15.0 min | (Z)-Resveratrol 3,4'-diglucoside","(Z)-Resveratrol 3,4'-diglucoside",15.0,-3.7572902067274416,0.35585605629132916,0.6984550572781879,-1.8442295548731165,0.10084002092372414,0.5520507739964242
15.0 min | Tazarotenic acid,Tazarotenic acid,15.0,-0.1757613963754836,0.8211003414159469,0.8823283888527718,3.1881219361736237,0.17710579002811389,0.5520507739964242
15.0 min | Procyanidin trimer C1,Procyanidin trimer C1,15.0,-2.1878577764211533,0.01764020516356588,0.6037360217230422,2.833615081764944,0.12536311511203282,0.5520507739964242
15.02 min | eriodictyol-7-O-glucoside,eriodictyol-7-O-glucoside,15.02,1.2882388710317836,0.03434269117093644,0.6984550572781879,-2.2362223022103707,0.04210347539191471,0.5520507739964242
"15.02 min | Epigallocatechin-(4b,8)-epicatechin-3-O-gallate ester","Epigallocatechin-(4b,8)-epicatechin-3-O-gallate ester",15.02,-5.906890595608519,0.5000000000000001,0.6984550572781879,0.8091645631466671,0.635673336847185,0.7665540473215376
15.02 min | Procyanidin trimer C1,Procyanidin trimer C1,15.02,-2.409530637814594,0.07004015497253784,0.6984550572781879,2.3034677112481328,0.27008748042349795,0.5693220546230021
15.04 min | 4-[4-[hydroxy-(4-hydroxy-3-methoxyphenyl)methyl]-3-(hydroxymethyl)oxolan-2-yl]-2-methoxyphenol,4-[4-[hydroxy-(4-hydroxy-3-methoxyphenyl)methyl]-3-(hydroxymethyl)oxolan-2-yl]-2-methoxyphenol,15.04,5.56740818145832,0.48050678844574246,0.6984550572781879,2.1546256273384805,0.39186002738608605,0.5991853363613437
"15.04 min | 3-(1,1-Dimethylallyl)scopoletin 7-glucoside","3-(1,1-Dimethylallyl)scopoletin 7-glucoside",15.04,3.404489390247748,0.5314662019098138,0.7029731694826425,1.2390842085408837,0.5099259929626923,0.6746744969610883
15.04 min | Isoketocamphoric acid,Isoketocamphoric acid,15.04,-3.6720672198296818,0.5230013244552089,0.7004225966548296,5.676241073596769,0.2137851856682133,0.5526955117883426
15.04 min | Pavetannin D1,Pavetannin D1,15.04,-6.695020809396674,0.06929452026216129,0.6984550572781879,1.5660387588142517,0.14119001446656634,0.5520507739964242
15.06 min | Cinnamtannin II,Cinnamtannin II,15.06,-6.249830324383944,0.18041431327433727,0.6984550572781879,3.2271294986593397,0.12421074294079265,0.5520507739964242
15.07 min | 3'-O-methyl-(-)-epicatechin,3'-O-methyl-(-)-epicatechin,15.07,-0.06062155164257699,0.9055964899142316,0.9401728751952376,9.224939603627341,0.28167908126585495,0.5708973539169944
15.07 min | trans-Ferulic acid,trans-Ferulic acid,15.07,-2.334241356326214,0.15548468518974395,0.6984550572781879,-3.506491250148272,0.0016874386624760433,0.5520507739964242
15.07 min | Cinnamtannin II,Cinnamtannin II,15.07,-19.237543758272828,0.13186068578090412,0.6984550572781879,3.534918531879289,0.13641971105279438,0.5520507739964242
15.07 min | Peonidin 3-(6''-malonyl-glucoside) 5-glucoside,Peonidin 3-(6''-malonyl-glucoside) 5-glucoside,15.07,-8.678600139099458,0.5000000000000001,0.6984550572781879,4.073672780588674,0.2009682383273942,0.5520507739964242
15.09 min | Torachrysone 8-(2-apiosylglucoside),Torachrysone 8-(2-apiosylglucoside),15.09,-6.046503658635427,0.08896731741524946,0.6984550572781879,5.02010120605651,0.13734207987805502,0.5520507739964242
15.1 min | ent-Epicatechin-(4alpha->8)-ent-epicatechin 3-gallate,ent-Epicatechin-(4alpha->8)-ent-epicatechin 3-gallate,15.1,0.0,,,0.0,,
"15.1 min | Benzoic acid + 1O, 1MeO, O-Hex","Benzoic acid + 1O, 1MeO, O-Hex",15.1,-1.2492056747200468,0.2021761411560532,0.6984550572781879,-1.312304153968118,0.06255382239684236,0.5520507739964242
15.1 min | Cinnamtannin A2,Cinnamtannin A2,15.1,-3.496255781269601,0.04929616180535384,0.6984550572781879,2.3327717931500467,0.15759035119411802,0.5520507739964242
15.1 min | Homogentisic acid,Homogentisic acid,15.1,4.8921634498681215,0.07798024439481942,0.6984550572781879,-0.6549722219688987,0.24518277606299851,0.5533572321373632
"15.11 min | Benzenebutanoic acid, 4-((3-(4-acetyl-3-hydroxy-2-propylphenoxy)propyl)thio)-gamma-hydroxy-beta-methyl-, (R*,S*)-","Benzenebutanoic acid, 4-((3-(4-acetyl-3-hydroxy-2-propylphenoxy)propyl)thio)-gamma-hydroxy-beta-methyl-, (R*,S*)-",15.11,-10.179909090014934,0.5000000000000001,0.6984550572781879,-0.7489445100334319,0.591675846484875,0.7299961968572993
15.11 min | [Epicatechin-(4beta->8)]2-epicatechin 3'''-gallate,[Epicatechin-(4beta->8)]2-epicatechin 3'''-gallate,15.11,3.461886306165097,0.5294798224938209,0.7017017202265641,1.9844498816628082,0.41544258526908157,0.6077237421775663
"15.11 min | 4-[2-[2-[3-Acetamido-2,5-dihydroxy-6-(hydroxymethyl)oxan-4-yl]oxypropanoylamino]propanoylamino]-5-amino-5-oxopentanoic acid","4-[2-[2-[3-Acetamido-2,5-dihydroxy-6-(hydroxymethyl)oxan-4-yl]oxypropanoylamino]propanoylamino]-5-amino-5-oxopentanoic acid",15.11,3.909535316864082,0.1068867931815143,0.6984550572781879,-4.067306514402764,0.11060858572167512,0.5520507739964242
15.12 min | Furaneol 4-(6-malonylglucoside),Furaneol 4-(6-malonylglucoside),15.12,-1.4276553324639347,0.3088898745473472,0.6984550572781879,0.25809970017421274,0.8659162310242771,0.9214797094389566
15.12 min | Cinnamtannin A2,Cinnamtannin A2,15.12,-4.13390540191729,0.1333858462282542,0.6984550572781879,1.8299332121594938,0.15290542811892635,0.5520507739964242
15.13 min | 4'-O-Methylepicatechin 7-O-glucuronide,4'-O-Methylepicatechin 7-O-glucuronide,15.13,12.924070185585345,0.31690016733181164,0.6984550572781879,-3.724892761865631,0.34659350708733416,0.5741549006295235
"15.15 min | isorhamnetin-3-glucoside-4'-glucoside (Isorhamnetin 3,4'-diglucoside)","isorhamnetin-3-glucoside-4'-glucoside (Isorhamnetin 3,4'-diglucoside)",15.15,-0.7420062108667361,0.7567383156572715,0.8508478854346502,0.8109951683861998,0.7037579952882023,0.8127909241356702
15.15 min | [Epicatechin-(4beta->8)]2-epicatechin 3'''-gallate,[Epicatechin-(4beta->8)]2-epicatechin 3'''-gallate,15.15,4.429276215548575,0.445456836318567,0.6984550572781879,1.133050418761458,0.40599958511178214,0.6034360177994644
15.16 min | Aloesol 7-glucoside,Aloesol 7-glucoside,15.16,1.479208887077452,0.4370306516536951,0.6984550572781879,-4.284565233648595,0.07109869335962644,0.5520507739964242
"15.17 min | Quercetin 4',7-diglucoside","Quercetin 4',7-diglucoside",15.17,6.1488579545678475,0.12539428017126675,0.6984550572781879,0.2752900606766954,0.6258220294402241,0.7633994342593148
"15.19 min | Feruloyl quinic acid (isomer of 886, 888)","Feruloyl quinic acid (isomer of 886, 888)",15.19,7.459431618637297,0.410397012682264,0.6984550572781879,-3.6692722641729483,0.19146408177957158,0.5520507739964242
"15.2 min | 7,8-Dihydrovomifoliol 9-[apiosyl-(1->6)-glucoside]","7,8-Dihydrovomifoliol 9-[apiosyl-(1->6)-glucoside]",15.2,-0.6046987187824183,0.8031044199431426,0.8760557377706473,5.4730292220380194,0.31608286718415973,0.5741549006295235
15.22 min | Epicatechin 3-O-gallate-(4beta->6)-epicatechin 3-O-gallate-(4beta->6)-epicatechin 3-O-gallate,Epicatechin 3-O-gallate-(4beta->6)-epicatechin 3-O-gallate-(4beta->6)-epicatechin 3-O-gallate,15.22,0.0,,,-3.15200309344505,0.34659350708733416,0.5741549006295235
15.22 min | Caffeoylmalic acid,Caffeoylmalic acid,15.22,-7.088788238716907,0.5000000000000001,0.6984550572781879,11.698595014490829,0.13584278529830068,0.5520507739964242
15.23 min | 3-Hydroxyphloretin 2'-O-xylosyl-glucoside,3-Hydroxyphloretin 2'-O-xylosyl-glucoside,15.23,-1.4523023942461584,0.3011678930635392,0.6984550572781879,1.2330755031035783,0.3586445392336353,0.5805399907272116
"15.25 min | (2R,6x)-7-Methyl-3-methylene-1,2,6,7-octanetetrol 2-glucoside","(2R,6x)-7-Methyl-3-methylene-1,2,6,7-octanetetrol 2-glucoside",15.25,2.5543811531067298,0.45959074420689144,0.6984550572781879,1.7230095147924136,0.5430442150461245,0.6945695506135874
15.27 min | Quercetin 3-O-(6''-acetyl-glucoside),Quercetin 3-O-(6''-acetyl-glucoside),15.27,-7.371776644337924,0.5000000000000001,0.6984550572781879,-0.30052561815513823,0.8566146836685158,0.9135572782476368
"15.28 min | Flavonol base + 4O, O-Hex-dHex-Pen","Flavonol base + 4O, O-Hex-dHex-Pen",15.28,-6.7922121702758425,0.06765817767694453,0.6984550572781879,6.776753958601193,0.27864585188350827,0.5708973539169944
15.29 min | Cinnamtannin B2,Cinnamtannin B2,15.29,-3.40513700685974,0.016072642317121046,0.6007825812578725,-0.10298522316736311,0.9573437419938319,0.9766045178869557
15.33 min | Lucuminic acid,Lucuminic acid,15.33,3.816996679850816,0.4007684609537628,0.6984550572781879,1.880188710595503,0.212640085994284,0.5526955117883426
15.33 min | Cinnamtannin B2,Cinnamtannin B2,15.33,-0.31016672246730825,0.7372353378125136,0.841062647887776,0.24667088767994513,0.7995110520868322,0.8757997041694028
15.34 min | Epicatechin Monogallate,Epicatechin Monogallate,15.34,0.9749690662793695,0.7129024107281402,0.8256881559110185,0.7986125812833795,0.36558571344869406,0.586651731542327
15.35 min | (-)-epicatechin,(-)-epicatechin,15.35,10.209757956581393,0.5000000000000001,0.6984550572781879,4.764543208238143,0.22344840852603445,0.5526955117883426
15.35 min | Cinnamtannin III,Cinnamtannin III,15.35,-7.105183688897347,0.1705780760600726,0.6984550572781879,3.97007971189926,0.17758063720300055,0.5520507739964242
15.35 min | Cinnamtannin III,Cinnamtannin III,15.35,-4.084724945652603,0.22804965098818344,0.6984550572781879,3.2990108651847003,0.29752992582751664,0.5741549006295235
15.37 min | Pavetannin B6,Pavetannin B6,15.37,-6.128187745042456,0.12951739416833613,0.6984550572781879,0.9020783377698989,0.3257619651953479,0.5741549006295235
15.4 min | (-)-Epigallocatechin 3-(3-methyl-gallate),(-)-Epigallocatechin 3-(3-methyl-gallate),15.4,1.3439544012173612,0.652044321478607,0.7816538319651603,-1.645842160431492,0.13806905337184974,0.5520507739964242
15.44 min | 3-Methyl-3-butenyl apiosyl-(1->6)-glucoside,3-Methyl-3-butenyl apiosyl-(1->6)-glucoside,15.44,4.917537839808027,0.08645264838441476,0.6984550572781879,8.340000652395636,0.20539023418384678,0.5520507739964242
15.44 min | (7'R)-(+)-Lyoniresinol 9'-glucoside,(7'R)-(+)-Lyoniresinol 9'-glucoside,15.44,3.5775932053592503,0.2708124493172862,0.6984550572781879,-4.264556115907682,0.083245171732438,0.5520507739964242
15.44 min | eriodictyol-7-O-glucoside,eriodictyol-7-O-glucoside,15.44,-6.647458426454921,0.5000000000000001,0.6984550572781879,-10.755907566191167,0.057150675052363355,0.5520507739964242
"15.44 min | (5R,6R)-3-(2-Acetamidoethylsulfanyl)-6-ethyl-7-oxo-1-azabicyclo[3.2.0]hept-2-ene-2-carboxylic acid","(5R,6R)-3-(2-Acetamidoethylsulfanyl)-6-ethyl-7-oxo-1-azabicyclo[3.2.0]hept-2-ene-2-carboxylic acid",15.44,16.083022179869467,0.12259953923150808,0.6984550572781879,3.6293566200796095,0.3910022189557705,0.598671447280827
15.45 min | Epigallocatechin gallate,Epigallocatechin gallate,15.45,9.723660944409984,0.1405253742294175,0.6984550572781879,1.1699250014423124,0.5394413600173622,0.6933333515821134
"15.46 min | 3-Methoxy-4,5-methylenedioxybenzoic acid","3-Methoxy-4,5-methylenedioxybenzoic acid",15.46,5.400879436282184,0.3238108664663528,0.6984550572781879,3.729754891587994,0.15038639514333035,0.5520507739964242
"15.49 min | 6,6'-Methylenebis(2,2-dimethyl-4-methanesulfonic acid-1,2-dihydroquinoline)","6,6'-Methylenebis(2,2-dimethyl-4-methanesulfonic acid-1,2-dihydroquinoline)",15.49,1.5737102260909355,0.4729060031804254,0.6984550572781879,1.0309017736251815,0.4764335980886263,0.6531586303849894
"15.51 min | 3,5-Dicaffeoyl-4-succinoylquinic acid","3,5-Dicaffeoyl-4-succinoylquinic acid",15.51,-1.2156191927410216,0.6720221271463799,0.7965353178038044,4.965784284662087,0.3910022189557705,0.598671447280827
15.51 min | (Â±)-threo-1-(p-Hydroxyphenyl)propylene glycol 4'-glucoside,(Â±)-threo-1-(p-Hydroxyphenyl)propylene glycol 4'-glucoside,15.51,3.685000870930981,0.35188594008893254,0.6984550572781879,-0.3923061318426772,0.8047016157006124,0.8765605791690803
15.52 min | Procyanidin B2,Procyanidin B2,15.52,-0.09122346337662786,0.6947272768661988,0.8128902923331849,1.3999344143006471,0.2801170740977661,0.5708973539169944
15.52 min | {1-[2-(4-Carbamimidoyl-benzoylamino)-propionyl]-piperidin-4-yloxy}-acetic acid,{1-[2-(4-Carbamimidoyl-benzoylamino)-propionyl]-piperidin-4-yloxy}-acetic acid,15.52,0.21399691252523934,0.793036346334636,0.8667117284939866,-1.8238843725385077,0.0638785396086344,0.5520507739964242
"15.53 min | (2R,6x)-7-Methyl-3-methylene-1,2,6,7-octanetetrol 2-glucoside","(2R,6x)-7-Methyl-3-methylene-1,2,6,7-octanetetrol 2-glucoside",15.53,1.0287317185433162,0.49997927588283064,0.6984550572781879,2.157641050936888,0.2796738783583346,0.5708973539169944
15.54 min | Pavetannin D1,Pavetannin D1,15.54,8.405141463136344,0.5000000000000001,0.6984550572781879,-14.569862199576129,0.08335922125004457,0.5520507739964242
15.58 min | Fertaric acid,Fertaric acid,15.58,13.786269627648466,0.12178746961295886,0.6984550572781879,3.19979553102445,0.4280228175933646,0.6139569278598699
"15.59 min | (2S,3S,4S,5R,6R)-6-(3-benzoyloxy-2-hydroxypropoxy)-3,4,5-trihydroxyoxane-2-carboxylic acid","(2S,3S,4S,5R,6R)-6-(3-benzoyloxy-2-hydroxypropoxy)-3,4,5-trihydroxyoxane-2-carboxylic acid",15.59,-5.073084117997687,0.24599559563349796,0.6984550572781879,-0.9226779677378768,0.15237924920794216,0.5520507739964242
15.61 min | Epigallocatechin gallate,Epigallocatechin gallate,15.61,9.479022346995178,0.4449220505018228,0.6984550572781879,0.0,,
15.61 min | Linalool oxide D 3-[apiosyl-(1->6)-glucoside],Linalool oxide D 3-[apiosyl-(1->6)-glucoside],15.61,-2.3472105656835724,0.11458335465044661,0.6984550572781879,0.7175888288341968,0.609157484382746,0.7455360256624652
15.61 min | Ellagic acid arabinoside,Ellagic acid arabinoside,15.61,0.0,,,0.0,,
"15.62 min | 3-(3,4,5-Trimethoxyphenyl)propanoic acid","3-(3,4,5-Trimethoxyphenyl)propanoic acid",15.62,-1.179538236158995,0.6228963167418358,0.7620599263803156,-1.4066331188210803,0.10984844004087442,0.5520507739964242
15.62 min | (7'R)-(+)-Lyoniresinol 9'-glucoside,(7'R)-(+)-Lyoniresinol 9'-glucoside,15.62,-11.641148597411233,0.5000000000000001,0.6984550572781879,-0.7458254783975613,0.6416917561675449,0.7684600612197285
"15.63 min | 9-(2,3-dihydroxypropoxy)-9-oxononanoic acid","9-(2,3-dihydroxypropoxy)-9-oxononanoic acid",15.63,-8.612032575604841,0.4886920551857079,0.6984550572781879,-2.648184308955624,0.010275916327610058,0.5520507739964242
15.63 min | Neryl rhamnosyl-glucoside,Neryl rhamnosyl-glucoside,15.63,0.5092642614446931,0.8326456289971301,0.8914010428815408,1.8246394504985943,0.17682561430867888,0.5520507739964242
15.68 min | Nb-trans-Feruloylserotonin glucoside,Nb-trans-Feruloylserotonin glucoside,15.68,-3.8431119184313967,0.018247249140136926,0.6066923721800912,0.779399587639626,0.40376625708305375,0.6033175915879234
15.68 min | Epigallocatechin gallate,Epigallocatechin gallate,15.68,-3.303780748177103,0.5000000000000001,0.6984550572781879,3.8688095884196847,0.2981870007875603,0.5741549006295235
15.69 min | Epicatechin 3-O-gallate-(4beta->6)-epicatechin 3-O-gallate-(4beta->8)-catechin,Epicatechin 3-O-gallate-(4beta->6)-epicatechin 3-O-gallate-(4beta->8)-catechin,15.69,0.0,,,-4.1520030934450505,0.3465935070873343,0.5741549006295235
15.7 min | Epicatechin 3-O-gallate-(4beta->6)-epicatechin 3-O-gallate-(4beta->8)-catechin,Epicatechin 3-O-gallate-(4beta->6)-epicatechin 3-O-gallate-(4beta->8)-catechin,15.7,0.0,,,-4.058893689053568,0.3465935070873343,0.5741549006295235
15.71 min | Dodecanedioic acid,Dodecanedioic acid,15.71,2.5787426807447784,0.09089627665381321,0.6984550572781879,2.117595815687938,0.4510202387390292,0.6328002589152159
15.73 min | Phenylpyruvic acid,Phenylpyruvic acid,15.73,0.8305361444912572,0.7477436360476863,0.8466614928433474,1.1203141236776741,0.41326530049297777,0.6056053499613994
"15.74 min | (E)-3-[6-[(2S,3R,4S,5S,6R)-3,4,5-trihydroxy-6-(hydroxymethyl)oxan-2-yl]oxy-1,3-benzodioxol-5-yl]prop-2-enoic acid","(E)-3-[6-[(2S,3R,4S,5S,6R)-3,4,5-trihydroxy-6-(hydroxymethyl)oxan-2-yl]oxy-1,3-benzodioxol-5-yl]prop-2-enoic acid",15.74,-6.438732738249692,0.5003023556842623,0.6984550572781879,10.900898247122166,0.02812210931257944,0.5520507739964242
"15.74 min | Coumaroyl quinic acid (isomer of 758, 759)","Coumaroyl quinic acid (isomer of 758, 759)",15.74,8.15891258450803,0.3331823251592911,0.6984550572781879,-4.421134372406592,0.053524851880307305,0.5520507739964242
15.74 min | D-(-)-quinic acid,D-(-)-quinic acid,15.74,12.279900715802762,0.3634269631360152,0.6984550572781879,-2.849316893664069,0.11049116947562976,0.5520507739964242
15.75 min | Methyl 7-epi-12-hydroxyjasmonate glucoside,Methyl 7-epi-12-hydroxyjasmonate glucoside,15.75,3.4188645773903197,0.02679018783399659,0.667126772391967,-0.21605032163828383,0.8037285998260223,0.8765605791690803
15.76 min | Pavetannin D1,Pavetannin D1,15.76,-4.248464030757649,0.07550600899198767,0.6984550572781879,4.937623905342546,0.06903865925901853,0.5520507739964242
15.76 min | NCGC00380170-01_C19H26O11_5-{[4-(beta-D-Glucopyranosyloxy)benzyl]oxy}-3-hydroxy-3-methyl-5-oxopentanoic acid,NCGC00380170-01_C19H26O11_5-{[4-(beta-D-Glucopyranosyloxy)benzyl]oxy}-3-hydroxy-3-methyl-5-oxopentanoic acid,15.76,2.9603860324914346,0.5434960179975732,0.7092907994648977,5.297352040554018,0.1623813801384794,0.5520507739964242
"15.77 min | Epicatechin-(2beta->7,4beta->6)-catechin","Epicatechin-(2beta->7,4beta->6)-catechin",15.77,-5.284791545669358,0.07933654589959584,0.6984550572781879,0.5885961724694059,0.4048718397765418,0.6033175915879234
"15.78 min | (Z)-Resveratrol 3,4'-diglucoside","(Z)-Resveratrol 3,4'-diglucoside",15.78,-2.0181527952433713,0.5786053199782297,0.7331915849311306,-4.339336650137629,0.06812585963820893,0.5520507739964242
15.79 min | Cinnamtannin A2,Cinnamtannin A2,15.79,-2.415867262991544,0.18067173987847598,0.6984550572781879,4.39369494816433,0.07179579859586747,0.5520507739964242
15.83 min | Benzoyl glucuronide (Benzoic acid),Benzoyl glucuronide (Benzoic acid),15.83,0.0,,,-12.759264045188788,0.08220505820412044,0.5520507739964242
15.84 min | 2-Octenedioic acid,2-Octenedioic acid,15.84,0.1355353173861552,0.8769233093885983,0.9227578866664036,0.007698647607594298,0.9905601339663246,0.9955384410726358
"15.84 min | Kaempferol 3-(2'',4''-di-(Z)-p-coumaroylrhamnoside)","Kaempferol 3-(2'',4''-di-(Z)-p-coumaroylrhamnoside)",15.84,0.4228407812216735,0.8478486880932201,0.9025698709172771,1.285035105316634,0.3441224776739506,0.5741549006295235
15.86 min | [Epicatechin-(4beta->8)]2-epicatechin 3'''-gallate,[Epicatechin-(4beta->8)]2-epicatechin 3'''-gallate,15.86,4.1688665310787005,0.4484901549943001,0.6984550572781879,0.9625950827076484,0.3940953917418248,0.6005581363138336
15.88 min | Isolariciresinol 9-O-beta-D-glucoside,Isolariciresinol 9-O-beta-D-glucoside,15.88,0.042904326251348004,0.9637184020422236,0.9780062953267635,0.377698917663154,0.7463360456692697,0.8441318033776568
"15.89 min | Epicatechin-(2beta->7,4beta->6)-catechin","Epicatechin-(2beta->7,4beta->6)-catechin",15.89,-6.199028984046199,0.07985550377646967,0.6984550572781879,0.15594181064213838,0.7557068332442746,0.8497166777269639
15.91 min | (E)-Resveratrol 3-glucoside 4'-sulfate,(E)-Resveratrol 3-glucoside 4'-sulfate,15.91,-6.377268475879774,0.49361551642962825,0.6984550572781879,2.1884345288450695,0.4301282545897792,0.6147414011158052
"15.91 min | 2',7-Dihydroxy-4'-methoxy-8-prenylflavan 2',7-diglucoside","2',7-Dihydroxy-4'-methoxy-8-prenylflavan 2',7-diglucoside",15.91,-5.664542843325743,0.15269482935620735,0.6984550572781879,-1.804374711600752,0.34296428309103183,0.5741549006295235
15.91 min | 4'-O-Methylepicatechin 7-O-glucuronide,4'-O-Methylepicatechin 7-O-glucuronide,15.91,6.986242366572658,0.3702215383386157,0.6984550572781879,-1.8294202696874131,0.211791842492476,0.5526955117883426
15.91 min | 4'-O-methyl-(-)-epicatechin-3'-O-beta-glucuronide,4'-O-methyl-(-)-epicatechin-3'-O-beta-glucuronide,15.91,5.348253991472797,0.35057857276262183,0.6984550572781879,4.167199021092119,0.21382189760786496,0.5526955117883426
"15.93 min | 3,3'-Digalloylprocyanidin B2","3,3'-Digalloylprocyanidin B2",15.93,-6.550746785383243,0.5000000000000001,0.6984550572781879,1.8419052928280684,0.42246602090943786,0.611333183198363
15.94 min | N-Carbobenzoxyglycyl-prolyl-4-methylcoumarinyl amide,N-Carbobenzoxyglycyl-prolyl-4-methylcoumarinyl amide,15.94,-5.519303074614696,0.3763326094021002,0.6984550572781879,1.4159290825606408,0.5814504485755221,0.7222950605878079
"15.95 min | 3,3'-Digalloylprocyanidin B2","3,3'-Digalloylprocyanidin B2",15.95,-1.7595806761964312,0.20497681590341424,0.6984550572781879,1.2711966746926153,0.4076619034558165,0.6042660975959486
15.98 min | 4-Hydroxycoumarin,4-Hydroxycoumarin,15.98,-6.330916878114617,0.5000000000000001,0.6984550572781879,1.4260203455173215,0.5579143792316794,0.7026293717968932
15.98 min | 4-Hydroxybenzoic acid,4-Hydroxybenzoic acid,15.98,10.522826699925806,0.5000000000000001,0.6984550572781879,0.29319031982964633,0.8691235832972708,0.9235611295513115
15.99 min | Phenethyl 6-galloylglucoside,Phenethyl 6-galloylglucoside,15.99,1.2938110063623296,0.03879642673542265,0.6984550572781879,-1.4210586093702886,0.2563635908519905,0.5614134422812136
16.0 min | (-)-Epigallocatechin 3-(3-methyl-gallate),(-)-Epigallocatechin 3-(3-methyl-gallate),16.0,-2.109855103629146,0.5240815041834748,0.7004225966548296,-0.24683943046014356,0.7422029007332618,0.840745572895084
16.05 min | C.I. Acid Green 3,C.I. Acid Green 3,16.05,-4.945752354015108,0.12655632585780974,0.6984550572781879,-10.345959596404112,0.021062642251448868,0.5520507739964242
"16.05 min | Epicatechin-(2beta->7,4beta->6)-catechin","Epicatechin-(2beta->7,4beta->6)-catechin",16.05,0.0,,,4.847581254696143,0.09902036147733681,0.5520507739964242
16.08 min | GALLIC ACID,GALLIC ACID,16.08,-6.124403336078133,0.1591948099176252,0.6984550572781879,-0.5131949160372129,0.633999094969385,0.7657795942510739
"16.08 min | (-)-Epigallocatechin 3,5-di-gallate","(-)-Epigallocatechin 3,5-di-gallate",16.08,0.0,,,-6.063095425032184,0.34659350708733416,0.5741549006295235
16.1 min | 8-Hydroxypinoresinol 8-glucoside,8-Hydroxypinoresinol 8-glucoside,16.1,-5.79854922692029,0.1339109332920766,0.6984550572781879,3.148910417879691,0.22280006524143456,0.5526955117883426
16.12 min | FERULIC ACID,FERULIC ACID,16.12,0.0,,,-6.034646142806891,0.16027395650232298,0.5520507739964242
16.12 min | eriodictyol-7-O-glucoside,eriodictyol-7-O-glucoside,16.12,2.9669739309523155,0.3588876524707799,0.6984550572781879,-9.051255005852234,0.05105491063764827,0.5520507739964242
16.14 min | Traumatic acid,Traumatic acid,16.14,-0.7472465459393723,0.7244260002120129,0.8319959683642999,3.0973771449985126,0.38690831973708,0.598671447280827
"16.14 min | (1R,3S,4S,6R)-6,9-Dihydroxyfenchone 6-O-b-D-glucoside","(1R,3S,4S,6R)-6,9-Dihydroxyfenchone 6-O-b-D-glucoside",16.14,-1.8176425993094176,0.6024184385425827,0.7483764449771286,-1.3158891784060218,0.3653570477832676,0.586651731542327
16.15 min | (E)-Resveratrol 3-glucoside 4'-sulfate,(E)-Resveratrol 3-glucoside 4'-sulfate,16.15,-5.002735853213504,0.5025407095829182,0.6984550572781879,1.8499211078704796,0.3083033073735745,0.5741549006295235
16.15 min | Ethyl 3-hydroxyoctanoate O-[glucosyl-(1->6)-glucoside],Ethyl 3-hydroxyoctanoate O-[glucosyl-(1->6)-glucoside],16.15,1.1157254657283673,0.4807578777108534,0.6984550572781879,2.3322133673242615,0.35870763654689497,0.5805399907272116
"16.18 min | Feruloyl quinic acid (isomer of 886, 888)","Feruloyl quinic acid (isomer of 886, 888)",16.18,3.700439718141092,0.5244215935509133,0.7004225966548296,4.231878180116166,0.20589659001387897,0.5520507739964242
16.2 min | 3-Hydroxysuberic acid.mol,3-Hydroxysuberic acid.mol,16.2,1.2195856207606743,0.38088185121771995,0.6984550572781879,4.686033560019119,0.36548163861496114,0.586651731542327
16.2 min | Kaempferol 3-gentiobioside 7-rhamnoside,Kaempferol 3-gentiobioside 7-rhamnoside,16.2,-13.904352376721366,0.1019089434049197,0.6984550572781879,7.5550471423828585,0.2783892563621198,0.5708973539169944
16.2 min | Linalool oxide D 3-[apiosyl-(1->6)-glucoside],Linalool oxide D 3-[apiosyl-(1->6)-glucoside],16.2,-10.52930853485899,0.5000000000000001,0.6984550572781879,1.3184088319136242,0.5960002185361128,0.73403028234177
16.21 min | Torachrysone 8-(2-apiosylglucoside),Torachrysone 8-(2-apiosylglucoside),16.21,1.556005805506606,0.01645831864710449,0.6007825812578725,0.49555261915359194,0.535098740435754,0.6897866732604131
16.24 min | Procyanidin C1,Procyanidin C1,16.24,-4.591482078371569,0.10877077379634872,0.6984550572781879,5.32907848747494,0.11386263618429304,0.5520507739964242
16.26 min | Mono-trans-p-coumaroylmesotartaric acid,Mono-trans-p-coumaroylmesotartaric acid,16.26,1.4203317989483568,0.5350377919374606,0.7031731307494958,9.03120149647872,0.1818868438674682,0.5520507739964242
16.28 min | Neryl rhamnosyl-glucoside,Neryl rhamnosyl-glucoside,16.28,1.9669614326447775,0.5906579064429479,0.7407615709624293,1.1252843066853064,0.6283021300023215,0.7645292200193129
16.3 min | 3'-O-methyl-(-)-epicatechin,3'-O-methyl-(-)-epicatechin,16.3,8.98299357469431,0.17567157136126135,0.6984550572781879,11.35188108993307,0.34755662954914995,0.5747425181680421
16.3 min | Isolariciresinol 9-O-beta-D-glucoside,Isolariciresinol 9-O-beta-D-glucoside,16.3,0.4543974592737084,0.30853049035243246,0.6984550572781879,-3.9716602240753147,0.11362189447083723,0.5520507739964242
16.31 min | Epicatechin 3-O-gallate-(4beta->6)-epicatechin 3-O-gallate-(4beta->8)-catechin,Epicatechin 3-O-gallate-(4beta->6)-epicatechin 3-O-gallate-(4beta->8)-catechin,16.31,0.0,,,-1.9097314261661547,0.3406756658821085,0.5741549006295235
16.31 min | Epicatechin 3-O-gallate-(4beta->6)-epicatechin 3-O-gallate-(4beta->6)-epicatechin 3-O-gallate,Epicatechin 3-O-gallate-(4beta->6)-epicatechin 3-O-gallate-(4beta->6)-epicatechin 3-O-gallate,16.31,0.0,,,-6.3058084295240855,0.177439622361198,0.5520507739964242
"16.31 min | 3-(1,1-Dimethylallyl)scopoletin 7-glucoside","3-(1,1-Dimethylallyl)scopoletin 7-glucoside",16.31,-1.8067240824815136,0.5076776101891046,0.6991740586865873,1.9512545989018646,0.18640369161377815,0.5520507739964242
16.32 min | 3-Hydroxysebacic acid,3-Hydroxysebacic acid,16.32,-0.4254326706412224,0.7681682962536641,0.8558166844553544,4.132023026225194,0.2137275943808308,0.5526955117883426
16.33 min | Epicatechin 3-O-gallate-(4beta->6)-epicatechin 3-O-gallate-(4beta->6)-epicatechin 3-O-gallate,Epicatechin 3-O-gallate-(4beta->6)-epicatechin 3-O-gallate-(4beta->6)-epicatechin 3-O-gallate,16.33,-9.236014191900084,0.5000000000000001,0.6984550572781879,-8.0528699014258,0.05452438471102474,0.5520507739964242
16.33 min | Tryptophol [xylosyl-(1->6)-glucoside],Tryptophol [xylosyl-(1->6)-glucoside],16.33,3.3188788776028173,0.20844388024425287,0.6984550572781879,0.8032154924020785,0.4015708557996482,0.6033175915879234
16.34 min | Epicatechin,Epicatechin,16.34,5.666125353615757,0.1150895273893319,0.6984550572781879,1.3667257088760194,0.5881210188212133,0.7288552676575237
16.34 min | Epifisetinidol-(4beta->8)-catechin,Epifisetinidol-(4beta->8)-catechin,16.34,0.2544843317602587,0.5819668136250351,0.7336211490356105,-0.20383799138650566,0.755879402341127,0.8497166777269639
16.35 min | Vanillylmandelic acid,Vanillylmandelic acid,16.35,-2.3853901913662816,0.5617296496400546,0.7213957695658861,-2.234930084340174,0.1405879367388826,0.5520507739964242
"16.35 min | EPIGALLOCATECHIN 3,5-DIGALLATE","EPIGALLOCATECHIN 3,5-DIGALLATE",16.35,0.0,,,0.0,,
16.36 min | Epicatechin 3-O-gallate-(4beta->6)-epicatechin 3-O-gallate-(4beta->8)-catechin,Epicatechin 3-O-gallate-(4beta->6)-epicatechin 3-O-gallate-(4beta->8)-catechin,16.36,-5.954196310386875,0.5000000000000001,0.6984550572781879,0.0,,
16.37 min | EPICATECHIN,EPICATECHIN,16.37,-11.251112517266165,0.27304498377407393,0.6984550572781879,1.8933827922272652,0.2721715438728867,0.5698229769594054
16.37 min | 2-Hydroxy-4-(2-(tosyloxy)acetamido)benzoic acid,2-Hydroxy-4-(2-(tosyloxy)acetamido)benzoic acid,16.37,0.0,,,0.0,,
16.38 min | (7'R)-(+)-Lyoniresinol 9'-glucoside,(7'R)-(+)-Lyoniresinol 9'-glucoside,16.38,2.193131298880049,0.36315692956629597,0.6984550572781879,1.572518471977379,0.20260425139447902,0.5520507739964242
16.39 min | 2-Hydroxycinnamic acid,2-Hydroxycinnamic acid,16.39,1.312212637862707,0.5805329871342232,0.7336211490356105,0.2812847258252356,0.6410765092631117,0.7684600612197285
16.39 min | 2-O-Acetyl-trans-coutaric acid,2-O-Acetyl-trans-coutaric acid,16.39,0.49769244491515247,0.7511824736477601,0.848064517075276,11.64591043242348,0.16133019247495403,0.5520507739964242
"16.4 min | Epicatechin-(2beta->7,4beta->6)-catechin","Epicatechin-(2beta->7,4beta->6)-catechin",16.4,-1.1110656045831613,0.18637641901228624,0.6984550572781879,1.1061618564010742,0.2710780234500762,0.5693220546230021
"16.4 min | Kaempferol 3-(2'',4''-di-(Z)-p-coumaroylrhamnoside)","Kaempferol 3-(2'',4''-di-(Z)-p-coumaroylrhamnoside)",16.4,0.0,,,5.494188269274925,0.2126526161000727,0.5526955117883426
16.44 min | Linalool oxide D 3-[apiosyl-(1->6)-glucoside],Linalool oxide D 3-[apiosyl-(1->6)-glucoside],16.44,0.2650191527413409,0.6753753960476638,0.7998174024128476,2.75146470894878,0.21699975773468358,0.5526955117883426
"16.46 min | 3,3'-Digalloylprocyanidin B2","3,3'-Digalloylprocyanidin B2",16.46,0.0,,,0.0,,
16.46 min | isovitexin,isovitexin,16.46,7.305092388580403,0.25233228649652056,0.6984550572781879,1.6579664460342538,0.3886838651911979,0.598671447280827
"16.47 min | (Z)-Resveratrol 3,4'-diglucoside","(Z)-Resveratrol 3,4'-diglucoside",16.47,-3.947377501594633,0.06978805192191737,0.6984550572781879,-0.5790453717665542,0.6832680192531133,0.7972360445988895
16.48 min | Gallic acid hexoside,Gallic acid hexoside,16.48,0.429864916956483,0.8421428366941431,0.8985920057944521,-5.142957953842044,0.11972286813289366,0.5520507739964242
16.49 min | Atrolactic acid,Atrolactic acid,16.49,-3.6265344391305363,0.48123390725736903,0.6984550572781879,-1.749456538349403,0.23759532457688115,0.5528789943033415
"16.49 min | 2,6-Dimethoxy-4-methylphenol","2,6-Dimethoxy-4-methylphenol",16.49,-4.639258478036297,0.4204021022817898,0.6984550572781879,-1.3072851253505104,0.11539190344633586,0.5520507739964242
"16.49 min | 3,7-Dimethylquercetin","3,7-Dimethylquercetin",16.49,-4.303780748177103,0.5000000000000001,0.6984550572781879,-0.7327944339898861,0.5736808578164995,0.7156759867097794
16.51 min | (+)-Lysergic acid,(+)-Lysergic acid,16.51,-2.254519317635417,0.24424001328158193,0.6984550572781879,5.959740526914097,0.12667489452800595,0.5520507739964242
16.51 min | [Epicatechin-(4beta->8)]2-epicatechin 3'''-gallate,[Epicatechin-(4beta->8)]2-epicatechin 3'''-gallate,16.51,4.746022089951225,0.2461709412623187,0.6984550572781879,1.9491136159253446,0.3089701643989587,0.5741549006295235
16.52 min | Procyanidin B2,Procyanidin B2,16.52,-4.339061262702538,0.08797999093695523,0.6984550572781879,4.0749051291494816,0.12383885450780042,0.5520507739964242
16.52 min | [Epicatechin-(4beta->8)]2-epicatechin 3'''-gallate,[Epicatechin-(4beta->8)]2-epicatechin 3'''-gallate,16.52,11.456611099574918,0.33611923171840463,0.6984550572781879,3.926192035885778,0.21739150601591614,0.5526955117883426
16.52 min | Isolariciresinol 9-O-beta-D-glucoside,Isolariciresinol 9-O-beta-D-glucoside,16.52,10.806549621985962,0.5000000000000001,0.6984550572781879,11.750078862693849,0.3838880229145674,0.598671447280827
16.53 min | 2-Hydroxybenzaldehyde O-[xylosyl-(1->6)-glucoside],2-Hydroxybenzaldehyde O-[xylosyl-(1->6)-glucoside],16.53,3.3213547246575637,0.25308061552958816,0.6984550572781879,3.9443653010271813,0.37416873714032167,0.5951218276068047
16.53 min | Gibberellin A55,Gibberellin A55,16.53,-5.538673093768455,0.40749969864851626,0.6984550572781879,-0.6737972500123117,0.3294826881131076,0.5741549006295235
16.55 min | 7-Hydroxy-2-methyl-4-oxo-4H-1-benzopyran-5-carboxylic acid 7-glucoside,7-Hydroxy-2-methyl-4-oxo-4H-1-benzopyran-5-carboxylic acid 7-glucoside,16.55,4.483734363362771,0.3863228288764762,0.6984550572781879,9.44493659279917,0.18549797559214315,0.5520507739964242
16.55 min | 8-Hydroxypinoresinol 8-glucoside,8-Hydroxypinoresinol 8-glucoside,16.55,-4.867206668776716,0.30211227056825585,0.6984550572781879,-3.8731209926327814,0.029396804263916346,0.5520507739964242
"16.57 min | 7-methyl-1-[(2S,3R,4S,5S,6R)-3,4,5-trihydroxy-6-(hydroxymethyl)oxan-2-yl]oxy-1,4a,5,6,7,7a-hexahydrocyclopenta[c]pyran-4-carboxylic acid","7-methyl-1-[(2S,3R,4S,5S,6R)-3,4,5-trihydroxy-6-(hydroxymethyl)oxan-2-yl]oxy-1,4a,5,6,7,7a-hexahydrocyclopenta[c]pyran-4-carboxylic acid",16.57,3.042254947931439,0.3943904801736823,0.6984550572781879,-3.8380953259828336,0.1726954262723009,0.5520507739964242
16.58 min | 2-Hydroxy-4-(2-(tosyloxy)acetamido)benzoic acid,2-Hydroxy-4-(2-(tosyloxy)acetamido)benzoic acid,16.58,11.285980105928212,0.0924402299551072,0.6984550572781879,-11.125377592810485,0.061962273291698025,0.5520507739964242
16.58 min | Neryl rhamnosyl-glucoside,Neryl rhamnosyl-glucoside,16.58,0.6470047587564106,0.6914556560513311,0.8104475968615344,2.9030192274529636,0.17026382130315373,0.5520507739964242
16.59 min | Eriodictyol 7-(6-galloylglucoside),Eriodictyol 7-(6-galloylglucoside),16.59,3.379394593262935,0.11193707188416988,0.6984550572781879,2.9396850210395984,0.14658553135722938,0.5520507739964242
16.6 min | naringenin-7-O-glucoside,naringenin-7-O-glucoside,16.6,3.352059559998327,0.4053883285973483,0.6984550572781879,-1.1617947590117426,0.19919401024211836,0.5520507739964242
16.6 min | 4'-O-methyl-(-)-epicatechin-3'-O-beta-glucuronide,4'-O-methyl-(-)-epicatechin-3'-O-beta-glucuronide,16.6,6.720534935040803,0.2563322239705774,0.6984550572781879,5.246595523824522,0.06610163991121401,0.5520507739964242
"16.6 min | (1R,3S,4S,6R)-6,9-Dihydroxyfenchone 6-O-b-D-glucoside","(1R,3S,4S,6R)-6,9-Dihydroxyfenchone 6-O-b-D-glucoside",16.6,3.039606757146692,0.045506933661244114,0.6984550572781879,0.4428462333231816,0.7168004968663091,0.8239856178930469
16.62 min | Phenethyl 6-galloylglucoside,Phenethyl 6-galloylglucoside,16.62,2.5307220814924234,0.34991161245967395,0.6984550572781879,1.9679083965062234,0.2672366009171943,0.5693220546230021
16.63 min | 3-(4-Hydroxy-3-methoxyphenyl)propionic acid,3-(4-Hydroxy-3-methoxyphenyl)propionic acid,16.63,6.867278739709662,0.5000000000000001,0.6984550572781879,-0.5814161549210759,0.6922631729112,0.8070935570433896
16.63 min | (-)-Epigallocatechin 3-(3-methyl-gallate),(-)-Epigallocatechin 3-(3-methyl-gallate),16.63,3.7426310864981964,0.523852620679615,0.7004225966548296,3.027118401550459,0.44266851321328404,0.6249453854335885
16.66 min | Suberic acid,Suberic acid,16.66,0.0,,,-0.6093868834334887,0.7180045494578511,0.8240860925348275
"16.67 min | Epicatechin-(2beta->7,4beta->6)-catechin","Epicatechin-(2beta->7,4beta->6)-catechin",16.67,-14.9943976363975,0.06821723380094884,0.6984550572781879,0.20913343856988975,0.8179469030972109,0.8871930940929686
16.68 min | ellagic acid,ellagic acid,16.68,-12.400879436282183,0.1355516434895445,0.6984550572781879,-0.9536486434612687,0.5427284372455837,0.6945695506135874
16.68 min | Methyl salicylate O-[rhamnosyl-(1->6)-glucoside],Methyl salicylate O-[rhamnosyl-(1->6)-glucoside],16.68,2.6314840245185582,0.4572271928651084,0.6984550572781879,2.0307110807161566,0.22054777945251092,0.5526955117883426
16.7 min | Kaempferol 3-rungioside,Kaempferol 3-rungioside,16.7,-12.660218788535618,0.13327064633257082,0.6984550572781879,-5.439138831980395,0.052880592347535386,0.5520507739964242
16.7 min | Caffeic Acid,Caffeic Acid,16.7,-4.03342300153745,0.5000000000000001,0.6984550572781879,8.652825378099536,0.270660215585407,0.5693220546230021
16.71 min | 4-Hydroxy-5-(3'-hydroxyphenyl)-valeric acid-3'-O-sulphate,4-Hydroxy-5-(3'-hydroxyphenyl)-valeric acid-3'-O-sulphate,16.71,0.0,,,-8.526679727152,0.042313671544221186,0.5520507739964242
16.72 min | 7-Hydroxyoctanoic acid.mol,7-Hydroxyoctanoic acid.mol,16.72,6.65642486327778,0.09879551535128661,0.6984550572781879,4.229104344400564,0.3117969498542684,0.5741549006295235
"16.72 min | 3-(1,1-Dimethylallyl)scopoletin 7-glucoside","3-(1,1-Dimethylallyl)scopoletin 7-glucoside",16.72,0.0,,,1.3786955912014534,0.589438885005066,0.7292638677849769
16.73 min | Linalool oxide D 3-[apiosyl-(1->6)-glucoside],Linalool oxide D 3-[apiosyl-(1->6)-glucoside],16.73,-12.26308577040447,0.28786506223575825,0.6984550572781879,1.8062921243388699,0.28552921462182534,0.5730105492273002
"16.74 min | 6-Feruloylglucose 2,3,4-trihydroxy-3-methylbutylglycoside","6-Feruloylglucose 2,3,4-trihydroxy-3-methylbutylglycoside",16.74,-10.579315937580015,0.09993102665283962,0.6984550572781879,1.3564596537427593,0.38060308270518806,0.598671447280827
16.76 min | ent-Epicatechin-(4alpha->8)-ent-epicatechin 3-gallate,ent-Epicatechin-(4alpha->8)-ent-epicatechin 3-gallate,16.76,11.494855584491198,0.27171586623382105,0.6984550572781879,9.244958393151133,0.036495680173279615,0.5520507739964242
16.76 min | Pavetannin B6,Pavetannin B6,16.76,-13.820278702816962,0.28351352013506603,0.6984550572781879,-0.8067004067739402,0.49267353705291156,0.6628861811213286
"16.76 min | Kaempferol 3-(2'',4''-di-(Z)-p-coumaroylrhamnoside)","Kaempferol 3-(2'',4''-di-(Z)-p-coumaroylrhamnoside)",16.76,0.12222637892464401,0.9577374673168938,0.9741029663869447,1.667329136846234,0.17998308640219213,0.5520507739964242
16.76 min | (-)-epicatechin-3'-O-glucuronide,(-)-epicatechin-3'-O-glucuronide,16.76,12.590093976488776,0.23179040177400145,0.6984550572781879,1.3587972295320574,0.3380206444319623,0.5741549006295235
"16.78 min | (Z)-Resveratrol 3,4'-diglucoside","(Z)-Resveratrol 3,4'-diglucoside",16.78,-2.5344887392687854,0.4362906581655948,0.6984550572781879,1.381020543915045,0.38170270301420123,0.598671447280827
16.79 min | Cinnamtannin A2,Cinnamtannin A2,16.79,-13.695989464702496,0.2855392065448857,0.6984550572781879,3.30940879075694,0.10994020662674238,0.5520507739964242
16.8 min | (-)-Catechin gallate,(-)-Catechin gallate,16.8,4.052141128670051,0.16267526857407033,0.6984550572781879,-0.25463005173948805,0.8713363241134406,0.9247941866933538
16.8 min | EPICATECHIN,EPICATECHIN,16.8,2.126500603307788,0.04558388776155596,0.6984550572781879,2.4347713479688533,0.1518229226309631,0.5520507739964242
16.8 min | GALLIC ACID,GALLIC ACID,16.8,12.126220482330105,0.12094765913014476,0.6984550572781879,-0.2587706806483756,0.7798201472849128,0.8641250280724709
16.8 min | 4-Hydroxybenzoic acid,4-Hydroxybenzoic acid,16.8,0.7647105846491103,0.7630832439208957,0.8541790359179936,2.6777540312347288,0.4315857866443253,0.6147414011158052
"16.81 min | (3b,9R)-5-Megastigmene-3,9-diol 9-[apiosyl-(1->6)-glucoside]","(3b,9R)-5-Megastigmene-3,9-diol 9-[apiosyl-(1->6)-glucoside]",16.81,0.0,,,6.075569208169084,0.1819708825000089,0.5520507739964242
16.82 min | Epicatechin 3-O-gallate-(4beta->6)-epicatechin 3-O-gallate-(4beta->8)-catechin,Epicatechin 3-O-gallate-(4beta->6)-epicatechin 3-O-gallate-(4beta->8)-catechin,16.82,1.0539388071108038,0.5001478251778363,0.6984550572781879,-7.078002512001273,0.0829128680310549,0.5520507739964242
16.83 min | Kaempferol 3-O-(2''-rhamnosyl-6''-acetyl-galactoside) 7-O-rhamnoside,Kaempferol 3-O-(2''-rhamnosyl-6''-acetyl-galactoside) 7-O-rhamnoside,16.83,2.703174795019867,0.5207831200185662,0.6997294505849944,5.087909426934416,0.25691388573062995,0.5617850301309775
"16.84 min | (3b,9R)-5-Megastigmene-3,9-diol 9-[apiosyl-(1->6)-glucoside]","(3b,9R)-5-Megastigmene-3,9-diol 9-[apiosyl-(1->6)-glucoside]",16.84,9.009128789539256,0.5000000000000001,0.6984550572781879,2.5246443033225496,0.44274805374480497,0.6249453854335885
16.85 min | 8-Hydroxypinoresinol 8-glucoside,8-Hydroxypinoresinol 8-glucoside,16.85,-0.9158079443401996,0.29726724056551745,0.6984550572781879,2.9880515244118504,0.44681591128962506,0.628095509584273
16.85 min | Gallocatechin-(4alpha->8)-gallocatechin-(4alpha->8)-gallocatechin,Gallocatechin-(4alpha->8)-gallocatechin-(4alpha->8)-gallocatechin,16.85,7.271463027904375,0.5000000000000001,0.6984550572781879,-4.6692787866546315,0.34659350708733416,0.5741549006295235
16.88 min | Epicatechin 3-O-gallate-(4beta->6)-epicatechin 3-O-gallate-(4beta->8)-catechin,Epicatechin 3-O-gallate-(4beta->6)-epicatechin 3-O-gallate-(4beta->8)-catechin,16.88,-4.499845887083206,0.5000000000000001,0.6984550572781879,-5.662173844596822,0.09689983708320284,0.5520507739964242
16.88 min | (7'R)-(+)-Lyoniresinol 9'-glucoside,(7'R)-(+)-Lyoniresinol 9'-glucoside,16.88,1.4639342704250538,0.002954290648603798,0.5629295164231541,-0.052963193371762515,0.9736621294924276,0.9863591648118208
16.89 min | Quercetin 3-galactoside,Quercetin 3-galactoside,16.89,2.7962540109567944,0.5491392824258717,0.7132558611394861,-3.593136342159067,0.005747510518425109,0.5520507739964242
16.89 min | Ethyl 3-hydroxyoctanoate O-[glucosyl-(1->6)-glucoside],Ethyl 3-hydroxyoctanoate O-[glucosyl-(1->6)-glucoside],16.89,5.106614741080237,0.0378647065139969,0.6984550572781879,1.8635640621619796,0.3217682958002774,0.5741549006295235
16.9 min | Phenethyl 6-galloylglucoside,Phenethyl 6-galloylglucoside,16.9,17.297077468923487,0.42340609880679936,0.6984550572781879,5.157687214300386,0.24377041364320992,0.5533572321373632
16.9 min | Laricitrin 3-glucoside,Laricitrin 3-glucoside,16.9,1.69931261258307,0.37243459949965757,0.6984550572781879,0.0,,
16.91 min | Epicatechin 3-O-gallate-(4beta->6)-epicatechin 3-O-gallate-(4beta->8)-catechin,Epicatechin 3-O-gallate-(4beta->6)-epicatechin 3-O-gallate-(4beta->8)-catechin,16.91,0.0,,,0.0,,
16.93 min | Linalool oxide D 3-[apiosyl-(1->6)-glucoside],Linalool oxide D 3-[apiosyl-(1->6)-glucoside],16.93,0.0,,,6.384949883345677,0.39596622571970624,0.6019012864699139
16.95 min | L-(-)-3-Phenyllactic acid,L-(-)-3-Phenyllactic acid,16.95,0.7864459322946233,0.6979334014154017,0.81524814550997,1.027860077337308,0.32990315673604365,0.5741549006295235
"16.95 min | 3,4-Dimethoxyphenylacetic acid.mol","3,4-Dimethoxyphenylacetic acid.mol",16.95,6.9113919878434595,0.5000000000000001,0.6984550572781879,2.3460597573602606,0.30486023040686877,0.5741549006295235
16.95 min | quercetin-3-O-deoxyhexosyl(1-2)pentoside,quercetin-3-O-deoxyhexosyl(1-2)pentoside,16.95,-0.6209443197805592,0.758823709751032,0.8508478854346502,-3.747809824556864,0.057993200322447064,0.5520507739964242
16.95 min | [Epicatechin-(4beta->8)]2-epicatechin 3'''-gallate,[Epicatechin-(4beta->8)]2-epicatechin 3'''-gallate,16.95,5.492201531312865,0.4284514980978565,0.6984550572781879,1.7764990025559093,0.31994618941805986,0.5741549006295235
16.96 min | Gibberellin A3,Gibberellin A3,16.96,-0.06795738410047494,0.9653405071579193,0.9782021867499566,1.4419614995595917,0.15839331292305062,0.5520507739964242
"16.97 min | Benzoic acid + 1O, O-Hex","Benzoic acid + 1O, O-Hex",16.97,1.8763282612673515,0.4503530387118224,0.6984550572781879,-0.2491593308992334,0.8837993307340605,0.9324430394306457
"16.98 min | 2-Hydroxy-3,4-Dimethoxybenzoic Acid","2-Hydroxy-3,4-Dimethoxybenzoic Acid",16.98,6.060695931687554,0.42748168042661727,0.6984550572781879,0.49401012893816393,0.7011456312892645,0.8110430656606226
16.99 min | 4'-O-Methylepicatechin 7-O-glucuronide,4'-O-Methylepicatechin 7-O-glucuronide,16.99,11.183428617583091,0.11064458596125683,0.6984550572781879,4.6997114424032445,0.1944965572733554,0.5520507739964242
16.99 min | Pavetannin B6,Pavetannin B6,16.99,-4.903783531455164,0.04889613273919808,0.6984550572781879,3.188297533712506,0.2821344292472809,0.5708973539169944
16.99 min | Luteolin 7-O-(2-apiosyl-4-glucosyl-6-malonyl)-glucoside,Luteolin 7-O-(2-apiosyl-4-glucosyl-6-malonyl)-glucoside,16.99,-11.89026427702111,0.5000000000000001,0.6984550572781879,1.6017807459191513,0.5559800591044631,0.702567631609004
17.0 min | eriodictyol-7-O-glucoside,eriodictyol-7-O-glucoside,17.0,8.387274280090091,0.08631932080672196,0.6984550572781879,-2.7665027306889165,0.0876958432561678,0.5520507739964242
"17.01 min | 3-(1,1-Dimethylallyl)scopoletin 7-glucoside","3-(1,1-Dimethylallyl)scopoletin 7-glucoside",17.01,0.6925905377769577,0.5533486788628798,0.7146550390219645,0.679002386546373,0.4889359547919988,0.6614752238982495
17.02 min | Gibberellin A105,Gibberellin A105,17.02,-10.840384550711667,0.2665560298844531,0.6984550572781879,1.8573093920155144,0.2707030789333344,0.5693220546230021
"17.02 min | 6-Feruloylglucose 2,3,4-trihydroxy-3-methylbutylglycoside","6-Feruloylglucose 2,3,4-trihydroxy-3-methylbutylglycoside",17.02,0.4249621481838403,0.5891343549913913,0.740610589516267,-11.674878822105832,0.036954990207415,0.5520507739964242
17.03 min | Epifisetinidol-(4beta->8)-catechin,Epifisetinidol-(4beta->8)-catechin,17.03,1.3539375046981668,0.47417315729508375,0.6984550572781879,2.1650338223770147,0.3679379249726254,0.5877449970341938
17.03 min | Cinnamtannin II,Cinnamtannin II,17.03,-5.03951584671408,0.1938903628534131,0.6984550572781879,2.93919844158829,0.17405328019617716,0.5520507739964242
17.03 min | Isolariciresinol 9-O-beta-D-glucoside,Isolariciresinol 9-O-beta-D-glucoside,17.03,3.296049463061757,0.5328316092988578,0.7030472612105407,7.7931310373673615,0.22146800619353393,0.5526955117883426
"17.04 min | Epicatechin-(2beta->7,4beta->6)-catechin","Epicatechin-(2beta->7,4beta->6)-catechin",17.04,-14.778847155550874,0.056627331668498454,0.6984550572781879,3.1512625635972307,0.05285625609055352,0.5520507739964242
17.05 min | Kaempferol 3-rungioside,Kaempferol 3-rungioside,17.05,0.0,,,-3.8786232661119504,0.13669700130608992,0.5520507739964242
17.05 min | 2-Hydroxycinnamic acid,2-Hydroxycinnamic acid,17.05,2.923304641386976,0.029538349527753912,0.667126772391967,3.652968181342003,0.21311554270953,0.5526955117883426
"17.07 min | (2S)-2-[(4-Methylphenyl)sulfonylamino]-3-[[4-oxo-5-(2-piperidin-4-ylethyl)-7,8-dihydro-6H-pyrazolo[1,5-a][1,4]diazepine-2-carbonyl]amino]propanoic acid","(2S)-2-[(4-Methylphenyl)sulfonylamino]-3-[[4-oxo-5-(2-piperidin-4-ylethyl)-7,8-dihydro-6H-pyrazolo[1,5-a][1,4]diazepine-2-carbonyl]amino]propanoic acid",17.07,2.420517667285418,0.3438695141099618,0.6984550572781879,-11.714531738288208,0.10261969570793143,0.5520507739964242
"17.1 min | 4',7-Di-O-methylcatechin","4',7-Di-O-methylcatechin",17.1,-0.1309160881906896,0.8517654362855219,0.9041299894756941,1.5838361012094118,0.2626953604294864,0.5660413897721487
17.1 min | Cinnamtannin A2,Cinnamtannin A2,17.1,-5.685662369976657,0.12279922344251143,0.6984550572781879,3.5847060747867387,0.1526979656290598,0.5520507739964242
17.1 min | Epicatechin Monogallate,Epicatechin Monogallate,17.1,-9.255323690008137,0.5000000000000001,0.6984550572781879,-3.443234391109496,0.15305971397377408,0.5520507739964242
17.11 min | EPICATECHIN,EPICATECHIN,17.11,0.0,,,2.167711429790731,0.2747322365670058,0.5703302126201133
"17.13 min | trans-p-Menthane-1,7,8-triol 8-glucoside","trans-p-Menthane-1,7,8-triol 8-glucoside",17.13,1.4434715107288634,0.31902533388003257,0.6984550572781879,1.1959202099752568,0.4861731561038591,0.6601578458227194
17.13 min | Xanthylic acid,Xanthylic acid,17.13,-7.043027283594547,0.5000000000000001,0.6984550572781879,1.2791735311802224,0.32298148151061384,0.5741549006295235
17.14 min | (-)-Epigallocatechin 3-p-coumaroate,(-)-Epigallocatechin 3-p-coumaroate,17.14,0.0,,,-1.1176238368527518,0.4262761252408543,0.6132417709170255
"17.16 min | 11,13-Dihydrotaraxinic acid glucosyl ester","11,13-Dihydrotaraxinic acid glucosyl ester",17.16,2.635323049131965,0.014480300823955947,0.6007825812578725,10.871087042254524,0.3737032943781894,0.595022721145855
17.16 min | 6-Epi-7-isocucurbic acid glucoside,6-Epi-7-isocucurbic acid glucoside,17.16,1.8798995225115103,0.23502649718436042,0.6984550572781879,1.4763431854111124,0.33905037256193665,0.5741549006295235
17.17 min | Procyanidin B1,Procyanidin B1,17.17,-0.3239092006789515,0.6928803925049082,0.8114228035408205,3.6470000080544915,0.12196085582048866,0.5520507739964242
17.18 min | Monoisobutyl phthalic acid,Monoisobutyl phthalic acid,17.18,0.4812145758833274,0.7580520319353214,0.8508478854346502,-1.0303181426263799,0.6397626888972637,0.7684600612197285
17.18 min | Isolimonic acid,Isolimonic acid,17.18,0.9473959159613121,0.7145423607222711,0.8261896045851259,12.826367493760417,0.3909083081825481,0.598671447280827
17.18 min | Abscisic acid; LC-tDDA; CE30,Abscisic acid; LC-tDDA; CE30,17.18,2.3043076140640655,0.043842203311867896,0.6984550572781879,6.074669149313213,0.3451903242651473,0.5741549006295235
17.21 min | Epicatechin-(4beta->8)-gallocatechin,Epicatechin-(4beta->8)-gallocatechin,17.21,-0.39850889739932543,0.8188155768655422,0.8810684751179862,0.8893093591963378,0.16438335564359835,0.5520507739964242
17.22 min | 4'-O-methyl-(-)-epicatechin-5-O-beta-glucuronide,4'-O-methyl-(-)-epicatechin-5-O-beta-glucuronide,17.22,11.206556539738695,0.5000000000000001,0.6984550572781879,-1.5355679444250652,0.3027147538151868,0.5741549006295235
17.22 min | [Epicatechin-(4beta->8)]2-epicatechin 3'''-gallate,[Epicatechin-(4beta->8)]2-epicatechin 3'''-gallate,17.22,4.656270360148421,0.3534237814906706,0.6984550572781879,8.501837184902296,0.11624261263553749,0.5520507739964242
17.24 min | FERULIC ACID,FERULIC ACID,17.24,1.2115154467346236,0.4479114205229663,0.6984550572781879,-0.22527344070062869,0.8533772015528325,0.9107626532841508
17.24 min | [Epicatechin-(4beta->8)]2-epicatechin 3'''-gallate,[Epicatechin-(4beta->8)]2-epicatechin 3'''-gallate,17.24,5.018517823977577,0.08823109170760719,0.6984550572781879,0.3412729195014899,0.850294394048341,0.9087867672812101
"17.27 min | 6-Feruloylglucose 2,3,4-trihydroxy-3-methylbutylglycoside","6-Feruloylglucose 2,3,4-trihydroxy-3-methylbutylglycoside",17.27,0.24195544418679726,0.8873407104334557,0.9287228077854747,3.5035963895643034,0.3549659624412502,0.5797802987012372
17.28 min | Epicatechin 3-O-gallate-(4beta->6)-epicatechin 3-O-gallate-(4beta->6)-epicatechin 3-O-gallate,Epicatechin 3-O-gallate-(4beta->6)-epicatechin 3-O-gallate-(4beta->6)-epicatechin 3-O-gallate,17.28,-8.527477006060396,0.2456605371527964,0.6984550572781879,-1.0590301076665858,0.4486526461802858,0.6300773603825898
17.28 min | eriodictyol-7-O-glucoside,eriodictyol-7-O-glucoside,17.28,11.534424480081311,0.2828781354221508,0.6984550572781879,11.396972852197932,0.3889648010805888,0.598671447280827
17.32 min | (-)-Epigallocatechin 3-(3-methyl-gallate),(-)-Epigallocatechin 3-(3-methyl-gallate),17.32,4.922452610505034,0.41766586487340274,0.6984550572781879,2.012817983792332,0.43604736747352785,0.6182573625273075
17.32 min | Butyl (S)-3-hydroxybutyrate [arabinosyl-(1->6)-glucoside],Butyl (S)-3-hydroxybutyrate [arabinosyl-(1->6)-glucoside],17.32,-2.0578295584201203,0.3384502951586403,0.6984550572781879,-4.985864242043099,0.04292559290921399,0.5520507739964242
17.33 min | Isolariciresinol 9-O-beta-D-glucoside,Isolariciresinol 9-O-beta-D-glucoside,17.33,12.573883830656468,0.4104668125149296,0.6984550572781879,-11.046138749342635,0.24368414918925058,0.5533572321373632
17.34 min | Epifisetinidol-(4beta->8)-catechin,Epifisetinidol-(4beta->8)-catechin,17.34,0.0,,,0.8881879783932451,0.5171327601348489,0.679684877952477
"17.36 min | 3,3'-Digalloylprocyanidin B2","3,3'-Digalloylprocyanidin B2",17.36,2.0903465020962537,0.581147483641379,0.7336211490356105,6.400879436282184,0.25446714604968623,0.5580884213511693
17.37 min | Linalool oxide D 3-[apiosyl-(1->6)-glucoside],Linalool oxide D 3-[apiosyl-(1->6)-glucoside],17.37,-2.479906303696026,0.06266581504026798,0.6984550572781879,2.123323879532398,0.14744063328016796,0.5520507739964242
"17.39 min | 2-((2'-(5-Ethyl-3,4-diphenyl-1H-pyrazol-1-yl)-[1,1'-biphenyl]-3-yl)oxy)acetic acid","2-((2'-(5-Ethyl-3,4-diphenyl-1H-pyrazol-1-yl)-[1,1'-biphenyl]-3-yl)oxy)acetic acid",17.39,7.038173848040861,0.22340826440429812,0.6984550572781879,5.5205727094997155,0.1889845331182739,0.5520507739964242
17.42 min | Gibberellin A75,Gibberellin A75,17.42,-3.6500943619859445,0.2709795407602357,0.6984550572781879,2.2095153543732775,0.3832295929765575,0.598671447280827
17.42 min | Kaempferol 3-rungioside,Kaempferol 3-rungioside,17.42,1.2968989817324914,0.4432354821143091,0.6984550572781879,-0.6368678040087733,0.6077388071652265,0.7444169953326759
17.45 min | 4'-Methyl-(-)-epigallocatechin 3-(4-methyl-gallate),4'-Methyl-(-)-epigallocatechin 3-(4-methyl-gallate),17.45,7.0141404014037185,0.28987475542113,0.6984550572781879,-2.6862781807173564,0.2573053368204847,0.5618086940044902
17.48 min | 4'-O-Methylepicatechin 7-O-glucuronide,4'-O-Methylepicatechin 7-O-glucuronide,17.48,10.96956639729051,0.5000000000000001,0.6984550572781879,-1.0830431405136178,0.39426885778326876,0.6005581363138336
17.48 min | Pavetannin D1,Pavetannin D1,17.48,-2.2148756809235848,0.14093352424734001,0.6984550572781879,3.173036660047376,0.14767230476996882,0.5520507739964242
17.48 min | Epicatechin 3-O-(3-O-methylgallate),Epicatechin 3-O-(3-O-methylgallate),17.48,5.926587670735557,0.5052575296640458,0.6991740586865873,-1.0463936677969292,0.2613560377889297,0.5639937185814982
17.52 min | naringenin-7-O-glucoside,naringenin-7-O-glucoside,17.52,2.8791836664386765,0.26589289758957874,0.6984550572781879,-3.36611749990907,0.006789357860405302,0.5520507739964242
17.53 min | Ethyl 7-epi-12-hydroxyjasmonate glucoside,Ethyl 7-epi-12-hydroxyjasmonate glucoside,17.53,18.207474338541335,0.40454530274463457,0.6984550572781879,0.9602519330579429,0.22313071659199712,0.5526955117883426
17.55 min | (S)-9-Hydroxy-10-undecenoic acid,(S)-9-Hydroxy-10-undecenoic acid,17.55,-4.096342713721643,0.4953286350687917,0.6984550572781879,-4.769251942796018,0.013977791995550066,0.5520507739964242
17.56 min | 1-[2-(Benzhydryloxy)ethyl]piperidine-4-acetic acid ethyl ester,1-[2-(Benzhydryloxy)ethyl]piperidine-4-acetic acid ethyl ester,17.56,4.500281777444402,0.42751496806867006,0.6984550572781879,1.8111837769803392,0.17897079166633473,0.5520507739964242
"17.57 min | (Z)-Resveratrol 3,4'-diglucoside","(Z)-Resveratrol 3,4'-diglucoside",17.57,-2.0284829388512375,0.5880227635352246,0.7398926133085685,-0.24631463192445513,0.7579035130740496,0.8510793348798813
17.58 min | Epicatechin-(4beta->8)-gallocatechin,Epicatechin-(4beta->8)-gallocatechin,17.58,-8.306061689428342,0.5000000000000001,0.6984550572781879,-0.5947954680310428,0.7178268452184048,0.8240860925348275
17.58 min | Isorhamnetin-3-O-galactoside-6''-rhamnoside,Isorhamnetin-3-O-galactoside-6''-rhamnoside,17.58,-2.478455289493521,0.05388896575281742,0.6984550572781879,1.2439681061847536,0.11753535140161538,0.5520507739964242
"17.62 min | 2-[4-(3-Hydroxypropyl)-2-methoxyphenoxy]-1,3-propanediol 1-glucoside","2-[4-(3-Hydroxypropyl)-2-methoxyphenoxy]-1,3-propanediol 1-glucoside",17.62,12.514819405100832,0.08074152536262905,0.6984550572781879,8.79197682089869,0.19611848003086135,0.5520507739964242
17.63 min | Mono-trans-p-coumaroylmesotartaric acid,Mono-trans-p-coumaroylmesotartaric acid,17.63,2.5353502527113316,0.06894007310390639,0.6984550572781879,10.73809543506522,0.19959061381028395,0.5520507739964242
"17.65 min | (7'S,8'S)-4,7'-Epoxy-3,8'-bilign-7-ene-3',5-dimethoxy-4',9,9'-triol 4'-glucoside","(7'S,8'S)-4,7'-Epoxy-3,8'-bilign-7-ene-3',5-dimethoxy-4',9,9'-triol 4'-glucoside",17.65,-0.6940881673390835,0.30046760663647104,0.6984550572781879,-1.2059578279460568,0.2676282077591278,0.5693220546230021
17.65 min | (-)-Catechin gallate,(-)-Catechin gallate,17.65,-3.9903926723259593,0.46655917688991083,0.6984550572781879,4.112794894156398,0.20899186737253303,0.5526955117883426
17.66 min | Marmesin rhamnoside,Marmesin rhamnoside,17.66,1.691748836488197,0.02716577361361326,0.667126772391967,2.3434360300830117,0.2868934931429369,0.5730105492273002
17.67 min | Butyl (S)-3-hydroxybutyrate [arabinosyl-(1->6)-glucoside],Butyl (S)-3-hydroxybutyrate [arabinosyl-(1->6)-glucoside],17.67,-5.584962500721156,0.5000000000000001,0.6984550572781879,-3.779261768638245,0.0999854652654735,0.5520507739964242
17.67 min | Linalool oxide D 3-[apiosyl-(1->6)-glucoside],Linalool oxide D 3-[apiosyl-(1->6)-glucoside],17.67,-3.0955918168896313,0.0813544816432017,0.6984550572781879,0.6155811053506772,0.5185697243633685,0.679684877952477
17.67 min | Limocitrin 3-glucoside,Limocitrin 3-glucoside,17.67,14.184119868256811,0.5000000000000001,0.6984550572781879,-0.26891427570927334,0.8955362879135649,0.9394538457430147
17.69 min | Kaempferol 3-alpha-D-galactoside,Kaempferol 3-alpha-D-galactoside,17.69,9.88683970588442,0.40400069265080213,0.6984550572781879,-7.386741047049547,0.0547380368417097,0.5520507739964242
"17.69 min | Epicatechin-(2beta->7,4beta->6)-catechin","Epicatechin-(2beta->7,4beta->6)-catechin",17.69,-2.7413663625098494,0.028819844508628848,0.667126772391967,0.7377468889664555,0.33986317819654704,0.5741549006295235
17.75 min | Phloretin-2'-O-glucoside,Phloretin-2'-O-glucoside,17.75,1.931423496308614,0.3376799949091895,0.6984550572781879,-0.9035179837085784,0.2455092672388694,0.5533572321373632
"17.77 min | 3,3'-Digalloylprocyanidin B2","3,3'-Digalloylprocyanidin B2",17.77,-8.432541900388259,0.1738712805936529,0.6984550572781879,0.2710271965873246,0.8715370688959723,0.9247941866933538
17.78 min | Epicatechin 3-O-gallate-(4beta->6)-epicatechin 3-O-gallate-(4beta->8)-catechin,Epicatechin 3-O-gallate-(4beta->6)-epicatechin 3-O-gallate-(4beta->8)-catechin,17.78,-6.280770770130602,0.5000000000000001,0.6984550572781879,-2.175948789070082,0.08033528925733632,0.5520507739964242
17.78 min | Epicatechin 3-O-gallate-(4beta->6)-epicatechin 3-O-gallate-(4beta->8)-catechin,Epicatechin 3-O-gallate-(4beta->6)-epicatechin 3-O-gallate-(4beta->8)-catechin,17.78,0.0,,,0.0,,
17.78 min | 4-Hydroxybenzoic acid,4-Hydroxybenzoic acid,17.78,0.0,,,-11.193422688541531,0.20678271297468462,0.5520507739964242
17.8 min | 3-Hydroxyphloretin 2'-O-xylosyl-glucoside,3-Hydroxyphloretin 2'-O-xylosyl-glucoside,17.8,9.545929769085467,0.5000000000000001,0.6984550572781879,0.0,,
"17.81 min | NCGC00380149-01_C22H26O11_Benzoic acid, 4-hydroxy-, 1-(hexopyranosyloxy)-1,4a,5,7a-tetrahydro-7-(hydroxymethyl)cyclopenta[c]pyran-5-yl ester","NCGC00380149-01_C22H26O11_Benzoic acid, 4-hydroxy-, 1-(hexopyranosyloxy)-1,4a,5,7a-tetrahydro-7-(hydroxymethyl)cyclopenta[c]pyran-5-yl ester",17.81,4.9815954196185785,0.13390471063292225,0.6984550572781879,1.2621607254573224,0.5164362582302937,0.679684877952477
17.81 min | Resveratrol 4'-(6-galloylglucoside),Resveratrol 4'-(6-galloylglucoside),17.81,16.454773194569313,0.20792681167517754,0.6984550572781879,0.0,,
17.82 min | Evernic acid,Evernic acid,17.82,8.090112419664289,0.5000000000000001,0.6984550572781879,3.0759275114328277,0.31000416767105815,0.5741549006295235
17.82 min | Ethyl 7-epi-12-hydroxyjasmonate glucoside,Ethyl 7-epi-12-hydroxyjasmonate glucoside,17.82,4.4435274989339835,0.12179259825309822,0.6984550572781879,1.5986610822971632,0.2208230805144736,0.5526955117883426
17.82 min | 1-Hexanol arabinosylglucoside,1-Hexanol arabinosylglucoside,17.82,1.1870125118328378,0.40619737346279594,0.6984550572781879,0.8282491326412639,0.40548174177182933,0.6033175915879234
17.83 min | Luteone 7-glucoside,Luteone 7-glucoside,17.83,10.18239435340453,0.2971381880512251,0.6984550572781879,0.17467071309296284,0.9258777215656788,0.9575699879742889
17.83 min | b-D-fructosyl-a-D-(6-O-(E))-feruloylglucoside,b-D-fructosyl-a-D-(6-O-(E))-feruloylglucoside,17.83,0.0,,,0.0,,
17.84 min | 1-[2-(Benzhydryloxy)ethyl]piperidine-4-acetic acid ethyl ester,1-[2-(Benzhydryloxy)ethyl]piperidine-4-acetic acid ethyl ester,17.84,15.954287203128496,0.14723983552449205,0.6984550572781879,-0.3545661648984757,0.7337552084155362,0.8339766022257321
17.85 min | 8-Hydroxypinoresinol 8-glucoside,8-Hydroxypinoresinol 8-glucoside,17.85,-3.7163795459099775,0.1829577573312324,0.6984550572781879,1.5477821048514335,0.4841793841084436,0.6592700838967368
17.86 min | 7-[3-(4-Acetyl-3-hydroxy-2-propylphenoxy)-2-hydroxypropoxy]-4-oxo-8-propylchromene-2-carboxylic acid,7-[3-(4-Acetyl-3-hydroxy-2-propylphenoxy)-2-hydroxypropoxy]-4-oxo-8-propylchromene-2-carboxylic acid,17.86,-0.06892382127510543,0.972001223511931,0.9827693316010587,2.6385080493498885,0.2601278276341547,0.5639937185814982
"17.89 min | QUERCETIN, DIHYDRO-","QUERCETIN, DIHYDRO-",17.89,0.0,,,3.2722049164806712,0.12138636609697778,0.5520507739964242
17.9 min | (-)-Naringenin,(-)-Naringenin,17.9,0.9574561349722776,0.2914684324416948,0.6984550572781879,0.10007631883963013,0.9261149968039282,0.9575699879742889
17.9 min | Tauroursodeoxycholic acid.mol,Tauroursodeoxycholic acid.mol,17.9,-3.293010857540363,0.008417677597686492,0.6002522535904419,-0.7304942555751491,0.2840355064810356,0.5719459857653595
17.91 min | Ellagic acid 2-rhamnoside,Ellagic acid 2-rhamnoside,17.91,0.0,,,1.615336149764675,0.5490689962400431,0.6988429006723221
17.91 min | Goyaglycoside h,Goyaglycoside h,17.91,5.6293566200796095,0.5000000000000001,0.6984550572781879,9.300081056260147,0.18251094386074396,0.5520507739964242
"17.91 min | (3S,7E,9R)-4,7-Megastigmadiene-3,9-diol 9-[apiosyl-(1->6)-glucoside]","(3S,7E,9R)-4,7-Megastigmadiene-3,9-diol 9-[apiosyl-(1->6)-glucoside]",17.91,-12.377074932377184,0.1788219115549914,0.6984550572781879,-0.7188418455065864,0.23366714318405682,0.5528789943033415
17.92 min | PURPUROGALLIN-4-CARBOXYLIC ACID,PURPUROGALLIN-4-CARBOXYLIC ACID,17.92,-0.23538178303402232,0.6908446997418978,0.8104253589945657,0.5724275955553775,0.22489297137121286,0.5526955117883426
17.93 min | 2-Hydroxybenzaldehyde O-[xylosyl-(1->6)-glucoside],2-Hydroxybenzaldehyde O-[xylosyl-(1->6)-glucoside],17.93,9.446190049700057,0.030552899684952232,0.667126772391967,-0.1507233790753622,0.917638614146934,0.9551724925817169
17.95 min | 1-Hexanol arabinosylglucoside,1-Hexanol arabinosylglucoside,17.95,-1.0491296973629147,0.6441802292241713,0.7756224571749256,5.632420363622774,0.19325036813409727,0.5520507739964242
"17.96 min | 3,3'-Digalloylprocyanidin B2","3,3'-Digalloylprocyanidin B2",17.96,0.0,,,1.3449762909696075,0.5903748913984719,0.7295597364690142
"17.97 min | Epicatechin-(2beta->7,4beta->6)-catechin","Epicatechin-(2beta->7,4beta->6)-catechin",17.97,-13.543092253600765,0.016984231004240444,0.6007825812578725,3.3996125468188922,0.0775382645595963,0.5520507739964242
"17.97 min | 3,3'-Digalloylprocyanidin B2","3,3'-Digalloylprocyanidin B2",17.97,-2.032843256687017,0.40147323311709787,0.6984550572781879,-6.5218185177289625,0.042828581639887515,0.5520507739964242
17.98 min | Epifisetinidol-(4beta->8)-catechin,Epifisetinidol-(4beta->8)-catechin,17.98,-0.3097113417184753,0.8082374193382051,0.8781558889339592,2.003736739298902,0.17972893907462753,0.5520507739964242
17.98 min | Epicatechin 3-O-gallate-(4beta->6)-epicatechin 3-O-gallate-(4beta->6)-epicatechin 3-O-gallate,Epicatechin 3-O-gallate-(4beta->6)-epicatechin 3-O-gallate-(4beta->6)-epicatechin 3-O-gallate,17.98,0.0,,,-5.821596844633383,0.1693344726711626,0.5520507739964242
17.98 min | Fukinolic acid,Fukinolic acid,17.98,0.0,,,-2.7376607014024374,0.11499984859398307,0.5520507739964242
17.98 min | Linalool oxide D 3-[apiosyl-(1->6)-glucoside],Linalool oxide D 3-[apiosyl-(1->6)-glucoside],17.98,0.0,,,-12.826702952609491,0.07924389582199726,0.5520507739964242
"17.98 min | 3,5-Dihydroxy-4-[(6-O-{[4-(2-hydroxy-2-propanyl)-1-cyclohexen-1-yl]carbonyl}hexopyranosyl)oxy]benzoic acid","3,5-Dihydroxy-4-[(6-O-{[4-(2-hydroxy-2-propanyl)-1-cyclohexen-1-yl]carbonyl}hexopyranosyl)oxy]benzoic acid",17.98,1.071712333686537,0.4588964879896287,0.6984550572781879,-0.8358567569608626,0.3885737491943315,0.598671447280827
18.0 min | Isolariciresinol 9-O-beta-D-glucoside,Isolariciresinol 9-O-beta-D-glucoside,18.0,1.9476648485491472,0.11027360119396969,0.6984550572781879,1.7945864985254545,0.3455286272427585,0.5741549006295235
18.02 min | Neryl rhamnosyl-glucoside,Neryl rhamnosyl-glucoside,18.02,1.2915531844650645,0.6618135088566495,0.790595718695247,1.528421810551147,0.2945259309138488,0.5741549006295235
18.05 min | Kaempferol,Kaempferol,18.05,0.0,,,3.3936727023907713,0.259749390034199,0.5639937185814982
18.07 min | ent-Epicatechin-(4alpha->8)-ent-epicatechin 3-gallate,ent-Epicatechin-(4alpha->8)-ent-epicatechin 3-gallate,18.07,12.88902856384844,0.3062986680613305,0.6984550572781879,2.3294449450045307,0.4279244678806346,0.6139569278598699
18.07 min | (2-Naphthalenyloxy)acetic acid,(2-Naphthalenyloxy)acetic acid,18.07,1.5618567715094511,0.5466649482075482,0.7113919335514576,-1.800752497152876,0.4107955982419753,0.604576630345603
18.08 min | cis-4-Decenedioic acid,cis-4-Decenedioic acid,18.08,-1.1245450979383034,0.6699617858280271,0.7961215387048444,-2.1128940564059335,0.19602714475338764,0.5520507739964242
18.08 min | 6-Methylcoumarin,6-Methylcoumarin,18.08,1.6091798217488285,0.5109231892823024,0.6991740586865873,-2.027737688405286,0.38971010027558706,0.598671447280827
"18.08 min | (7'R,8'R)-4,7'-Epoxy-3'-methoxy-4',5,9,9'-lignanetetrol 9'-glucoside","(7'R,8'R)-4,7'-Epoxy-3'-methoxy-4',5,9,9'-lignanetetrol 9'-glucoside",18.08,-1.2255694652120668,0.09673086291665685,0.6984550572781879,0.6870690372936847,0.495586263421021,0.665722644984693
18.08 min | beta-D-3-Ribofuranosyluric acid,beta-D-3-Ribofuranosyluric acid,18.08,8.644757592516257,0.5000000000000001,0.6984550572781879,-4.252387161634285,0.3480756826957329,0.5747425181680421
18.09 min | 2-(5-Fluoropentyl)-2-methylmalonic acid,2-(5-Fluoropentyl)-2-methylmalonic acid,18.09,0.0,,,-2.7968460017151857,0.11780381925155868,0.5520507739964242
18.12 min | Epicatechin 3-O-gallate-(4beta->6)-epicatechin 3-O-gallate-(4beta->8)-catechin,Epicatechin 3-O-gallate-(4beta->6)-epicatechin 3-O-gallate-(4beta->8)-catechin,18.12,1.218480025607508,0.6717608288601926,0.7965353178038044,-0.13712981696351953,0.9402066910786612,0.965723782903343
18.13 min | Quercetin 3-(2-caffeoylsophoroside) 7-glucoside,Quercetin 3-(2-caffeoylsophoroside) 7-glucoside,18.13,0.0,,,-0.18195631554667777,0.8770820976836647,0.9280094452911034
18.13 min | 4'-Methyl-(-)-epigallocatechin 3-(4-methyl-gallate),4'-Methyl-(-)-epigallocatechin 3-(4-methyl-gallate),18.13,-3.5769630796634426,0.20504814098987914,0.6984550572781879,1.2199736043579834,0.42627781636915185,0.6132417709170255
18.13 min | 2-Hydroxy-3-[(2-carboxyethyl)thio]-3-[2-(8-phenyloctyl)phenyl]propanoic acid,2-Hydroxy-3-[(2-carboxyethyl)thio]-3-[2-(8-phenyloctyl)phenyl]propanoic acid,18.13,9.655530723155643,0.5000000000000001,0.6984550572781879,2.077418856537308,0.1549909579294592,0.5520507739964242
18.16 min | Syringetin 3-glucoside,Syringetin 3-glucoside,18.16,5.46569664916701,0.2722979247953379,0.6984550572781879,-1.3894260041657152,0.3387466944541621,0.5741549006295235
18.18 min | (-)-Epigallocatechin 3-p-coumaroate,(-)-Epigallocatechin 3-p-coumaroate,18.18,4.756279363970314,0.49315499114142464,0.6984550572781879,4.445521936301922,0.2040870359945364,0.5520507739964242
18.19 min | naringenin-7-O-glucuronide,naringenin-7-O-glucuronide,18.19,7.623881490013458,0.5000000000000001,0.6984550572781879,3.8748829627428565,0.40131685302263825,0.6033175915879234
18.2 min | 4-Hydroxybenzoic acid,4-Hydroxybenzoic acid,18.2,0.4673969085505381,0.8327990751245367,0.8914010428815408,1.374414048771399,0.5356549873103733,0.6899011878447739
"18.2 min | (2S)-2-[[4-[(2,4-Diaminopteridin-6-yl)methyl]-2,3-dihydro-1,4-benzothiazine-7-carbonyl]amino]hexanedioic acid","(2S)-2-[[4-[(2,4-Diaminopteridin-6-yl)methyl]-2,3-dihydro-1,4-benzothiazine-7-carbonyl]amino]hexanedioic acid",18.2,0.0,,,2.521688325870438,0.42945057686966076,0.6147414011158052
18.2 min | quercetin,quercetin,18.2,1.5496862637477404,0.5631160315858462,0.7220268747646688,-1.6294916048572883,0.5067382528517421,0.6731264978258402
18.23 min | 8-Hydroxypinoresinol 8-glucoside,8-Hydroxypinoresinol 8-glucoside,18.23,-2.2836426314632408,0.3562033104663922,0.6984550572781879,1.554623584656047,0.06724029662870001,0.5520507739964242
18.24 min | (-)-Matairesinol 4'-[apiosyl-(1->2)-glucoside],(-)-Matairesinol 4'-[apiosyl-(1->2)-glucoside],18.24,-2.740122232606162,0.18987390904766238,0.6984550572781879,0.9821203626432996,0.6267204093381271,0.7638640166664539
"18.26 min | 7-Hydroxy-1,4,5-trimethoxyxanthone 7-O-[b-D-glucosyl-(1->2)-b-D-galactoside]","7-Hydroxy-1,4,5-trimethoxyxanthone 7-O-[b-D-glucosyl-(1->2)-b-D-galactoside]",18.26,8.103287808412022,0.5000000000000001,0.6984550572781879,1.5697279870259957,0.5572194302929769,0.702567631609004
18.28 min | Isorhamnetin 3-galactoside,Isorhamnetin 3-galactoside,18.28,3.165411538415234,0.5354886454396741,0.7031731307494958,-4.7486792232934505,0.010118368069294843,0.5520507739964242
18.33 min | EPICATECHIN,EPICATECHIN,18.33,1.876566058751721,0.326014403576133,0.6984550572781879,-7.999060439536385,0.14270353086529838,0.5520507739964242
18.33 min | Isolariciresinol 9-O-beta-D-glucoside,Isolariciresinol 9-O-beta-D-glucoside,18.33,14.929258408636972,0.3074443097375339,0.6984550572781879,2.0479993566554153,0.1445742689599373,0.5520507739964242
18.34 min | Epicatechin 3-O-(3-O-methylgallate),Epicatechin 3-O-(3-O-methylgallate),18.34,1.1256916770547694,0.3774925130146561,0.6984550572781879,0.7422674253085345,0.28005661134140125,0.5708973539169944
18.34 min | 1-[2-(Benzhydryloxy)ethyl]piperidine-4-acetic acid ethyl ester,1-[2-(Benzhydryloxy)ethyl]piperidine-4-acetic acid ethyl ester,18.34,4.310688152794278,0.11072702756448888,0.6984550572781879,3.1750208896210204,0.1601100833075837,0.5520507739964242
18.35 min | Ellagic acid 2-rhamnoside,Ellagic acid 2-rhamnoside,18.35,7.521600439723727,0.05905050744383057,0.6984550572781879,3.210544547432439,0.43672234345873107,0.6186201333446133
18.37 min | eriodictyol-7-O-glucoside,eriodictyol-7-O-glucoside,18.37,3.9554413303087887,0.5210822873510349,0.6997294505849944,3.520478352429702,0.405240619130606,0.6033175915879234
18.37 min | Neryl rhamnosyl-glucoside,Neryl rhamnosyl-glucoside,18.37,-11.632313662586126,0.5000000000000001,0.6984550572781879,3.4003840503194485,0.24568832960231815,0.5533572321373632
18.39 min | Apigenin 7-O-Glucoside,Apigenin 7-O-Glucoside,18.39,10.802516365121223,0.288426975946822,0.6984550572781879,-1.9684981476437038,0.12554212483448476,0.5520507739964242
18.39 min | Linalool oxide D 3-[apiosyl-(1->6)-glucoside],Linalool oxide D 3-[apiosyl-(1->6)-glucoside],18.39,-10.658434654697617,0.5000000000000001,0.6984550572781879,1.69060616074063,0.5428639925738099,0.6945695506135874
18.4 min | Epicatechin 3-O-gallate-(4beta->6)-epicatechin 3-O-gallate-(4beta->6)-epicatechin 3-O-gallate,Epicatechin 3-O-gallate-(4beta->6)-epicatechin 3-O-gallate-(4beta->6)-epicatechin 3-O-gallate,18.4,-9.471675214392045,0.1708681054562769,0.6984550572781879,-1.2817818165213788,0.16676807384496728,0.5520507739964242
18.4 min | Epicatechin 3-O-gallate-(4beta->6)-epicatechin 3-O-gallate-(4beta->6)-epicatechin 3-O-gallate,Epicatechin 3-O-gallate-(4beta->6)-epicatechin 3-O-gallate-(4beta->6)-epicatechin 3-O-gallate,18.4,0.0,,,-1.5525410230287786,0.2913300712089865,0.5741549006295235
"18.42 min | 2',4',6'-Trihydroxydihydrochalcone 2'-glucoside","2',4',6'-Trihydroxydihydrochalcone 2'-glucoside",18.42,4.668237545008062,0.5125129893514905,0.6991740586865873,-0.3497737338976133,0.8478205841959215,0.9076197320622903
18.44 min | 3-(4-Hydroxybenzoyl)epicatechin,3-(4-Hydroxybenzoyl)epicatechin,18.44,3.4885490329564406,0.25315202576353635,0.6984550572781879,-1.1697164597470455,0.5311831302969685,0.6880041530641918
18.44 min | Dihydroxyphenylacetic acid,Dihydroxyphenylacetic acid,18.44,-1.6372343672377117,0.030996316024437108,0.667126772391967,0.14763833432697968,0.8891578322849422,0.9367572879747141
18.44 min | (-)-erythro-Anethole glycol 1-glucoside,(-)-erythro-Anethole glycol 1-glucoside,18.44,-1.4494773709824196,0.3206945642142269,0.6984550572781879,-12.285530658216073,0.21190963073470243,0.5526955117883426
18.44 min | 4'-O-methyl-(-)-epicatechin-5-O-beta-glucuronide,4'-O-methyl-(-)-epicatechin-5-O-beta-glucuronide,18.44,6.910892526166014,0.1379101974565095,0.6984550572781879,-2.7724828706110305,0.2690323569654393,0.5693220546230021
"18.44 min | (2R,6x)-7-Methyl-3-methylene-1,2,6,7-octanetetrol 2-glucoside","(2R,6x)-7-Methyl-3-methylene-1,2,6,7-octanetetrol 2-glucoside",18.44,-1.0136773830363712,0.44121735081680724,0.6984550572781879,-1.7794489254877197,0.06875306521691045,0.5520507739964242
"18.44 min | 1-[[4-(Dimethylamino)-3-methylphenyl]methyl]-5-(2,2-diphenylacetyl)-6,7-dihydro-4H-imidazo[4,5-c]pyridine-6-carboxylic acid","1-[[4-(Dimethylamino)-3-methylphenyl]methyl]-5-(2,2-diphenylacetyl)-6,7-dihydro-4H-imidazo[4,5-c]pyridine-6-carboxylic acid",18.44,0.0,,,-6.192079171735324,0.10215760550005293,0.5520507739964242
18.5 min | Kaempferol 3-glucuronide,Kaempferol 3-glucuronide,18.5,-1.0006137822006593,0.7106302254108896,0.824451507277549,-2.86899398784999,0.3465935070873343,0.5741549006295235
18.51 min | Ethyl 7-epi-12-hydroxyjasmonate glucoside,Ethyl 7-epi-12-hydroxyjasmonate glucoside,18.51,3.5949395602261625,0.3018155053373896,0.6984550572781879,3.90928917541363,0.07694476959374313,0.5520507739964242
"18.54 min | Epicatechin-(2beta->7,4beta->6)-catechin","Epicatechin-(2beta->7,4beta->6)-catechin",18.54,-0.7642489391843137,0.4501642356671583,0.6984550572781879,2.2576220400970604,0.12052734522044103,0.5520507739964242
"18.55 min | 6-Feruloylglucose 2,3,4-trihydroxy-3-methylbutylglycoside","6-Feruloylglucose 2,3,4-trihydroxy-3-methylbutylglycoside",18.55,5.139456609660892,0.3915579021207258,0.6984550572781879,5.828165186070653,0.18259749603992823,0.5520507739964242
18.55 min | (-)-Epigallocatechin 3-(3-methyl-gallate),(-)-Epigallocatechin 3-(3-methyl-gallate),18.55,0.0,,,0.08771920642931504,0.9570075874814065,0.9766045178869557
18.56 min | 4'-O-Methylepicatechin 7-O-glucuronide,4'-O-Methylepicatechin 7-O-glucuronide,18.56,8.035097910969496,0.12375857621066307,0.6984550572781879,-1.3473102202466438,0.0800530396088067,0.5520507739964242
"18.57 min | 3,5-Digalloylepicatechin","3,5-Digalloylepicatechin",18.57,1.3385854388409706,0.6543493408737832,0.7830456710281548,-8.254241287375788,0.07087690667308573,0.5520507739964242
18.57 min | naringenin-7-O-glucoside,naringenin-7-O-glucoside,18.57,6.1092101436947654,0.3765983420473644,0.6984550572781879,-3.9416940823108204,0.07425107994112402,0.5520507739964242
18.57 min | 4-Hydroxycinnamic acid,4-Hydroxycinnamic acid,18.57,-4.312882955284356,0.5000000000000001,0.6984550572781879,8.265296527540462,0.23097027568635886,0.5528789943033415
18.57 min | Myricanene B 5-[arabinosyl-(1->6)-glucoside],Myricanene B 5-[arabinosyl-(1->6)-glucoside],18.57,2.3498089930959405,0.2270039262352884,0.6984550572781879,1.8156732707323633,0.18832480822918057,0.5520507739964242
18.57 min | Benzoic acid,Benzoic acid,18.57,16.422836774718036,0.06506562246492183,0.6984550572781879,-0.8784908064729989,0.6746801110290863,0.7923899425397567
18.57 min | Benzoylmalic acid,Benzoylmalic acid,18.57,17.904493506096962,0.06797028696317738,0.6984550572781879,5.075025097235667,0.2660612075912437,0.5693220546230021
18.58 min | (R)-Rutaretin 1'-(6''-sinapoylglucoside),(R)-Rutaretin 1'-(6''-sinapoylglucoside),18.58,7.014619356563204,0.09495500720427102,0.6984550572781879,1.5557980251719008,0.33857605676108843,0.5741549006295235
"18.59 min | 7,8-Dihydroxycoumarin","7,8-Dihydroxycoumarin",18.59,0.0,,,-5.173260714005568,0.18937476699432443,0.5520507739964242
18.59 min | Kudzusaponin SA1,Kudzusaponin SA1,18.59,3.2585453721588657,0.5336435183856547,0.7031356849566518,7.314821442475223,0.19323981318693853,0.5520507739964242
18.6 min | L-Citronellol glucoside,L-Citronellol glucoside,18.6,0.6159664031704123,0.5423547226819223,0.7084767322056791,-2.1116347418067507,0.048651130850941096,0.5520507739964242
18.6 min | Blumenol C glucoside,Blumenol C glucoside,18.6,-13.088622630607802,0.4883154354450922,0.6984550572781879,6.070595490995694,0.21626701092868103,0.5526955117883426
"18.61 min | 2',4',6'-Trihydroxydihydrochalcone 2'-glucoside","2',4',6'-Trihydroxydihydrochalcone 2'-glucoside",18.61,5.381605071444785,0.2923793530560011,0.6984550572781879,2.102749217748509,0.46499747593569624,0.6448140565215661
18.62 min | Kaempferol 3-O-arabinoside,Kaempferol 3-O-arabinoside,18.62,0.0,,,-11.453484998588198,0.0851225621457424,0.5520507739964242
18.62 min | 6-Epi-7-isocucurbic acid glucoside,6-Epi-7-isocucurbic acid glucoside,18.62,1.115888183108768,0.6257540551256429,0.762882994439572,-0.1979828538890044,0.8726526483835026,0.9253127219928519
"18.63 min | ORSELLINIC ACID, ETHYL ESTER","ORSELLINIC ACID, ETHYL ESTER",18.63,-0.16684184799100027,0.4067544314474614,0.6984550572781879,1.8397578070012568,0.19513600919217025,0.5520507739964242
18.63 min | Neryl rhamnosyl-glucoside,Neryl rhamnosyl-glucoside,18.63,0.35898418908140733,0.8509578631290452,0.9041299894756941,0.45533174275322064,0.6623244549543262,0.7820929582328298
18.65 min | Epifisetinidol-(4beta->8)-epicatechin-(6->4beta)-epifisetinidol,Epifisetinidol-(4beta->8)-epicatechin-(6->4beta)-epifisetinidol,18.65,-5.554588851677638,0.5000000000000001,0.6984550572781879,0.33579514104443675,0.7956789386298418,0.8732061715989913
18.7 min | Epicatechin 3-O-gallate-(4beta->6)-epicatechin 3-O-gallate-(4beta->6)-epicatechin 3-O-gallate,Epicatechin 3-O-gallate-(4beta->6)-epicatechin 3-O-gallate-(4beta->6)-epicatechin 3-O-gallate,18.7,0.0,,,-1.937458533931287,0.18341830711139717,0.5520507739964242
18.73 min | Gravolenic acid,Gravolenic acid,18.73,9.383704292474052,0.3150785960434941,0.6984550572781879,-11.353514437945195,0.22883146982165872,0.5528789943033415
18.74 min | Torachrysone 8-(2-apiosylglucoside),Torachrysone 8-(2-apiosylglucoside),18.74,0.0,,,2.7151729976343497,0.45714017097555615,0.6377494256710027
18.75 min | Ichangin 4-glucoside,Ichangin 4-glucoside,18.75,0.5266018802810486,0.7136181732918573,0.8258184947054545,0.25333862333964413,0.6119031535241839,0.7482759358754726
18.75 min | (S)-Multifidol 2-[apiosyl-(1->6)-glucoside],(S)-Multifidol 2-[apiosyl-(1->6)-glucoside],18.75,-0.6263032961020557,0.681410641542927,0.8034893783568192,6.486357535830317,0.1181651785921724,0.5520507739964242
18.78 min | Naringenin-7-O-rutinoside,Naringenin-7-O-rutinoside,18.78,9.84764464308332,0.031187811127162814,0.667126772391967,-2.408524074460125,0.1184928817872362,0.5520507739964242
"18.78 min | 5-Amino-1-[carboxy(methyl)amino]pentane-1,1,2,2,3,3,4,4,5-nonacarboxylic acid","5-Amino-1-[carboxy(methyl)amino]pentane-1,1,2,2,3,3,4,4,5-nonacarboxylic acid",18.78,7.73640193131829,0.24636418405986818,0.6984550572781879,0.6124984504095357,0.7515064777017213,0.8475058318067641
18.79 min | 3'-O-methyl-(-)-epicatechin,3'-O-methyl-(-)-epicatechin,18.79,2.6464848483353394,0.325019697279663,0.6984550572781879,-0.4614855144617133,0.6292149201660275,0.7646749555571217
18.8 min | Epicatechin 3-O-(3-O-methylgallate),Epicatechin 3-O-(3-O-methylgallate),18.8,-5.044394119358453,0.5000000000000001,0.6984550572781879,0.03530686873595276,0.9808123560724696,0.9908822981266019
18.81 min | Epicatechin 3-O-(3-O-methylgallate),Epicatechin 3-O-(3-O-methylgallate),18.81,2.843887562073805,0.044841096990370324,0.6984550572781879,-8.77329653407079,0.1712856269287517,0.5520507739964242
18.82 min | 3-Hydroxyphloretin 2'-O-xylosyl-glucoside,3-Hydroxyphloretin 2'-O-xylosyl-glucoside,18.82,-3.7331552932844705,0.34883825875411867,0.6984550572781879,-1.5493754585027137,0.1431385707886044,0.5520507739964242
18.82 min | Phenethyl 6-galloylglucoside,Phenethyl 6-galloylglucoside,18.82,1.5870277311635836,0.3855097533843525,0.6984550572781879,-2.3203269712777845,0.3481164032806434,0.5747425181680421
18.84 min | 4'-O-methyl-(-)-epicatechin-5-O-beta-glucuronide,4'-O-methyl-(-)-epicatechin-5-O-beta-glucuronide,18.84,7.861086905995394,0.24757227781240465,0.6984550572781879,0.19197000655256288,0.8928603277267637,0.9386480368409568
18.84 min | GALLIC ACID,GALLIC ACID,18.84,-7.339850002884625,0.5000000000000001,0.6984550572781879,-0.6406976344492029,0.6647972559867994,0.783113128361146
18.85 min | Limocitrin 3-glucoside,Limocitrin 3-glucoside,18.85,3.2988336998459364,0.37995322735627046,0.6984550572781879,-0.5130229001726061,0.7303741067921761,0.8316456193586265
18.85 min | Kaempferol 3-O-arabinoside,Kaempferol 3-O-arabinoside,18.85,0.0,,,-5.008739849564159,0.34659350708733416,0.5741549006295235
"18.87 min | 3,3'-Digalloylprocyanidin B2","3,3'-Digalloylprocyanidin B2",18.87,-4.745184391810255,0.11484779293110807,0.6984550572781879,-0.5403508470152244,0.5397290114958322,0.6933333515821134
18.87 min | ent-Epicatechin-(4alpha->8)-ent-epicatechin 3-gallate,ent-Epicatechin-(4alpha->8)-ent-epicatechin 3-gallate,18.87,-4.05528243550119,0.5000000000000001,0.6984550572781879,-4.547751421624084,0.34659350708733416,0.5741549006295235
"18.88 min | 3,3'-Digalloylprocyanidin B2","3,3'-Digalloylprocyanidin B2",18.88,-6.851749041416057,0.5000000000000001,0.6984550572781879,-4.2976805486406855,0.17667664642947897,0.5520507739964242
18.88 min | Keto-3-deoxy-D-manno-octulosonic acid,Keto-3-deoxy-D-manno-octulosonic acid,18.88,0.0,,,-8.199127005559076,0.18220219844816363,0.5520507739964242
"18.93 min | 6,6'-Methylenebis(2,2-dimethyl-4-methanesulfonic acid-1,2-dihydroquinoline)","6,6'-Methylenebis(2,2-dimethyl-4-methanesulfonic acid-1,2-dihydroquinoline)",18.93,2.0276928588752696,0.416630714374593,0.6984550572781879,0.7371128004354924,0.5770860132354431,0.7181947348528785
"18.94 min | Kaempferol 3-(2'',4''-di-(Z)-p-coumaroylrhamnoside)","Kaempferol 3-(2'',4''-di-(Z)-p-coumaroylrhamnoside)",18.94,12.48538908876927,0.5000000000000001,0.6984550572781879,8.200881461730965,0.23497848128613405,0.5528789943033415
18.99 min | eriodictyol-7-O-glucoside,eriodictyol-7-O-glucoside,18.99,1.6561394845107746,0.3363577875293121,0.6984550572781879,-1.4408005953439256,0.08117353214442023,0.5520507739964242
18.99 min | 4'-Methyl-(-)-epigallocatechin 3-(4-methyl-gallate),4'-Methyl-(-)-epigallocatechin 3-(4-methyl-gallate),18.99,4.7810207742441415,0.002822914476019534,0.5629295164231541,-0.6978299548056223,0.37504931955940113,0.5952395652362108
19.0 min | Epifisetinidol-(4beta->8)-catechin,Epifisetinidol-(4beta->8)-catechin,19.0,0.0,,,-1.860522356541707,0.4123178947542189,0.6055534454300768
19.01 min | Sesaminol glucoside,Sesaminol glucoside,19.01,-7.285402218862249,0.5000000000000001,0.6984550572781879,3.9838776257343405,0.2966837280849562,0.5741549006295235
"19.01 min | 2',7-Dihydroxy-4'-methoxy-8-prenylflavan 2',7-diglucoside","2',7-Dihydroxy-4'-methoxy-8-prenylflavan 2',7-diglucoside",19.01,1.447834691037185,0.4612717874312037,0.6984550572781879,2.338615045268864,0.3449685955826365,0.5741549006295235
19.04 min | Gallic acid,Gallic acid,19.04,0.0,,,0.577308928177721,0.5443281393656042,0.6948634205509977
19.06 min | Gibberellin A1 glucosyl ester,Gibberellin A1 glucosyl ester,19.06,3.132265383130261,0.4992435890813693,0.6984550572781879,0.9133739125124652,0.2395553813581526,0.553339190742775
19.07 min | Luteone 7-glucoside,Luteone 7-glucoside,19.07,3.4459168121628156,0.1738020458946239,0.6984550572781879,-0.8233803459836793,0.6385043487359094,0.7680785808754705
"19.07 min | Epiafzelechin-(4beta->6)-epicatechin 3,3'-digallate","Epiafzelechin-(4beta->6)-epicatechin 3,3'-digallate",19.07,0.0,,,-0.6403298111210866,0.6959705782607842,0.8078593120504611
19.08 min | Formononetin 7-(6''-methylmalonylglucoside),Formononetin 7-(6''-methylmalonylglucoside),19.08,8.99859042974533,0.5000000000000001,0.6984550572781879,8.226412192788786,0.12664237009906337,0.5520507739964242
19.13 min | Naringenin,Naringenin,19.13,1.482782105914678,0.636064724035762,0.7707538428257864,-0.3642899403968589,0.787843038167732,0.8697504295703609
"19.13 min | 3,5-Digalloylepicatechin","3,5-Digalloylepicatechin",19.13,4.130313145543456,0.14927136192929147,0.6984550572781879,-3.150615219320807,0.07972587550682508,0.5520507739964242
"19.21 min | Epigallocatechin-(4b,8)-epicatechin-3-O-gallate ester","Epigallocatechin-(4b,8)-epicatechin-3-O-gallate ester",19.21,6.409390936137702,0.5000000000000001,0.6984550572781879,-3.489872732201434,0.12172092401453147,0.5520507739964242
19.25 min | Kaempferol 3-O-arabinoside,Kaempferol 3-O-arabinoside,19.25,0.0,,,-4.863498000095138,0.09236488741524768,0.5520507739964242
19.27 min | naringenin-7-O-glucoside,naringenin-7-O-glucoside,19.27,4.468748424895657,0.35975619686012783,0.6984550572781879,-4.841335915980524,0.04328751739486158,0.5520507739964242
19.27 min | Homovanillic acid,Homovanillic acid,19.27,-0.8815675638935524,0.5514550537367751,0.7146550390219645,-0.7862135567391264,0.46213829283269897,0.642930173040671
19.28 min | Epicatechin 3-O-gallate-(4beta->6)-epicatechin 3-O-gallate-(4beta->6)-epicatechin 3-O-gallate,Epicatechin 3-O-gallate-(4beta->6)-epicatechin 3-O-gallate-(4beta->6)-epicatechin 3-O-gallate,19.28,-9.86573327085176,0.07883054630678926,0.6984550572781879,-0.9563480299321424,0.30161602566274787,0.5741549006295235
19.29 min | Epicatechin,Epicatechin,19.29,0.608149440992197,0.7483275429806064,0.8466614928433474,0.5909226013497361,0.5078368635541315,0.6734655980286596
19.31 min | (-)-Epigallocatechin 3-p-coumaroate,(-)-Epigallocatechin 3-p-coumaroate,19.31,4.355906782589075,0.5156754224630722,0.6997294505849944,4.973086485598248,0.23379623857241952,0.5528789943033415
"19.33 min | 6,6'-Methylenebis(2,2-dimethyl-4-methanesulfonic acid-1,2-dihydroquinoline)","6,6'-Methylenebis(2,2-dimethyl-4-methanesulfonic acid-1,2-dihydroquinoline)",19.33,1.9552083298646263,0.4051624628538931,0.6984550572781879,-0.2703040879771646,0.8625326410160751,0.9185412540690668
19.33 min | 4-Hydroxybenzoic acid,4-Hydroxybenzoic acid,19.33,8.648229165521006,0.17947764754949427,0.6984550572781879,2.19622807825118,0.3227671438002268,0.5741549006295235
19.36 min | Nonanedioic acid,Nonanedioic acid,19.36,9.2940463132715,0.5000000000000001,0.6984550572781879,-4.601371632278489,0.08256694416398781,0.5520507739964242
19.37 min | 3-Hydroxytetradecanedioic acid.mol,3-Hydroxytetradecanedioic acid.mol,19.37,-0.4952899822220478,0.8128928610263294,0.8787591370675015,-1.4512344559635002,0.2420945493573973,0.5533572321373632
19.38 min | Molludistin 2''-rhamnoside,Molludistin 2''-rhamnoside,19.38,11.374496145691516,0.00575676642068967,0.5629295164231541,5.7401909909567665,0.16777561042151676,0.5520507739964242
19.39 min | 6-Epi-7-isocucurbic acid glucoside,6-Epi-7-isocucurbic acid glucoside,19.39,1.274709006348033,0.47162447914419714,0.6984550572781879,2.8751188318707395,0.10156081019050739,0.5520507739964242
19.4 min | Isolariciresinol 9-O-beta-D-glucoside,Isolariciresinol 9-O-beta-D-glucoside,19.4,8.23074801367561,0.4500964836005775,0.6984550572781879,-2.8836988459771127,0.08183721447156894,0.5520507739964242
19.4 min | Homogentisic acid,Homogentisic acid,19.4,2.6851080643851017,0.0555114351059353,0.6984550572781879,0.5070509272960353,0.6981395325256571,0.8088335557361616
19.41 min | Ethyl 7-epi-12-hydroxyjasmonate glucoside,Ethyl 7-epi-12-hydroxyjasmonate glucoside,19.41,3.5465618337355167,0.5283932200524135,0.7016200952975307,0.709381913762102,0.5336164058797167,0.688934950271069
19.5 min | Vestitone 7-glucoside,Vestitone 7-glucoside,19.5,-2.5177783949921873,0.03532318260051501,0.6984550572781879,1.4092934675623983,0.2774490114983102,0.5708973539169944
19.56 min | 8-Acetoxypinoresinol 4-glucoside,8-Acetoxypinoresinol 4-glucoside,19.56,4.642492368931812,0.4278834374046232,0.6984550572781879,-1.4631513495791695,0.3049405516594789,0.5741549006295235
19.57 min | 2-Hydroxyadipic acid,2-Hydroxyadipic acid,19.57,7.002815015607054,0.5000000000000001,0.6984550572781879,10.814350283860549,0.26806591000268176,0.5693220546230021
19.58 min | ISORHAMNETINE-3-GLUCOSIDE,ISORHAMNETINE-3-GLUCOSIDE,19.58,11.048742286056541,0.38939762953604184,0.6984550572781879,0.2474294923514378,0.8400418217360338,0.9037184612845377
19.59 min | Gravolenic acid,Gravolenic acid,19.59,-0.5951582678270447,0.7438036124252468,0.8450349754441185,-3.084121488034833,0.2761502485268094,0.5708973539169944
"19.65 min | 16,17-Dihydro-16alpha,17-dihydroxygibberellin A4 17-glucoside","16,17-Dihydro-16alpha,17-dihydroxygibberellin A4 17-glucoside",19.65,8.137533284810392,0.054395851044170024,0.6984550572781879,1.179447775560819,0.02643142679406913,0.5520507739964242
19.66 min | kaempferide 3-glucoside-7-rhamnoside,kaempferide 3-glucoside-7-rhamnoside,19.66,6.605786948889164,0.3530437919403716,0.6984550572781879,1.3345673348039364,0.33245878995142214,0.5741549006295235
19.67 min | Lupiwighteone hydrate 7-glucoside,Lupiwighteone hydrate 7-glucoside,19.67,-4.7279204545632,0.5000000000000001,0.6984550572781879,-5.058893689053568,0.19103136591016387,0.5520507739964242
19.67 min | EPICATECHIN,EPICATECHIN,19.67,14.508970809227257,0.33436977577465565,0.6984550572781879,-0.027499854613418348,0.9786674619904757,0.9893925848616042
19.67 min | Naringenin,Naringenin,19.67,9.08844820859415,0.5005435601661679,0.6984550572781879,-5.455139157747172,0.19364224179033912,0.5520507739964242
19.68 min | Epicatechin 3-O-(3-O-methylgallate),Epicatechin 3-O-(3-O-methylgallate),19.68,8.68048935084059,0.38237385620221576,0.6984550572781879,2.3077594565025388,0.2858672545135934,0.5730105492273002
19.68 min | Tricin 7-glucoside,Tricin 7-glucoside,19.68,7.199503123671325,0.2840443183704323,0.6984550572781879,-3.029029048611532,0.15195087890240355,0.5520507739964242
19.71 min | 3-(4-Hydroxybenzoyl)epicatechin,3-(4-Hydroxybenzoyl)epicatechin,19.71,7.61166249182991,0.38728636330665883,0.6984550572781879,0.7310492250651347,0.5033450448408756,0.6715742460985479
19.76 min | Xerocomic acid,Xerocomic acid,19.76,0.9687490660155602,0.6237489864578506,0.7624217521971406,-2.168073002385861,0.16007390955261525,0.5520507739964242
"19.77 min | Benzene-1,2,3-tricarboxylic acid","Benzene-1,2,3-tricarboxylic acid",19.77,8.655530723155643,0.5000000000000001,0.6984550572781879,-7.6386370285152125,0.3049914879685246,0.5741549006295235
19.78 min | (-)-Epigallocatechin 3-p-coumaroate,(-)-Epigallocatechin 3-p-coumaroate,19.78,1.5913100455409404,0.22120939552086094,0.6984550572781879,-4.161416511983912,0.3664842080265631,0.5866927234785327
19.81 min | (-)-Epigallocatechin 3-cinnamate,(-)-Epigallocatechin 3-cinnamate,19.81,1.8282443752902189,0.5377682708124399,0.7038286450690537,1.3253695453071088,0.4217010172144532,0.6108250259161265
19.82 min | 4'-Methyl-(-)-epigallocatechin 3-(4-methyl-gallate),4'-Methyl-(-)-epigallocatechin 3-(4-methyl-gallate),19.82,10.000420131660317,0.284664450370946,0.6984550572781879,5.021257620560519,0.30893721772345956,0.5741549006295235
19.82 min | Myricanene B 5-[arabinosyl-(1->6)-glucoside],Myricanene B 5-[arabinosyl-(1->6)-glucoside],19.82,1.6606605222479587,0.3765626909351159,0.6984550572781879,1.3750982596927996,0.17738683749714476,0.5520507739964242
19.86 min | Neryl rhamnosyl-glucoside,Neryl rhamnosyl-glucoside,19.86,0.5453082220986762,0.8093684330755205,0.8781558889339592,1.0361659359320043,0.571935881771473,0.7145821894686487
19.88 min | Resveratrol 4'-(6-galloylglucoside),Resveratrol 4'-(6-galloylglucoside),19.88,4.205106367791195,0.43738820793418703,0.6984550572781879,6.767021257799324,0.3554802735365256,0.5797802987012372
"19.92 min | Epiafzelechin-(4beta->6)-epicatechin 3,3'-digallate","Epiafzelechin-(4beta->6)-epicatechin 3,3'-digallate",19.92,-6.415741768290091,0.5000000000000001,0.6984550572781879,-0.7476128383657147,0.6553807613615997,0.7763579484508196
19.94 min | 3-Hydroxyisoheptanoic acid,3-Hydroxyisoheptanoic acid,19.94,-0.10372260071721705,0.7900923375388385,0.8660019296162289,-1.9523383641662928,0.054198792777660855,0.5520507739964242
"19.95 min | .beta.-(2,5-Dimethylbenzoyl)propionic acid",".beta.-(2,5-Dimethylbenzoyl)propionic acid",19.95,1.4128631280445068,0.639499213346192,0.7726668861575698,-9.51870469732095,0.04651624451325795,0.5520507739964242
19.98 min | 4'-O-Methylepicatechin 7-O-glucuronide,4'-O-Methylepicatechin 7-O-glucuronide,19.98,0.0,,,0.0017681636260773034,0.998593168164938,0.999270180482338
20.01 min | (-)-Epigallocatechin 3-p-coumaroate,(-)-Epigallocatechin 3-p-coumaroate,20.01,0.31918075763076514,0.8833719307443233,0.9252763375585147,2.603022442667823,0.3171448595610137,0.5741549006295235
"20.04 min | Maclurin 3-C-(2'',3'',6''-trigalloylglucoside)","Maclurin 3-C-(2'',3'',6''-trigalloylglucoside)",20.04,1.7383932984300636,0.6080431425217786,0.7521227253180949,-6.856252595446914,0.06839916763036182,0.5520507739964242
20.09 min | Apigenin-8-C-glucoside,Apigenin-8-C-glucoside,20.09,6.03342300153745,0.20926392125176493,0.6984550572781879,-3.177754087835915,0.10270645583220785,0.5520507739964242
20.16 min | FERULIC ACID,FERULIC ACID,20.16,1.9248271324145019,0.34581001672766787,0.6984550572781879,2.023475527030478,0.1863072766896311,0.5520507739964242
"20.23 min | Epigallocatechin-(4b,8)-epicatechin-3-O-gallate ester","Epigallocatechin-(4b,8)-epicatechin-3-O-gallate ester",20.23,-4.321928094887363,0.5000000000000001,0.6984550572781879,-1.5503731863460684,0.29845481603897495,0.5741549006295235
20.24 min | Epifisetinidol-(4beta->8)-catechin,Epifisetinidol-(4beta->8)-catechin,20.24,2.1571609135548147,0.4748431619446967,0.6984550572781879,-5.343170572927215,0.34001649562741637,0.5741549006295235
"20.24 min | 2',7-Dihydroxy-4'-methoxy-8-prenylflavan 2',7-diglucoside","2',7-Dihydroxy-4'-methoxy-8-prenylflavan 2',7-diglucoside",20.24,-0.21005576149121524,0.8411977527710885,0.8982837157126523,3.336887903632743,0.19340825129263076,0.5520507739964242
20.27 min | Isolimonic acid,Isolimonic acid,20.27,5.223739198978444,0.3108845423319283,0.6984550572781879,-0.9974260563361736,0.5782592604235793,0.7190485833068265
20.31 min | Gibberellin A105,Gibberellin A105,20.31,-0.468854045032174,0.7842897001241871,0.8638184936926614,3.946208249842468,0.03011824648009337,0.5520507739964242
20.31 min | Isoorientin 2''-[feruloyl-(->6)-glucoside],Isoorientin 2''-[feruloyl-(->6)-glucoside],20.31,-8.335948565202298,0.5000000000000001,0.6984550572781879,2.877174061147478,0.3298613009753521,0.5741549006295235
20.36 min | 6-Epi-7-isocucurbic acid glucoside,6-Epi-7-isocucurbic acid glucoside,20.36,5.027459602213622,0.00522408811999045,0.5629295164231541,-0.5703157247567546,0.6485109874638185,0.7706942169859872
20.37 min | Medicarpin 3-O-(6'-malonylglucoside),Medicarpin 3-O-(6'-malonylglucoside),20.37,-0.1672359139146721,0.9219072303419189,0.9482276471360533,-2.4724694911041434,0.04578018229424568,0.5520507739964242
20.37 min | 1-(4-(5-Maleimidopentyl)aminobenzyl)ethylenediaminetetraacetic acid,1-(4-(5-Maleimidopentyl)aminobenzyl)ethylenediaminetetraacetic acid,20.37,1.1559665438523927,0.6828458334589345,0.8044887659253711,2.0122916439055696,0.43212039359194127,0.6147414011158052
20.38 min | (E)-4'-Methylresveratrol 3-glucoside,(E)-4'-Methylresveratrol 3-glucoside,20.38,6.897965365829035,0.39792086165747986,0.6984550572781879,1.5091355812391893,0.2420824848586071,0.5533572321373632
20.38 min | Limocitrol 3-glucoside,Limocitrol 3-glucoside,20.38,-7.972282366187351,0.20508943197556426,0.6984550572781879,2.6170969158370605,0.20988106791632885,0.5526955117883426
"20.42 min | (4R,5S,7R,11x)-11,12-Dihydroxy-1(10)-spirovetiven-2-one 12-glucoside","(4R,5S,7R,11x)-11,12-Dihydroxy-1(10)-spirovetiven-2-one 12-glucoside",20.42,-8.461479447286155,0.3521031323256802,0.6984550572781879,1.0268342699975905,0.30364862147628785,0.5741549006295235
20.45 min | 3-(4-Hydroxybenzoyl)epicatechin,3-(4-Hydroxybenzoyl)epicatechin,20.45,4.857197347611895,0.3334652195497044,0.6984550572781879,0.6108152621108476,0.733967212934435,0.8339766022257321
20.46 min | 2-Hydroxy-3-[(2-carboxyethyl)thio]-3-[2-(8-phenyloctyl)phenyl]propanoic acid,2-Hydroxy-3-[(2-carboxyethyl)thio]-3-[2-(8-phenyloctyl)phenyl]propanoic acid,20.46,3.405902222220502,0.3446253073359957,0.6984550572781879,3.466922884945219,0.40783422821625115,0.6042660975959486
20.47 min | 1-(4-(5-Maleimidopentyl)aminobenzyl)ethylenediaminetetraacetic acid,1-(4-(5-Maleimidopentyl)aminobenzyl)ethylenediaminetetraacetic acid,20.47,2.1691915147007568,0.2876465497432021,0.6984550572781879,-0.23901421380427823,0.8366963539050019,0.9014334440611552
20.47 min | C.I. Acid Green 3,C.I. Acid Green 3,20.47,8.787902559391432,0.014433349018453964,0.6007825812578725,2.052495917855418,0.20195865480019096,0.5520507739964242
20.49 min | 3-[2-[[2-[[2-Acetamido-3-(4-hydroxyphenyl)propanoyl]amino]-3-methylbutanoyl]amino]propanoylamino]-4-oxobutanoic acid,3-[2-[[2-[[2-Acetamido-3-(4-hydroxyphenyl)propanoyl]amino]-3-methylbutanoyl]amino]propanoylamino]-4-oxobutanoic acid,20.49,-3.5800237110312367,0.5270894010074896,0.7005683397856828,-0.25014821745130944,0.8485875543671819,0.9076197320622903
20.5 min | Myricanol 5-(6-galloylglucoside),Myricanol 5-(6-galloylglucoside),20.5,8.654595500919799,0.3269664936101949,0.6984550572781879,3.928044860851622,0.3374788007050249,0.5741549006295235
20.57 min | Neryl rhamnosyl-glucoside,Neryl rhamnosyl-glucoside,20.57,0.30077473811432254,0.8822675347119198,0.9248271477952666,0.3641966829126552,0.8180689709082184,0.8871930940929686
20.6 min | 4-Hydroxybenzoic acid,4-Hydroxybenzoic acid,20.6,-1.2974869967010694,0.22852374127452849,0.6984550572781879,-1.2238070043871514,0.28675125081120856,0.5730105492273002
20.67 min | C.I. Acid Green 3,C.I. Acid Green 3,20.67,8.271463027904375,0.5000000000000001,0.6984550572781879,1.320990975633309,0.5906665888079078,0.7295597364690142
20.7 min | Epifisetinidol-(4beta->8)-catechin,Epifisetinidol-(4beta->8)-catechin,20.7,1.582699804145529,0.6248789961873553,0.762882994439572,-6.89848044892182,0.31372603569374624,0.5741549006295235
20.8 min | Soyasaponin III,Soyasaponin III,20.8,-2.7233314684327903,0.010247338670469546,0.6007825812578725,6.88618881009516,0.18676254218280075,0.5520507739964242
20.81 min | Traumatic acid,Traumatic acid,20.81,3.6147098441152083,0.5000000000000001,0.6984550572781879,-1.2602559840970733,0.40217572176891847,0.6033175915879234
"20.88 min | Catechin 3',4'-diglucoside","Catechin 3',4'-diglucoside",20.88,0.0,,,-2.551474335334426,0.4327346312732532,0.6147414011158052
20.88 min | dihydroquercetin,dihydroquercetin,20.88,0.0,,,-7.090994532220593,0.02908222583578533,0.5520507739964242
20.94 min | 8-Hydroxypinoresinol 8-glucoside,8-Hydroxypinoresinol 8-glucoside,20.94,-3.9587664274363683,0.35773178269575906,0.6984550572781879,4.066567101478594,0.2768674265136269,0.5708973539169944
21.01 min | 3-(Cyclohexylamino)-2-hydroxy-1-propanesulfonic acid,3-(Cyclohexylamino)-2-hydroxy-1-propanesulfonic acid,21.01,1.1292830169449664,0.43976767210531664,0.6984550572781879,-6.470836381909547,0.16942164868621234,0.5520507739964242
"21.05 min | (4S,7S,12Br)-7-[[(2R)-2-acetylsulfanyl-3-phenylpropanoyl]amino]-6-oxo-2,3,4,7,8,12b-hexahydro-1H-pyrido[2,1-a][2]benzazepine-4-carboxylic acid","(4S,7S,12Br)-7-[[(2R)-2-acetylsulfanyl-3-phenylpropanoyl]amino]-6-oxo-2,3,4,7,8,12b-hexahydro-1H-pyrido[2,1-a][2]benzazepine-4-carboxylic acid",21.05,7.421578719638759,0.3494583341698322,0.6984550572781879,0.41858303089690685,0.7656670345631842,0.8560339178205272
21.06 min | cis-4-Decenedioic acid,cis-4-Decenedioic acid,21.06,1.321142741007931,0.12191350358739454,0.6984550572781879,-0.603663087432584,0.6301870455887765,0.7646749555571217
21.09 min | 1-(4-(5-Maleimidopentyl)aminobenzyl)ethylenediaminetetraacetic acid,1-(4-(5-Maleimidopentyl)aminobenzyl)ethylenediaminetetraacetic acid,21.09,1.737362611562893,0.2582162347235971,0.6984550572781879,-0.114361953620078,0.9342670521092777,0.960960396455257
21.11 min | 4-Hydroxybenzoic acid,4-Hydroxybenzoic acid,21.11,-0.5544046500672991,0.8192842723339638,0.8810684751179862,-10.01146022999637,0.06452773306146863,0.5520507739964242
21.14 min | Nb-trans-Feruloylserotonin glucoside,Nb-trans-Feruloylserotonin glucoside,21.14,2.76945735979511,0.1071428280528636,0.6984550572781879,1.4052037771128503,0.4705692826478688,0.6497289627579553
21.19 min | (-)-epicatechin-3'-O-glucuronide,(-)-epicatechin-3'-O-glucuronide,21.19,0.0,,,1.0628988167156461,0.6415539810737058,0.7684600612197285
21.25 min | Luteone 7-glucoside,Luteone 7-glucoside,21.25,0.0,,,3.0158913727698913,0.23028759591103357,0.5528789943033415
21.29 min | (-)-Epigallocatechin 3-cinnamate,(-)-Epigallocatechin 3-cinnamate,21.29,1.8281633843375102,0.6015051647487457,0.7479205908637901,3.9687738652315177,0.11323059253470918,0.5520507739964242
21.32 min | 1-(4-(5-Maleimidopentyl)aminobenzyl)ethylenediaminetetraacetic acid,1-(4-(5-Maleimidopentyl)aminobenzyl)ethylenediaminetetraacetic acid,21.32,2.048767613982234,0.431677302616862,0.6984550572781879,0.9009766134992941,0.23744800887270526,0.5528789943033415
21.35 min | Methyl salicylate O-[rhamnosyl-(1->6)-glucoside],Methyl salicylate O-[rhamnosyl-(1->6)-glucoside],21.35,-13.110891069645087,0.4906160702194811,0.6984550572781879,-5.070304371024142,0.0077560393752228235,0.5520507739964242
21.38 min | Epifisetinidol-(4beta->8)-catechin,Epifisetinidol-(4beta->8)-catechin,21.38,-8.303780748177102,0.30080089153325296,0.6984550572781879,-0.5860945509593448,0.6319446349509454,0.7651766047478225
21.55 min | (±)Abscisic Acid,(±)Abscisic Acid,21.55,1.5568001462610146,0.31684304311509415,0.6984550572781879,5.775620223345661,0.34431415262278475,0.5741549006295235
21.55 min | 3-Hydroxytetradecanedioic acid.mol,3-Hydroxytetradecanedioic acid.mol,21.55,0.3199989280642798,0.8466776206243212,0.9025698709172771,-0.543380892456734,0.5184725058938994,0.679684877952477
21.61 min | 7-Hydroxyoctanoic acid.mol,7-Hydroxyoctanoic acid.mol,21.61,-8.084808387804362,0.5000000000000001,0.6984550572781879,-1.5525410230287788,0.33402602414562815,0.5741549006295235
21.74 min | (+)-Epicatechin,(+)-Epicatechin,21.74,-8.224001674198105,0.5000000000000001,0.6984550572781879,1.3264472982821363,0.3795619204542941,0.598671447280827
"21.83 min | (-)-Epigallocatechin 3,5-di-gallate","(-)-Epigallocatechin 3,5-di-gallate",21.83,0.0,,,0.1495572037483504,0.9337318937556885,0.960960396455257
"21.88 min | Epicatechin-(2beta->7,4beta->6)-catechin","Epicatechin-(2beta->7,4beta->6)-catechin",21.88,3.9369478294646982,0.4698191663928041,0.6984550572781879,0.9437816646594754,0.29328922905498767,0.5741549006295235
21.91 min | 2-[(4-{2-[(4-Cyclohexylbutyl)(cyclohexylcarbamoyl)amino]ethyl}phenyl)sulfanyl]-2-methylpropanoic acid,2-[(4-{2-[(4-Cyclohexylbutyl)(cyclohexylcarbamoyl)amino]ethyl}phenyl)sulfanyl]-2-methylpropanoic acid,21.91,0.2242495332622196,0.864835149029141,0.9135488572692084,5.084369804174315,0.3197620168385278,0.5741549006295235
21.97 min | SEBACIC ACID,SEBACIC ACID,21.97,3.84785918567843,0.033026512891785896,0.6955891715208444,-9.306504787309816,0.12581648552072816,0.5520507739964242
22.01 min | Luteolin,Luteolin,22.01,-9.347621368568134,0.20100838508483784,0.6984550572781879,2.171959602572475,0.12492930237329808,0.5520507739964242
22.1 min | Phenylpyruvic acid,Phenylpyruvic acid,22.1,-1.4665837652044185,0.38532224501704193,0.6984550572781879,-7.328924205089412,0.17247494266356264,0.5520507739964242
22.12 min | Dodecanedioic acid.mol,Dodecanedioic acid.mol,22.12,0.379559015186156,0.8145802033248034,0.878770920686884,-2.54678961667398,0.09703665167162119,0.5520507739964242
22.12 min | xi-7-Hydroxyhexadecanedioic acid,xi-7-Hydroxyhexadecanedioic acid,22.12,-3.8264975798604706,0.5115449097823195,0.6991740586865873,-0.4916178098617177,0.5573893608496908,0.702567631609004
22.14 min | Protobassic acid,Protobassic acid,22.14,7.592457037268081,0.5000000000000001,0.6984550572781879,-0.42219729085170976,0.7910635952159938,0.8721040151618328
22.16 min | Indole-3-acetylglutamic acid,Indole-3-acetylglutamic acid,22.16,0.09387061290525725,0.9625916194768199,0.97758748298499,-7.100954293886472,0.3465935070873343,0.5741549006295235
22.25 min | 4'-O-methyl-(-)-epicatechin-3'-O-beta-glucuronide,4'-O-methyl-(-)-epicatechin-3'-O-beta-glucuronide,22.25,-0.6351163402105654,0.6779075578928633,0.8007376710730147,-1.5593516377200816,0.06060422417200318,0.5520507739964242
22.26 min | Hulupinic acid,Hulupinic acid,22.26,0.2119190901069395,0.9132051194607207,0.9436169834382192,-4.92283213947754,0.05551811396277182,0.5520507739964242
22.42 min | glutamic acid betaine,glutamic acid betaine,22.42,1.7322036754609813,0.41807337366918357,0.6984550572781879,2.1268491743758458,0.14150574485443512,0.5520507739964242
22.44 min | kaempferide 3-glucoside-7-rhamnoside,kaempferide 3-glucoside-7-rhamnoside,22.44,-1.7524724451766904,0.16739701722143585,0.6984550572781879,1.7064640953168801,0.26456232745867675,0.5684046511339256
22.65 min | (-)-Epigallocatechin 3-cinnamate,(-)-Epigallocatechin 3-cinnamate,22.65,0.7369655941662062,0.7676497064641361,0.8558166844553544,2.827037287919304,0.13100668131100368,0.5520507739964242
22.65 min | 8-Hydroxypinoresinol 8-glucoside,8-Hydroxypinoresinol 8-glucoside,22.65,-1.1617510699966123,0.4251180709113916,0.6984550572781879,0.09359671905272315,0.9312476748814618,0.9598614302549145
22.69 min | (1'R)-Nepetalic acid,(1'R)-Nepetalic acid,22.69,4.946184655529447,0.48977925824056373,0.6984550572781879,-5.03438872554492,0.104446059472451,0.5520507739964242
22.8 min | glutamic acid betaine,glutamic acid betaine,22.8,-12.636851156626534,0.3108830487608905,0.6984550572781879,0.8166796214991617,0.506246206616339,0.6731264978258402
22.86 min | Methylenediphosphonic acid,Methylenediphosphonic acid,22.86,0.0,,,-1.1551070950377742,0.14072323264544842,0.5520507739964242
22.87 min | 1-(4-(5-Maleimidopentyl)aminobenzyl)ethylenediaminetetraacetic acid,1-(4-(5-Maleimidopentyl)aminobenzyl)ethylenediaminetetraacetic acid,22.87,1.4728364405569359,0.07099753719085758,0.6984550572781879,1.3287500010410562,0.009884933539614605,0.5520507739964242
22.88 min | Hesperetin 7-glucoside,Hesperetin 7-glucoside,22.88,5.259803284570781,0.11704762442705222,0.6984550572781879,-6.077883268194772,0.13040696316594003,0.5520507739964242
22.94 min | Methyl nomilinate 17-glucoside,Methyl nomilinate 17-glucoside,22.94,1.2792167615630106,0.44987176825323344,0.6984550572781879,2.102617022320906,0.15898177392952417,0.5520507739964242
22.94 min | 7-Methyl-cholic acid,7-Methyl-cholic acid,22.94,0.0,,,-4.19137811110863,0.3575392035153556,0.5805399907272116
23.04 min | ent-Epicatechin-(4alpha->8)-ent-epicatechin 3-gallate,ent-Epicatechin-(4alpha->8)-ent-epicatechin 3-gallate,23.04,-5.543031820255238,0.5000000000000001,0.6984550572781879,-0.11892073848921979,0.9443762339117875,0.9683288175365917
23.06 min | glutamic acid betaine,glutamic acid betaine,23.06,1.1483934485720553,0.6001201901507368,0.7468768548330534,0.5281814361817507,0.5194339717685597,0.679684877952477
23.1 min | kaempferol 3-rhamninoside,kaempferol 3-rhamninoside,23.1,0.2381864190760921,0.9041386817443748,0.9398373996264611,1.9568499147129543,0.05248418959817117,0.5520507739964242
23.14 min | kaempferide 3-glucoside-7-rhamnoside,kaempferide 3-glucoside-7-rhamnoside,23.14,-1.4773616454881326,0.07535783747376348,0.6984550572781879,1.4254078777965542,0.05010719022927024,0.5520507739964242
23.15 min | Protobassic acid,Protobassic acid,23.15,5.37135535800382,0.4857631790449506,0.6984550572781879,1.7604045071310344,0.12704271405701031,0.5520507739964242
23.26 min | Pressinoic acid,Pressinoic acid,23.26,8.871135184243045,0.5000000000000001,0.6984550572781879,-3.3457748368417297,0.1769545778312551,0.5520507739964242
23.3 min | 2-[1-[2-[(4-Carbamimidoylbenzoyl)amino]-3-(4-hydroxyphenyl)propanoyl]piperidin-4-yl]oxyacetic acid,2-[1-[2-[(4-Carbamimidoylbenzoyl)amino]-3-(4-hydroxyphenyl)propanoyl]piperidin-4-yl]oxyacetic acid,23.3,1.4373263232826192,0.6387651810759171,0.7724995873612459,-0.32877042688344105,0.8338845168502523,0.8990839408603614
23.3 min | 4-Methoxycinnamic acid,4-Methoxycinnamic acid,23.3,-0.6301266171139165,0.7689222219723053,0.8558166844553544,0.3022980084614038,0.7618943190342446,0.8545258471843048
23.31 min | (-)-Catechin gallate,(-)-Catechin gallate,23.31,-2.953032377253239,0.03962448884661258,0.6984550572781879,0.19728546483430512,0.8943425712058186,0.9394538457430147
23.4 min | glutamic acid betaine,glutamic acid betaine,23.4,1.125911088975212,0.5736924645003545,0.729014947430787,0.8992748785994743,0.38306669546433986,0.598671447280827
23.4 min | Methylenediphosphonic acid,Methylenediphosphonic acid,23.4,0.0,,,0.0,,
"23.48 min | 3-Hydroxylup-20(29)-ene-23,27,28-trioic acid","3-Hydroxylup-20(29)-ene-23,27,28-trioic acid",23.48,0.13668867196838042,0.9522551247581703,0.9706904436291401,-3.6880559936852597,0.34659350708733416,0.5741549006295235
23.54 min | Phthalic acid,Phthalic acid,23.54,0.012711051749553986,0.994393151327324,0.9958871478670661,-1.0043307951197462,0.10902025988875699,0.5520507739964242
23.54 min | 4-Hydroxyphenylpyruvic acid,4-Hydroxyphenylpyruvic acid,23.54,-2.0619740212551063,0.5794837800551376,0.7331915849311306,3.189824558880017,0.308233690767076,0.5741549006295235
23.57 min | C.I. Acid Green 50,C.I. Acid Green 50,23.57,-1.2153593847585558,0.2941241669362389,0.6984550572781879,-2.550329330843614,0.02655807225180301,0.5520507739964242
23.67 min | kaempferol 3-rhamninoside,kaempferol 3-rhamninoside,23.67,0.199270298359248,0.8132854833195943,0.8787591370675015,2.7488384574906637,0.03827037800304119,0.5520507739964242
23.7 min | Methyl salicylate O-[rhamnosyl-(1->6)-glucoside],Methyl salicylate O-[rhamnosyl-(1->6)-glucoside],23.7,-0.30106481327161033,0.8964405076152809,0.9345673579442606,2.6801399493990807,0.23072462466453444,0.5528789943033415
23.7 min | glutamic acid betaine,glutamic acid betaine,23.7,0.6474835852792147,0.7786599047688224,0.8610544504269126,0.8594386719698524,0.3755234166161174,0.595351839876895
23.73 min | glutamic acid betaine,glutamic acid betaine,23.73,0.7234596441818595,0.6658033145014101,0.7932852372083815,0.6966981987860267,0.41917738736028454,0.6106185988289057
"23.79 min | (S)-7-(3-Amino-1-pyrrolidinyl)-1-cyclopropyl-6-fluoro-1,4-dihydro-4-oxo-1,8-naphthyridine-3-carboxylic acid","(S)-7-(3-Amino-1-pyrrolidinyl)-1-cyclopropyl-6-fluoro-1,4-dihydro-4-oxo-1,8-naphthyridine-3-carboxylic acid",23.79,7.917372079476841,0.5000000000000001,0.6984550572781879,-6.421597345128423,0.029300750954500895,0.5520507739964242
23.82 min | Neryl rhamnosyl-glucoside,Neryl rhamnosyl-glucoside,23.82,0.0,,,4.562242424221073,0.3910022189557705,0.598671447280827
23.85 min | 6-(D-alpha-(3-Guanylureido)phenylacetamido)penicillanic acid,6-(D-alpha-(3-Guanylureido)phenylacetamido)penicillanic acid,23.85,4.946096677868006,0.5100568716651951,0.6991740586865873,-4.636429091549217,0.3020946206793844,0.5741549006295235
23.91 min | 19-Hydroxycinnzeylanol 19-glucoside,19-Hydroxycinnzeylanol 19-glucoside,23.91,1.1601330976501751,0.4650208758831229,0.6984550572781879,0.9892103602960687,0.24383878676954157,0.5533572321373632
23.95 min | Saponin H,Saponin H,23.95,14.605248001565803,0.23077934382261836,0.6984550572781879,1.5418937788292701,0.060468093414367,0.5520507739964242
24.03 min | Myricanol 5-(6-galloylglucoside),Myricanol 5-(6-galloylglucoside),24.03,0.0,,,-3.706591945122687,0.34659350708733416,0.5741549006295235
"24.05 min | trans-p-Menthane-1,7,8-triol 8-glucoside","trans-p-Menthane-1,7,8-triol 8-glucoside",24.05,-0.30216037634392084,0.7480898309742183,0.8466614928433474,1.1287234922652745,0.40052601523911,0.6033175915879234
"24.07 min | (S)-2,3-Dihydro-3,5-dihydroxy-2-oxo-3-indoleacetic acid 5-glucoside","(S)-2,3-Dihydro-3,5-dihydroxy-2-oxo-3-indoleacetic acid 5-glucoside",24.07,0.0,,,2.570233722614567,0.2926276419453211,0.5741549006295235
"24.09 min | 7-Methyl-1,4,5-naphthalenetriol 4-[xylosyl-(1->6)-glucoside]","7-Methyl-1,4,5-naphthalenetriol 4-[xylosyl-(1->6)-glucoside]",24.09,6.807354922057604,0.5000000000000001,0.6984550572781879,5.118941072723508,0.3910022189557705,0.598671447280827
24.17 min | xi-7-Hydroxyhexadecanedioic acid,xi-7-Hydroxyhexadecanedioic acid,24.17,-1.9379592533990637,0.0981289309437268,0.6984550572781879,1.6510829430346359,0.45573252960169575,0.6363871463501447
"24.23 min | 3,5-Digalloylepicatechin","3,5-Digalloylepicatechin",24.23,-0.6520766965796931,0.7899587567205758,0.8660019296162289,1.0740405668941164,0.6424659319411552,0.7684600612197285
"24.24 min | (11E,15Z)-9,10,13-Trihydroxy-11,15-octadecadienoic acid","(11E,15Z)-9,10,13-Trihydroxy-11,15-octadecadienoic acid",24.24,0.4036588824885406,0.7305786093597659,0.8362612365803364,0.017474445793513167,0.9695550992411024,0.9849024958567565
24.31 min | Methyl nomilinate 17-glucoside,Methyl nomilinate 17-glucoside,24.31,-0.8579528938720471,0.37160146474880873,0.6984550572781879,2.360979748478614,0.05191333489718974,0.5520507739964242
24.48 min | Pressinoic acid,Pressinoic acid,24.48,-1.238512086699725,0.6688943632535034,0.7955833043388759,0.4510759584254297,0.7684551205976047,0.8565715717298793
"24.48 min | 2-(3,7,11-Trimethyldodeca-2,6,10-trienylsulfanyl)benzoic acid","2-(3,7,11-Trimethyldodeca-2,6,10-trienylsulfanyl)benzoic acid",24.48,10.56081046872794,0.43943195917149436,0.6984550572781879,1.0690503996831,0.5335565406415852,0.688934950271069
24.59 min | Jasmonic acid,Jasmonic acid,24.59,-1.9133829356534067,0.4840611324544224,0.6984550572781879,1.004636894727845,0.4175058954857654,0.6095338296112658
24.61 min | 8-Acetoxy-4'-methoxypinoresinol 4-glucoside,8-Acetoxy-4'-methoxypinoresinol 4-glucoside,24.61,-0.25942089100569354,0.9101689291032989,0.9432409265271886,-4.972182055860237,0.16928280473988636,0.5520507739964242
24.79 min | Myricanol 5-(6-galloylglucoside),Myricanol 5-(6-galloylglucoside),24.79,6.219168520462161,0.5000000000000001,0.6984550572781879,2.3782422375670373,0.1120359713329158,0.5520507739964242
24.81 min | Methyl salicylate O-[rhamnosyl-(1->6)-glucoside],Methyl salicylate O-[rhamnosyl-(1->6)-glucoside],24.81,7.286557761607957,0.07100955656616918,0.6984550572781879,1.3406095159534375,0.5818487988068453,0.7222950605878079
"24.82 min | 9,10,13-Trihydroxystearic acid","9,10,13-Trihydroxystearic acid",24.82,0.6646896931918903,0.6594621613413728,0.7884748461802091,3.4192922277840827,0.19008402176975991,0.5520507739964242
24.85 min | (±)-Naringenin,(±)-Naringenin,24.85,0.5425964699156326,0.809519891771115,0.8781558889339592,-3.9188256921632134,0.10586267318325028,0.5520507739964242
25.08 min | Kaempferol,Kaempferol,25.08,0.662273664751902,0.7882995072788933,0.8660019296162289,-0.478490340391026,0.678722890737062,0.7944448744868388
25.22 min | Medicagenic acid,Medicagenic acid,25.22,8.294620748891626,0.14007014381776825,0.6984550572781879,8.700439718141093,0.2823938577649129,0.5708973539169944
"25.23 min | (Z)-5,8,11-trihydroxyoctadec-9-enoic acid","(Z)-5,8,11-trihydroxyoctadec-9-enoic acid",25.23,-0.08904177220266041,0.9358887765210505,0.9597241461103507,-0.1885767949952394,0.647131651580411,0.7702954175263602
25.25 min | Phthalic acid,Phthalic acid,25.25,2.1030673645211677,0.1559722747816429,0.6984550572781879,-0.35691953860400205,0.6280780299626558,0.7645292200193129
25.32 min | Traumatic acid,Traumatic acid,25.32,6.794415866350106,0.5000000000000001,0.6984550572781879,-1.4194426783988447,0.27450622714371725,0.5703302126201133
"25.4 min | (Z)-9,12,13-trihydroxyoctadec-15-enoic acid","(Z)-9,12,13-trihydroxyoctadec-15-enoic acid",25.4,0.0,,,-10.296023962711942,0.1705611367987522,0.5520507739964242
"25.4 min | (11E,15Z)-9,10,13-Trihydroxy-11,15-octadecadienoic acid","(11E,15Z)-9,10,13-Trihydroxy-11,15-octadecadienoic acid",25.4,-1.0741735560906944,0.6774644121816584,0.8007376710730147,0.9095818329742027,0.29360680846949794,0.5741549006295235
25.51 min | Traumatic acid,Traumatic acid,25.51,-0.7917580670065857,0.6148335745641333,0.7555719601241458,0.09288961777590632,0.8463217433659247,0.9076197320622903
25.61 min | 4-Hydroxy-3-(3-methyl-2-buten-1-yl)benzoic acid,4-Hydroxy-3-(3-methyl-2-buten-1-yl)benzoic acid,25.61,0.0,,,-2.6284632482746915,0.11994129248426098,0.5520507739964242
25.69 min | 3'-Prenylapigenin 7-[rhamnosyl-(1->6)-glucoside],3'-Prenylapigenin 7-[rhamnosyl-(1->6)-glucoside],25.69,1.6088092426755238,0.6208283170163479,0.7615716541177242,2.082462160191973,0.28379536705814556,0.5719459857653595
25.69 min | Protobassic acid,Protobassic acid,25.69,2.381666041279501,0.11131550356577655,0.6984550572781879,0.0,,
"25.75 min | (S)-10,16-Dihydroxyhexadecanoic acid","(S)-10,16-Dihydroxyhexadecanoic acid",25.75,3.3831282513241,0.29234196111726685,0.6984550572781879,1.2789967005897822,0.3065958405857822,0.5741549006295235
25.8 min | (7'R)-(+)-Lyoniresinol 9'-glucoside,(7'R)-(+)-Lyoniresinol 9'-glucoside,25.8,5.247927513443585,0.5000000000000001,0.6984550572781879,-3.852442811586142,0.34659350708733416,0.5741549006295235
25.88 min | beta-D-3-[5-Deoxy-5-(dimethylarsinyl)ribofuranosyloxy]-2-hydroxy-1-propanesulfonic acid,beta-D-3-[5-Deoxy-5-(dimethylarsinyl)ribofuranosyloxy]-2-hydroxy-1-propanesulfonic acid,25.88,0.0,,,1.3499459364706587,0.6017527150244958,0.7389242989818268
25.91 min | Medicagenic acid,Medicagenic acid,25.91,1.4308624664405265,0.6405967244622658,0.7726668861575698,0.593840652067609,0.7661423929124647,0.8560339178205272
26.02 min | Phenylpyruvic acid,Phenylpyruvic acid,26.02,-7.501837184902297,0.5000000000000001,0.6984550572781879,-1.3972732198030045,0.12461580738601251,0.5520507739964242
26.06 min | Dodecanedioic acid.mol,Dodecanedioic acid.mol,26.06,0.0,,,-3.112492673114992,0.19498645762053884,0.5520507739964242
26.06 min | 6-[Ethyl-(3-isobutoxy-4-isopropylphenyl)amino]nicotinic acid,6-[Ethyl-(3-isobutoxy-4-isopropylphenyl)amino]nicotinic acid,26.06,0.9812769464946391,0.7121409098564161,0.8255045771324586,-2.209103500675568,0.16745974172232994,0.5520507739964242
"26.13 min | Viniferin 3&apos;,5&apos;-diglucoside","Viniferin 3&apos;,5&apos;-diglucoside",26.13,0.0,,,-4.824428435416546,0.11176013117939446,0.5520507739964242
26.14 min | beta-D-3-[5-Deoxy-5-(dimethylarsinyl)ribofuranosyloxy]-2-hydroxy-1-propanesulfonic acid,beta-D-3-[5-Deoxy-5-(dimethylarsinyl)ribofuranosyloxy]-2-hydroxy-1-propanesulfonic acid,26.14,0.0,,,-10.330045422309873,0.34659350708733416,0.5741549006295235
"26.27 min | (5R,6S)-3-(2-Carbamoyloxyethylsulfanyl)-6-(1-hydroxyethyl)-7-oxo-4-thia-1-azabicyclo[3.2.0]hept-2-ene-2-carboxylic acid","(5R,6S)-3-(2-Carbamoyloxyethylsulfanyl)-6-(1-hydroxyethyl)-7-oxo-4-thia-1-azabicyclo[3.2.0]hept-2-ene-2-carboxylic acid",26.27,-0.09796907661857672,0.7865514388317887,0.8655859483607063,-0.10479763314247612,0.8799405567341596,0.9297068005160813
26.28 min | (Â±)-3-Hydroxynonanoic acid,(Â±)-3-Hydroxynonanoic acid,26.28,-0.2455532730962182,0.7932723124930352,0.8667117284939866,-4.550552469935325,0.19828434702979364,0.5520507739964242
26.29 min | Thelephoric acid,Thelephoric acid,26.29,0.6700153502415792,0.7875012514275125,0.8659351110074415,0.8886499568285089,0.4914508926635769,0.6624488744944653
26.35 min | 8-Hydroxypinoresinol 8-glucoside,8-Hydroxypinoresinol 8-glucoside,26.35,6.400879436282184,0.5000000000000001,0.6984550572781879,-0.257595128475578,0.7998495943227337,0.8757997041694028
26.45 min | Ranelic acid,Ranelic acid,26.45,0.010281392071246342,0.9957144300282478,0.9958871478670661,-0.3394997934007485,0.7089518074004546,0.8180098646380198
26.5 min | Benzoylmalic acid,Benzoylmalic acid,26.5,7.431497604258051,0.5000000000000001,0.6984550572781879,-0.5005193664753853,0.8046802225636888,0.8765605791690803
26.52 min | Monoisobutyl phthalic acid,Monoisobutyl phthalic acid,26.52,-0.05688325379462213,0.9753715581975491,0.9854491979132434,-5.504855761527313,0.16298798744074355,0.5520507739964242
26.52 min | (R)-5-Diphosphomevalonic acid,(R)-5-Diphosphomevalonic acid,26.52,-9.894628321374654,0.5000000000000001,0.6984550572781879,0.9402991167942424,0.25065808082009283,0.5563478605871534
26.55 min | Thelephoric acid,Thelephoric acid,26.55,0.7461698514523235,0.627359733149556,0.763427088605993,0.14870472208632982,0.8950818082553201,0.9394538457430147
26.57 min | 13-Hydroxy-9-methoxy-10-oxo-11-octadecenoic acid,13-Hydroxy-9-methoxy-10-oxo-11-octadecenoic acid,26.57,-0.6431513090371607,0.7506685451072148,0.848064517075276,-0.42073137580096265,0.295874200432719,0.5741549006295235
26.63 min | 8-Acetoxy-4'-methoxypinoresinol 4-glucoside,8-Acetoxy-4'-methoxypinoresinol 4-glucoside,26.63,-8.489847960439297,0.5000000000000001,0.6984550572781879,-5.630974898477993,0.08813232268544922,0.5520507739964242
26.72 min | Ranelic acid,Ranelic acid,26.72,0.38762433999178847,0.854470825857906,0.9053951707426264,-2.175147646719659,0.004564008819730185,0.5520507739964242
26.74 min | 2-[(4-Benzamidophenyl)sulfonylamino]acetic acid,2-[(4-Benzamidophenyl)sulfonylamino]acetic acid,26.74,-0.04990033164328282,0.982704337416744,0.9899354215772792,1.1173389681270058,0.6477656325565145,0.7704287458931632
26.76 min | Traumatic acid,Traumatic acid,26.76,-0.18290270162957947,0.7799694711030009,0.8618064616142116,-0.5709514951003982,0.5162035028446582,0.679684877952477
26.79 min | Isonuatigenin 3-[rhamnosyl-(1->2)-glucoside],Isonuatigenin 3-[rhamnosyl-(1->2)-glucoside],26.79,13.936453910041177,0.24437744448269627,0.6984550572781879,0.9877673764751397,0.3342385104683915,0.5741549006295235
26.83 min | Hexadecanedioic acid,Hexadecanedioic acid,26.83,7.074141462752506,0.5000000000000001,0.6984550572781879,-5.23946593469539,0.061050547466470206,0.5520507739964242
26.83 min | Thelephoric acid,Thelephoric acid,26.83,2.173284013532227,0.1863435567387364,0.6984550572781879,0.25347727208145576,0.6297399506087649,0.7646749555571217
26.9 min | 3-Hydroxycapric acid,3-Hydroxycapric acid,26.9,-2.8156462956889956,0.04667770511921228,0.6984550572781879,0.4580279013506298,0.39256558484293297,0.5992004169887994
26.97 min | Ranelic acid,Ranelic acid,26.97,11.991964648645357,0.5000000000000001,0.6984550572781879,0.003649641010257063,0.9972948317378681,0.9986480133277432
26.97 min | Cucurbic acid,Cucurbic acid,26.97,0.11198767925356011,0.9448841209973149,0.9646132450748128,-0.43760052909963887,0.46259610011462915,0.642930173040671
27.03 min | 2-[(4-Benzamidophenyl)sulfonylamino]acetic acid,2-[(4-Benzamidophenyl)sulfonylamino]acetic acid,27.03,0.1190621242453156,0.8954300954912549,0.9343321651886646,0.5361217183876736,0.5164622650099948,0.679684877952477
27.09 min | (R)-3-Hydroxy-5-phenylpentanoic acid,(R)-3-Hydroxy-5-phenylpentanoic acid,27.09,-0.17280938107936672,0.9200474256143993,0.9477388454974512,-1.6973335382176808,0.18768865551387096,0.5520507739964242
27.24 min | Ranelic acid,Ranelic acid,27.24,-7.485829308701905,0.5000000000000001,0.6984550572781879,-0.13981741690105973,0.778041809962572,0.8634509109058317
"27.25 min | 1,11-Undecanedicarboxylic acid","1,11-Undecanedicarboxylic acid",27.25,0.0,,,0.0,,
27.3 min | Protobassic acid,Protobassic acid,27.3,8.379378367071261,0.09140802737897968,0.6984550572781879,-7.306821202497154,0.2965865438440027,0.5741549006295235
27.33 min | Maslinic acid 3-O-b-D-glucoside,Maslinic acid 3-O-b-D-glucoside,27.33,14.027214885159834,0.013763637577157274,0.6007825812578725,1.7881443180917693,0.527981135289868,0.6865357559247733
"27.52 min | 3-Hydroxylup-20(29)-ene-23,27,28-trioic acid","3-Hydroxylup-20(29)-ene-23,27,28-trioic acid",27.52,7.861086905995394,0.2901980578601787,0.6984550572781879,-3.9385994553358565,0.34659350708733416,0.5741549006295235
27.53 min | Ganoderic acid beta,Ganoderic acid beta,27.53,1.681495295517295,0.4564832075172063,0.6984550572781879,-0.5365080398562263,0.7190419326625352,0.8246355031933971
27.62 min | 7-Aminocephalosporanic acid,7-Aminocephalosporanic acid,27.62,-1.1878478650189508,0.6431684137207417,0.7750858788588869,0.10647949651274671,0.9264295005604908,0.9575699879742889
27.63 min | 2-[(4-Benzamidophenyl)sulfonylamino]acetic acid,2-[(4-Benzamidophenyl)sulfonylamino]acetic acid,27.63,0.4035163151926903,0.39191603857092755,0.6984550572781879,-0.020262222022215722,0.9748734267466029,0.986908901150882
"27.66 min | (2R)-2-{(1R)-2-Oxo-1-[(2-thienylacetyl)amino]ethyl}-5,6-dihydro-2H-1,3-thiazine-4-carboxylic acid","(2R)-2-{(1R)-2-Oxo-1-[(2-thienylacetyl)amino]ethyl}-5,6-dihydro-2H-1,3-thiazine-4-carboxylic acid",27.66,0.0,,,-7.8998603935409895,0.3465935070873343,0.5741549006295235
"27.68 min | 9,10,13-Trihydroxystearic acid","9,10,13-Trihydroxystearic acid",27.68,0.0,,,2.697463079707025,0.07772427848546422,0.5520507739964242
27.7 min | 8-Hydroxyluteolin 8-glucoside 3'-sulfate,8-Hydroxyluteolin 8-glucoside 3'-sulfate,27.7,-1.1502590529449064,0.6838094497161743,0.8049313298894605,-0.7162895401369608,0.27457546623318807,0.5703302126201133
27.74 min | Bassic acid,Bassic acid,27.74,10.721526464007477,0.2745492851523193,0.6984550572781879,3.7985427251980166,0.42073964691807886,0.6108250259161265
27.76 min | Ellagic acid arabinoside,Ellagic acid arabinoside,27.76,-1.827055944174015,0.23983315398581578,0.6984550572781879,0.08889975270319515,0.9046140518329397,0.9462865630796734
27.77 min | uric acid citrate,uric acid citrate,27.77,-0.9394798503485178,0.7239565551405185,0.8319959683642999,-0.9413339431620491,0.46569904082113106,0.6448140565215661
27.82 min | Bismuth Subsalicylate,Bismuth Subsalicylate,27.82,0.0,,,-1.7170619390885056,0.3730345605462949,0.5945993643264917
27.87 min | 7-Aminocephalosporanic acid,7-Aminocephalosporanic acid,27.87,0.18426338383144575,0.43488070434264126,0.6984550572781879,-0.10194970040264091,0.7697283608990482,0.8565715717298793
27.93 min | 3-Hydroxycapric acid,3-Hydroxycapric acid,27.93,-1.757463310310287,0.5145979378180027,0.6997294505849944,2.168813097694873,0.30796769993001344,0.5741549006295235
"27.94 min | (S)-10,16-Dihydroxyhexadecanoic acid","(S)-10,16-Dihydroxyhexadecanoic acid",27.94,1.2152679869030665,0.41008798306714056,0.6984550572781879,1.3805881301966534,0.23264058427513423,0.5528789943033415
"27.98 min | (5R,6S)-3-(2-Carbamoyloxyethylsulfanyl)-6-(1-hydroxyethyl)-7-oxo-4-thia-1-azabicyclo[3.2.0]hept-2-ene-2-carboxylic acid","(5R,6S)-3-(2-Carbamoyloxyethylsulfanyl)-6-(1-hydroxyethyl)-7-oxo-4-thia-1-azabicyclo[3.2.0]hept-2-ene-2-carboxylic acid",27.98,-11.60177078840771,0.007068709215904384,0.5971352506154806,-0.13540057818790566,0.694934844949314,0.8076565599568406
27.99 min | Hexadecanedioic acid,Hexadecanedioic acid,27.99,-9.421012855779226,0.038086578051398375,0.6984550572781879,-0.6563008204286891,0.7163524683491889,0.8239856178930469
28.01 min | uric acid citrate,uric acid citrate,28.01,0.05119704291435978,0.7916413963214822,0.8667117284939866,0.18493710423391324,0.43257241513020017,0.6147414011158052
28.01 min | Gossypetin 8-glucoside 3-sulfate,Gossypetin 8-glucoside 3-sulfate,28.01,1.0476479788267543,0.4787086380618754,0.6984550572781879,-1.240328420837272,0.3156137393346726,0.5741549006295235
28.06 min | Medicagenic acid,Medicagenic acid,28.06,-6.257387842692652,0.5000000000000001,0.6984550572781879,-5.959358015502654,0.08086505390321072,0.5520507739964242
28.08 min | Orotidylic acid,Orotidylic acid,28.08,1.4518983354417139,0.3186031246614766,0.6984550572781879,0.1704003204538001,0.6777551470616002,0.7939417437007318
"28.12 min | 3,7-Dimethylquercetin","3,7-Dimethylquercetin",28.12,7.149747119504682,0.3251244284727839,0.6984550572781879,0.42242324642917534,0.7158766960838628,0.8239856178930469
28.14 min | Prehumulinic acid,Prehumulinic acid,28.14,0.8887285095473068,0.5477593634877359,0.7121391914669616,-1.9480953067839968,0.3014706593027314,0.5741549006295235
28.15 min | Hydroxy-2-naphthalenylmethylphosphonic acid tris-acetoxymethyl ester,Hydroxy-2-naphthalenylmethylphosphonic acid tris-acetoxymethyl ester,28.15,-10.885696373339394,0.5000000000000001,0.6984550572781879,0.10024795252685965,0.9287073945308498,0.9579120295789898
"28.15 min | (4aS,6aS,6bR,9R,10R,11R,12aR)-10,11-dihydroxy-9-(hydroxymethyl)-2,2,6a,6b,9,12a-hexamethyl-1,3,4,5,6,6a,7,8,8a,10,11,12,13,14b-tetradecahydropicene-4a-carboxylic acid","(4aS,6aS,6bR,9R,10R,11R,12aR)-10,11-dihydroxy-9-(hydroxymethyl)-2,2,6a,6b,9,12a-hexamethyl-1,3,4,5,6,6a,7,8,8a,10,11,12,13,14b-tetradecahydropicene-4a-carboxylic acid",28.15,10.599912842187127,0.5000000000000001,0.6984550572781879,-0.7545382236141559,0.6356789660715191,0.7665540473215376
"28.16 min | 2',7-Dihydroxy-4'-methoxy-8-prenylflavan 2',7-diglucoside","2',7-Dihydroxy-4'-methoxy-8-prenylflavan 2',7-diglucoside",28.16,4.99025950515136,0.27135697322413477,0.6984550572781879,5.070129101304774,0.13471723277197997,0.5520507739964242
28.26 min | Octadecanedioic acid,Octadecanedioic acid,28.26,1.8207754378199257,0.6000414676822566,0.7468768548330534,-2.835580666631489,0.04901418008633577,0.5520507739964242
28.26 min | 1-Palmitoyl Lysophosphatidic Acid,1-Palmitoyl Lysophosphatidic Acid,28.26,6.792790294301064,0.5000000000000001,0.6984550572781879,0.0,,
28.28 min | Gossypetin 8-glucoside 3-sulfate,Gossypetin 8-glucoside 3-sulfate,28.28,-0.7750811808272811,0.6062850492670696,0.7518154279407774,-0.3727611775086392,0.6933758463215018,0.807115732784335
"28.32 min | 5-Amino-1-[carboxy(methyl)amino]pentane-1,1,2,2,3,3,4,4,5-nonacarboxylic acid","5-Amino-1-[carboxy(methyl)amino]pentane-1,1,2,2,3,3,4,4,5-nonacarboxylic acid",28.32,-1.524033605601677,0.2863097670157828,0.6984550572781879,-0.4186861713028917,0.7745928366992703,0.8609179419940685
"28.34 min | (S)-10,16-Dihydroxyhexadecanoic acid","(S)-10,16-Dihydroxyhexadecanoic acid",28.34,-2.415037499278844,0.4453557960998314,0.6984550572781879,-0.04964665016335476,0.9373922050687086,0.9635034085525166
28.49 min | Fasciculic acid A,Fasciculic acid A,28.49,0.0,,,6.082149041353872,0.18205157853999013,0.5520507739964242
28.54 min | 1-Oleoyl Lysophosphatidic Acid (sodium salt),1-Oleoyl Lysophosphatidic Acid (sodium salt),28.54,0.0,,,5.271013761960229,0.16819357653827582,0.5520507739964242
"28.57 min | 5-Amino-1-[carboxy(methyl)amino]pentane-1,1,2,2,3,3,4,4,5-nonacarboxylic acid","5-Amino-1-[carboxy(methyl)amino]pentane-1,1,2,2,3,3,4,4,5-nonacarboxylic acid",28.57,0.009375031225283433,0.9958871478670661,0.9958871478670661,0.11126636676906304,0.919248671624166,0.9555007319135697
28.65 min | Orotidylic acid,Orotidylic acid,28.65,0.8924140652857616,0.5462090864034475,0.7113919335514576,-1.183479455456485,0.37935093651630425,0.598671447280827
28.67 min | 12-Hydroxydodecanoic acid,12-Hydroxydodecanoic acid,28.67,3.6293566200796095,0.5000000000000001,0.6984550572781879,0.0,,
28.67 min | Ranelic acid,Ranelic acid,28.67,8.42574042431621,0.5000000000000001,0.6984550572781879,-6.824074790350211,0.3465935070873343,0.5741549006295235
"28.82 min | Succinic acid, sulfo-, 1,4-dioctyl ester","Succinic acid, sulfo-, 1,4-dioctyl ester",28.82,0.0,,,-0.5302475838440702,0.8023142312527127,0.8758992642966005
"28.82 min | 5-Amino-1-[carboxy(methyl)amino]pentane-1,1,2,2,3,3,4,4,5-nonacarboxylic acid","5-Amino-1-[carboxy(methyl)amino]pentane-1,1,2,2,3,3,4,4,5-nonacarboxylic acid",28.82,-10.478011171176044,0.5000000000000001,0.6984550572781879,0.29939516432322183,0.8177701559820442,0.8871930940929686
28.9 min | [2-(hexadecanoyloxy)-3-[octadec-11-enoyloxy]propoxy]({[2.3.4.5.6-pentahydroxycyclohexyl]oxy})phosphinic acid,[2-(hexadecanoyloxy)-3-[octadec-11-enoyloxy]propoxy]({[2.3.4.5.6-pentahydroxycyclohexyl]oxy})phosphinic acid,28.9,1.978801950755633,0.5914188437267606,0.7407615709624293,-0.33377918608131096,0.7633499472427719,0.8555083691194619
28.9 min | Gossypetin 8-glucoside 3-sulfate,Gossypetin 8-glucoside 3-sulfate,28.9,-7.77066389291676,0.5000000000000001,0.6984550572781879,-1.6809315592518783,0.5155309551984698,0.679684877952477
28.94 min | 8-Hydroxyluteolin 4'-methyl ether 8-glucoside-3'-sulfate,8-Hydroxyluteolin 4'-methyl ether 8-glucoside-3'-sulfate,28.94,0.0,,,10.140510272368221,0.3910022189557705,0.598671447280827
"29.04 min | 1-Acetyl-3,14,20-trihydroxywitha-5,24-dienolide 3-glucoside","1-Acetyl-3,14,20-trihydroxywitha-5,24-dienolide 3-glucoside",29.04,-0.5991191388049746,0.8067998210474511,0.8781558889339592,1.702387905408816,0.02851417295307789,0.5520507739964242
29.09 min | [2-(hexadecanoyloxy)-3-[octadec-11-enoyloxy]propoxy]({[2.3.4.5.6-pentahydroxycyclohexyl]oxy})phosphinic acid,[2-(hexadecanoyloxy)-3-[octadec-11-enoyloxy]propoxy]({[2.3.4.5.6-pentahydroxycyclohexyl]oxy})phosphinic acid,29.09,0.8141190250479472,0.751804443817288,0.848064517075276,-1.9947625092011658,0.14355305307790092,0.5520507739964242
29.18 min | 8-Hydroxyluteolin 4'-methyl ether 8-glucoside-3'-sulfate,8-Hydroxyluteolin 4'-methyl ether 8-glucoside-3'-sulfate,29.18,0.0,,,-11.439600052774358,0.08573588771377612,0.5520507739964242
29.19 min | Orotidylic acid,Orotidylic acid,29.19,10.955286645524469,0.5000000000000001,0.6984550572781879,-0.2463661417488959,0.6628714706973374,0.7820929582328298
29.22 min | Medicagenic acid,Medicagenic acid,29.22,11.845490050944376,0.448479781580806,0.6984550572781879,0.6704805719072134,0.7447253059592548,0.8429559444753527
29.31 min | Octadecanedioic acid,Octadecanedioic acid,29.31,0.0,,,-0.034216202961482804,0.9714899076865127,0.9851854395445213
"29.42 min | (S)-10,16-Dihydroxyhexadecanoic acid","(S)-10,16-Dihydroxyhexadecanoic acid",29.42,-1.8533501410491569,0.5982391180026456,0.7465718801692086,-0.18160844276203014,0.8972374328200987,0.9399881349820156
29.43 min | 8-Hydroxyluteolin 4'-methyl ether 8-glucoside-3'-sulfate,8-Hydroxyluteolin 4'-methyl ether 8-glucoside-3'-sulfate,29.43,12.38855550398256,0.5000000000000001,0.6984550572781879,0.0,,
29.47 min | Phosphoaminophosphonic acid-adenylate ester,Phosphoaminophosphonic acid-adenylate ester,29.47,12.991521846075695,0.5000000000000001,0.6984550572781879,-2.1404249016232977,0.03235981342898322,0.5520507739964242
29.49 min | 8-Hydroxyluteolin 8-glucoside 3'-sulfate,8-Hydroxyluteolin 8-glucoside 3'-sulfate,29.49,12.967136177662045,0.5000000000000001,0.6984550572781879,-12.378264746760554,0.08053229103758418,0.5520507739964242
29.51 min | Bassic acid,Bassic acid,29.51,12.148476582178278,0.14963957948733803,0.6984550572781879,1.4752170947378132,0.4063789984367667,0.6034360177994644
29.55 min | Corchorifatty acid F,Corchorifatty acid F,29.55,-5.426264754702098,0.5000000000000001,0.6984550572781879,1.1375554856091814,0.2688291414128885,0.5693220546230021
29.56 min | Sanguisorbic acid dilactone,Sanguisorbic acid dilactone,29.56,1.2932465599629697,0.42729756909693384,0.6984550572781879,-0.17278436409883147,0.8733130390908856,0.9253482022240826
"29.58 min | 3,12-dihydroxy-4,6a,6b,11,12,14b-hexamethyl-1,2,3,4a,5,6,7,8,9,10,11,12a,14,14a-tetradecahydropicene-4,8a-dicarboxylic acid","3,12-dihydroxy-4,6a,6b,11,12,14b-hexamethyl-1,2,3,4a,5,6,7,8,9,10,11,12a,14,14a-tetradecahydropicene-4,8a-dicarboxylic acid",29.58,1.4445070540822833,0.6400668756275573,0.7726668861575698,6.857980995127572,0.3910022189557705,0.598671447280827
29.59 min | Bismuth Subsalicylate,Bismuth Subsalicylate,29.59,8.542064542283443,0.5000000000000001,0.6984550572781879,-2.859894681061785,0.14592941122678005,0.5520507739964242
29.67 min | 8-Hydroxyluteolin 4'-methyl ether 8-glucoside-3'-sulfate,8-Hydroxyluteolin 4'-methyl ether 8-glucoside-3'-sulfate,29.67,0.10405948597677739,0.8730587155201145,0.9193979858054129,-0.6146809852615861,0.3272907805118898,0.5741549006295235
"29.69 min | 12-Oxo-2,3-dinor-10,15-phytodienoic acid","12-Oxo-2,3-dinor-10,15-phytodienoic acid",29.69,-0.2078810263206095,0.9152290956913378,0.9448336280637492,1.1336705867122017,0.3188366042617893,0.5741549006295235
29.75 min | 8-Hydroxyluteolin 8-glucoside 3'-sulfate,8-Hydroxyluteolin 8-glucoside 3'-sulfate,29.75,-0.7450886577884765,0.7345146631792827,0.8393577411456078,0.08680736870799209,0.8850979131253589,0.933146085552164
29.86 min | Oleanolic acid 3-[glucosyl-(1->4)-xyloside],Oleanolic acid 3-[glucosyl-(1->4)-xyloside],29.86,0.0,,,0.6536752508051705,0.7474872880388767,0.8447865521786999
29.88 min | Hexadecanedioic acid,Hexadecanedioic acid,29.88,7.139551352398794,0.5000000000000001,0.6984550572781879,-5.784271308944563,0.34659350708733416,0.5741549006295235
29.89 min | Corchorifatty acid F,Corchorifatty acid F,29.89,-5.93663793900257,0.5000000000000001,0.6984550572781879,0.02965327401437608,0.9866087999267341,0.9946673712304045
"29.89 min | (2'E,4'Z,7'Z,8E)-Colnelenic acid","(2'E,4'Z,7'Z,8E)-Colnelenic acid",29.89,-6.968666793195209,0.09158942206167396,0.6984550572781879,-0.0006252199624997706,0.9997222178849532,0.9997222178849532
29.96 min | 8-Hydroxyluteolin 4'-methyl ether 8-glucoside-3'-sulfate,8-Hydroxyluteolin 4'-methyl ether 8-glucoside-3'-sulfate,29.96,-1.4446374611763424,0.3151346792503746,0.6984550572781879,0.5162091799973454,0.5541766898335155,0.701513545621157
30.0 min | 8-Hydroxyluteolin 8-glucoside 3'-sulfate,8-Hydroxyluteolin 8-glucoside 3'-sulfate,30.0,-12.893206713401959,0.5000000000000001,0.6984550572781879,2.7662120527665395,0.07610689212296363,0.5520507739964242
30.04 min | Ranelic acid,Ranelic acid,30.04,-0.4731675001605167,0.7642262892134326,0.8547596322983573,0.0019183796138740623,0.9961394220893528,0.9985374158278342
"30.08 min | Succinic acid, sulfo-, 1,4-dioctyl ester","Succinic acid, sulfo-, 1,4-dioctyl ester",30.08,0.0,,,13.03333696038395,0.23725881905980054,0.5528789943033415
30.1 min | 8-[3-oxo-2-[(E)-pent-2-enyl]cyclopenten-1-yl]octanoic acid,8-[3-oxo-2-[(E)-pent-2-enyl]cyclopenten-1-yl]octanoic acid,30.1,-3.258413745179968,0.4865404092654618,0.6984550572781879,-0.08500198796628386,0.9144188846080403,0.9538390626724152
30.2 min | 1-Oleoyl Lysophosphatidic Acid (sodium salt),1-Oleoyl Lysophosphatidic Acid (sodium salt),30.2,0.0,,,4.413627929024172,0.3910022189557705,0.598671447280827
30.22 min | Octadecanedioic acid,Octadecanedioic acid,30.22,0.0945884075955935,0.9575247687589643,0.9741029663869447,-5.475312771937368,0.010722169272632177,0.5520507739964242
30.23 min | Corchorifatty acid F,Corchorifatty acid F,30.23,4.017534659292511,0.5190995754230432,0.6997294505849944,-0.14458562188256716,0.7998008308324183,0.8757997041694028
30.27 min | Hexadecanedioic acid,Hexadecanedioic acid,30.27,5.79766152585376,0.5000000000000001,0.6984550572781879,-0.7828860728218046,0.5467988736949372,0.6969560773520962
30.34 min | [2-(hexadecanoyloxy)-3-[octadec-11-enoyloxy]propoxy]({[2.3.4.5.6-pentahydroxycyclohexyl]oxy})phosphinic acid,[2-(hexadecanoyloxy)-3-[octadec-11-enoyloxy]propoxy]({[2.3.4.5.6-pentahydroxycyclohexyl]oxy})phosphinic acid,30.34,2.754070155147468,0.035718866295238114,0.6984550572781879,0.8398445038730241,0.4001587969892991,0.6033175915879234
"30.37 min | Succinic acid, sulfo-, 1,4-dioctyl ester","Succinic acid, sulfo-, 1,4-dioctyl ester",30.37,16.62637211343182,0.5000000000000001,0.6984550572781879,-0.35910365002931555,0.7224343989442565,0.826599358792033
30.47 min | Ursodeoxycholic acid 3-sulfate.mol,Ursodeoxycholic acid 3-sulfate.mol,30.47,2.4838512223947493,0.4403646039183955,0.6984550572781879,0.058344434310916723,0.9531078594962812,0.9753271100098267
30.51 min | Monoethylhexyl phthalic acid,Monoethylhexyl phthalic acid,30.51,-7.226412192788786,0.01711506257783567,0.6007825812578725,-0.03215130243291094,0.9673499782780209,0.983339234117327
30.52 min | Uridine diphosphate glucuronic acid,Uridine diphosphate glucuronic acid,30.52,0.0455657087040557,0.610596370466117,0.753068856908211,0.5161674847169709,0.48585575575575296,0.6601578458227194
30.55 min | 3-Oxohexadecanoic acid,3-Oxohexadecanoic acid,30.55,-1.0097589664623285,0.4881349232987984,0.6984550572781879,-0.5201389639345603,0.6967512901356618,0.8078593120504611
30.55 min | Bassic acid,Bassic acid,30.55,0.0,,,-0.3713052577321047,0.8334725513553829,0.8990839408603614
30.62 min | Oleanolic acid 3-[glucosyl-(1->4)-xyloside],Oleanolic acid 3-[glucosyl-(1->4)-xyloside],30.62,0.0,,,0.16323655626428635,0.9252206707599522,0.9575699879742889
30.68 min | [2-(hexadecanoyloxy)-3-[octadec-11-enoyloxy]propoxy]({[2.3.4.5.6-pentahydroxycyclohexyl]oxy})phosphinic acid,[2-(hexadecanoyloxy)-3-[octadec-11-enoyloxy]propoxy]({[2.3.4.5.6-pentahydroxycyclohexyl]oxy})phosphinic acid,30.68,0.0,,,0.0,,
30.71 min | Uridine diphosphate glucuronic acid,Uridine diphosphate glucuronic acid,30.71,0.0,,,-10.364256273135911,0.34659350708733416,0.5741549006295235
30.71 min | 2alpha-Hydroxypyracrenic acid,2alpha-Hydroxypyracrenic acid,30.71,16.662105060462906,0.35097435734307186,0.6984550572781879,1.120171966245213,0.631445085346337,0.7651766047478225
30.73 min | Monoethylhexyl phthalic acid,Monoethylhexyl phthalic acid,30.73,0.0,,,-11.533546044629635,0.23137840407634805,0.5528789943033415
30.75 min | Gambogic acid,Gambogic acid,30.75,-0.3549178024526771,0.8801446411298686,0.9241624117599045,1.4106438524087201,0.05721462270483309,0.5520507739964242
"30.76 min | (2'E,4'Z,7'Z,8E)-Colnelenic acid","(2'E,4'Z,7'Z,8E)-Colnelenic acid",30.76,-1.4689692056563362,0.6361956482053607,0.7707538428257864,0.5017168359343254,0.282292488896531,0.5708973539169944
30.76 min | alpha-Linolenic acid,alpha-Linolenic acid,30.76,0.11270315094298156,0.9377031969938366,0.9608650274585048,1.4512416510919446,0.08975775338630818,0.5520507739964242
"30.82 min | Succinic acid, sulfo-, 1,4-dioctyl ester","Succinic acid, sulfo-, 1,4-dioctyl ester",30.82,15.700544703114753,0.5000000000000001,0.6984550572781879,2.568288391721051,0.3166905427767851,0.5741549006295235
30.88 min | Maslinic acid,Maslinic acid,30.88,4.920292103847757,0.25071374901741084,0.6984550572781879,3.5784830652282835,0.07985250930837806,0.5520507739964242
30.89 min | Uridine diphosphate glucuronic acid,Uridine diphosphate glucuronic acid,30.89,-12.742677853184162,0.07627532602907316,0.6984550572781879,-0.09792459635107159,0.9535210160868428,0.9753271100098267
30.91 min | [2-(hexadecanoyloxy)-3-[octadec-11-enoyloxy]propoxy]({[2.3.4.5.6-pentahydroxycyclohexyl]oxy})phosphinic acid,[2-(hexadecanoyloxy)-3-[octadec-11-enoyloxy]propoxy]({[2.3.4.5.6-pentahydroxycyclohexyl]oxy})phosphinic acid,30.91,4.04179768287227,0.519582179392008,0.6997294505849944,0.31819402521704115,0.7241149437155763,0.8266882446367749
30.92 min | 3-O-trans-Feruloyleuscaphic acid,3-O-trans-Feruloyleuscaphic acid,30.92,12.08464232218796,0.2161767433766678,0.6984550572781879,2.965784284662087,0.3910022189557705,0.598671447280827
30.96 min | Monoethylhexyl phthalic acid,Monoethylhexyl phthalic acid,30.96,0.6346176353839803,0.678492109893862,0.8007376710730147,-1.1771365935290545,0.5235375377858325,0.6827160404671628
31.08 min | 2-Hydroxyhexadecanoic acid,2-Hydroxyhexadecanoic acid,31.08,0.7681551065244998,0.46413629349870633,0.6984550572781879,-0.5792541688947223,0.5616947796076496,0.7049842642014377
31.12 min | Gambogic acid,Gambogic acid,31.12,9.108524456778168,0.5000000000000001,0.6984550572781879,-0.7663731584939115,0.49621263240946667,0.6658271322148843
31.25 min | [2-(hexadecanoyloxy)-3-[octadec-11-enoyloxy]propoxy]({[2.3.4.5.6-pentahydroxycyclohexyl]oxy})phosphinic acid,[2-(hexadecanoyloxy)-3-[octadec-11-enoyloxy]propoxy]({[2.3.4.5.6-pentahydroxycyclohexyl]oxy})phosphinic acid,31.25,-10.812979471251483,0.5000000000000001,0.6984550572781879,0.31942455916212953,0.7924602266169665,0.8727740537262286
31.32 min | Oleanolic acid 3-[glucosyl-(1->4)-xyloside],Oleanolic acid 3-[glucosyl-(1->4)-xyloside],31.32,6.283088353024002,0.5000000000000001,0.6984550572781879,-0.6741568551092544,0.6370069955466265,0.7675284289198537
31.42 min | Ganoderic acid beta,Ganoderic acid beta,31.42,10.81418188419028,0.2953794654649239,0.6984550572781879,-1.4685779538382058,0.2228946029666291,0.5526955117883426
31.43 min | 2-Hydroxyhexadecanoic acid,2-Hydroxyhexadecanoic acid,31.43,-0.6632940892602206,0.7063695201407635,0.8229918781624139,-3.0638278985070806,0.2253174323457739,0.5526955117883426
31.45 min | Monoethylhexyl phthalic acid,Monoethylhexyl phthalic acid,31.45,-11.466713778648694,0.5000000000000001,0.6984550572781879,1.2786372445589735,0.011859885329422138,0.5520507739964242
31.46 min | Palmitic Acid,Palmitic Acid,31.46,1.0084111812895793,0.500803659839385,0.6984550572781879,-2.773183169080864,0.3502179962563398,0.576921609904417
31.46 min | Maslinic acid,Maslinic acid,31.46,13.412900580866145,0.20558551830013694,0.6984550572781879,11.546532776425861,0.32488927017065483,0.5741549006295235
31.55 min | alpha-linolenic acid,alpha-linolenic acid,31.55,-5.098276960333751,0.4120163099440008,0.6984550572781879,-2.191762074365159,0.27877519304778925,0.5708973539169944
31.61 min | Valerenic acid,Valerenic acid,31.61,0.04806323385109754,0.9058349323466169,0.9401728751952376,-2.65534029118795,0.22171150383117136,0.5526955117883426
31.66 min | [2-(hexadecanoyloxy)-3-[octadec-11-enoyloxy]propoxy]({[2.3.4.5.6-pentahydroxycyclohexyl]oxy})phosphinic acid,[2-(hexadecanoyloxy)-3-[octadec-11-enoyloxy]propoxy]({[2.3.4.5.6-pentahydroxycyclohexyl]oxy})phosphinic acid,31.66,0.0,,,1.0554430137013888,0.1463807728343772,0.5520507739964242
31.7 min | Glucoconvallasaponin B,Glucoconvallasaponin B,31.7,0.04405518007793556,0.9845015434889155,0.9910166272325921,3.7571266692137577,0.002597330805359071,0.5520507739964242
"31.76 min | 12-Oxo-2,3-dinor-10,15-phytodienoic acid","12-Oxo-2,3-dinor-10,15-phytodienoic acid",31.76,0.3497195622631309,0.7819877771740594,0.8633397314123284,-0.03848418562992934,0.944711041499114,0.9683288175365917
"31.76 min | 2,4-Di-tert-butylphenol","2,4-Di-tert-butylphenol",31.76,0.0,,,9.787902559391432,0.0843223424401085,0.5520507739964242
31.79 min | Glycyrrhetinic acid,Glycyrrhetinic acid,31.79,-0.9239225160065749,0.6074595176897328,0.7521227253180949,1.4679364962057337,0.012697079171571677,0.5520507739964242
31.95 min | ISOPALMITIC ACID,ISOPALMITIC ACID,31.95,1.1777122296505846,0.4157431680901136,0.6984550572781879,-10.821331097840954,0.12529566679574766,0.5520507739964242
31.96 min | [2-(hexadecanoyloxy)-3-[octadec-11-enoyloxy]propoxy]({[2.3.4.5.6-pentahydroxycyclohexyl]oxy})phosphinic acid,[2-(hexadecanoyloxy)-3-[octadec-11-enoyloxy]propoxy]({[2.3.4.5.6-pentahydroxycyclohexyl]oxy})phosphinic acid,31.96,0.0,,,0.8854831679883014,0.5428509716908025,0.6945695506135874
"31.99 min | cis-9,10-Epoxystearic acid","cis-9,10-Epoxystearic acid",31.99,0.0,,,1.5339906829211951,0.3033566905144956,0.5741549006295235
32.04 min | Maslinic acid,Maslinic acid,32.04,2.599622923845762,0.0682896076926039,0.6984550572781879,2.0549194679860174,0.5036806845739109,0.6715742460985479
32.06 min | maslinic acid (3-O-trans-p-Coumaroyl-),maslinic acid (3-O-trans-p-Coumaroyl-),32.06,12.25025791666524,0.3764076415758549,0.6984550572781879,-6.27715822476734,0.08028763967232291,0.5520507739964242
"32.09 min | (2S,3S,4S,5R)-6-[2-(3,4-Dihydroxyphenyl)-7-hydroxy-4-oxo-3-sulfooxychromen-5-yl]oxy-3,4,5-trihydroxyoxane-2-carboxylic acid","(2S,3S,4S,5R)-6-[2-(3,4-Dihydroxyphenyl)-7-hydroxy-4-oxo-3-sulfooxychromen-5-yl]oxy-3,4,5-trihydroxyoxane-2-carboxylic acid",32.09,-10.949644356585717,0.5000000000000001,0.6984550572781879,0.19915426523519952,0.770101948296443,0.8565715717298793
32.28 min | 2-Hydroxymyristic acid,2-Hydroxymyristic acid,32.28,0.2952148115829436,0.7947100865474825,0.8675901981527141,-1.8809028753824804,0.1404157434310136,0.5520507739964242
32.3 min | [2-(hexadecanoyloxy)-3-[octadec-11-enoyloxy]propoxy]({[2.3.4.5.6-pentahydroxycyclohexyl]oxy})phosphinic acid,[2-(hexadecanoyloxy)-3-[octadec-11-enoyloxy]propoxy]({[2.3.4.5.6-pentahydroxycyclohexyl]oxy})phosphinic acid,32.3,14.515461155491005,0.5000000000000001,0.6984550572781879,1.7064441162230721,0.17930043357556408,0.5520507739964242
32.31 min | Maslinic acid,Maslinic acid,32.31,-0.06309624362626708,0.9716065990728157,0.9827693316010587,4.139064037737552,0.07486393462150115,0.5520507739964242
"32.39 min | cis-9,10-Epoxystearic acid","cis-9,10-Epoxystearic acid",32.39,-0.41063098577630003,0.7721506769691273,0.8587118414059589,-1.4902320193704717,0.19273634336641335,0.5520507739964242
32.42 min | Protobassic acid,Protobassic acid,32.42,5.9174675860990265,0.34948057114256864,0.6984550572781879,-4.520072969977133,0.34659350708733416,0.5741549006295235
32.44 min | 3alpha-O-trans-Feruloyl-2alpha-hydroxy-12-ursen-28-oic acid,3alpha-O-trans-Feruloyl-2alpha-hydroxy-12-ursen-28-oic acid,32.44,8.842238084530283,0.2676677524507876,0.6984550572781879,-6.92942280896088,0.13707969929874617,0.5520507739964242
32.57 min | 2alpha-Hydroxypyracrenic acid,2alpha-Hydroxypyracrenic acid,32.57,19.445576672127988,0.2385283151537969,0.6984550572781879,0.0,,
32.79 min | [2-(hexadecanoyloxy)-3-[octadec-11-enoyloxy]propoxy]({[2.3.4.5.6-pentahydroxycyclohexyl]oxy})phosphinic acid,[2-(hexadecanoyloxy)-3-[octadec-11-enoyloxy]propoxy]({[2.3.4.5.6-pentahydroxycyclohexyl]oxy})phosphinic acid,32.79,3.13876950037627,0.5372776529265988,0.7038286450690537,1.494665105730958,0.19185695015499887,0.5520507739964242
"32.8 min | 2,4-Di-tert-butylphenol","2,4-Di-tert-butylphenol",32.8,0.6977677064535575,0.6705099591867681,0.7961215387048444,-10.29200202114764,0.16543536881186105,0.5520507739964242
32.87 min | Ganoderic acid DM,Ganoderic acid DM,32.87,1.8410333425206264,0.3386166099719315,0.6984550572781879,0.9763280893023703,0.5889205582078433,0.7292338455660878
32.94 min | 2-Hydroxyhexadecanoic acid,2-Hydroxyhexadecanoic acid,32.94,1.136526860027051,0.20849168229010184,0.6984550572781879,-10.127134550366389,0.17147393779578865,0.5520507739964242
"32.99 min | (2S,3S,4S,5R)-6-[2-(3,4-Dihydroxyphenyl)-7-hydroxy-4-oxo-3-sulfooxychromen-5-yl]oxy-3,4,5-trihydroxyoxane-2-carboxylic acid","(2S,3S,4S,5R)-6-[2-(3,4-Dihydroxyphenyl)-7-hydroxy-4-oxo-3-sulfooxychromen-5-yl]oxy-3,4,5-trihydroxyoxane-2-carboxylic acid",32.99,0.5066556073204955,0.7555512799997618,0.8508478854346502,-0.8338111291696075,0.38712518813026586,0.598671447280827
"33.05 min | 9-hydroxy-10,12-octadecadienoic acid","9-hydroxy-10,12-octadecadienoic acid",33.05,0.17822941383070715,0.5389577569311343,0.7047117184706045,-0.6096045553177989,0.3324844656376917,0.5741549006295235
33.08 min | 3-Oxohexadecanoic acid,3-Oxohexadecanoic acid,33.08,1.7552585179918958,0.06465535684647539,0.6984550572781879,-3.9966028033357897,0.04296018288958054,0.5520507739964242
33.09 min | Polyglycerol esters of fatty acids,Polyglycerol esters of fatty acids,33.09,1.625320238337297,0.6118650402771425,0.753954311556623,-5.464886048729405,0.28020849983766494,0.5708973539169944
33.13 min | 10-Hydroxymyristic acid methyl ester,10-Hydroxymyristic acid methyl ester,33.13,0.0,,,-4.955488469041002,0.15156391724351928,0.5520507739964242
33.16 min | Corosolic acid,Corosolic acid,33.16,0.7906915924260216,0.7564231255504974,0.8508478854346502,1.2643553226096333,0.6041931882749494,0.7413043606764965
33.18 min | 12-Hydroxyoctadecanoic acid,12-Hydroxyoctadecanoic acid,33.18,0.5103430271379608,0.45621799960991644,0.6984550572781879,-5.251790377909759,0.12277226365426644,0.5520507739964242
33.25 min | Dodecanoic acid,Dodecanoic acid,33.25,-0.51959931633803,0.5546755640338072,0.7150196300963109,0.604614414490004,0.5168036556594616,0.679684877952477
33.57 min | 12-Hydroxyoctadecanoic acid,12-Hydroxyoctadecanoic acid,33.57,0.7773981859229577,0.2465587903022665,0.6984550572781879,-2.4330634796459516,0.10213896148144709,0.5520507739964242
33.58 min | maslinic acid (3-O-trans-p-Coumaroyl-),maslinic acid (3-O-trans-p-Coumaroyl-),33.58,10.986146445584492,0.024913031310795197,0.667126772391967,0.31860226918058526,0.8020069821368707,0.8758992642966005
"33.59 min | cis-9,10-Epoxystearic acid","cis-9,10-Epoxystearic acid",33.59,0.4042893333100407,0.21232295794113554,0.6984550572781879,-6.814850923448746,0.1177633284261108,0.5520507739964242
33.63 min | Glycyrrhetinic acid,Glycyrrhetinic acid,33.63,3.2653350594383297,0.4793353606327889,0.6984550572781879,3.709036079914865,0.1274170096105932,0.5520507739964242
33.66 min | maslinic acid (3-O-trans-p-Coumaroyl-),maslinic acid (3-O-trans-p-Coumaroyl-),33.66,15.428474678152886,0.06798087819813245,0.6984550572781879,-5.082740431007936,0.05007324521424078,0.5520507739964242
33.72 min | 3-Oxooctadecanoic acid,3-Oxooctadecanoic acid,33.72,2.6170151891330335,0.10863414225477751,0.6984550572781879,-0.13590081141579996,0.8456735769986201,0.9076197320622903
33.74 min | Oleic acid,Oleic acid,33.74,-9.157346935362844,0.5000000000000001,0.6984550572781879,3.7820117523495593,0.00038367114562015567,0.5520507739964242
33.87 min | 3-Oxohexadecanoic acid,3-Oxohexadecanoic acid,33.87,0.9996501285199565,0.2715171239328794,0.6984550572781879,-2.031247458624467,0.16063835904854484,0.5520507739964242
33.9 min | 10-Hydroxymyristic acid methyl ester,10-Hydroxymyristic acid methyl ester,33.9,0.0,,,-1.1029275500371059,0.3276086591177611,0.5741549006295235
33.95 min | 6-[Ethyl-(3-isobutoxy-4-isopropylphenyl)amino]nicotinic acid,6-[Ethyl-(3-isobutoxy-4-isopropylphenyl)amino]nicotinic acid,33.95,0.0,,,0.0,,
"33.97 min | cis-9,10-Epoxystearic acid","cis-9,10-Epoxystearic acid",33.97,0.06695614666421239,0.9442640019730585,0.9646132450748128,-2.240555861243371,0.21790756086366855,0.5526955117883426
33.98 min | (2s)-2-[[(2s)-2-Acetamido-5-[[n-(Methylcarbamoyl)carbamimidoyl]amino]pentanoyl]-Methyl-Amino]-3-Phenyl-Propanoic Acid,(2s)-2-[[(2s)-2-Acetamido-5-[[n-(Methylcarbamoyl)carbamimidoyl]amino]pentanoyl]-Methyl-Amino]-3-Phenyl-Propanoic Acid,33.98,-7.422064766172812,0.5000000000000001,0.6984550572781879,-0.4236919645893821,0.7767099877901789,0.8626214762816433
34.0 min | N-Undecylbenzenesulfonic acid,N-Undecylbenzenesulfonic acid,34.0,-12.598837624514152,0.05784543794956492,0.6984550572781879,0.4331063399347579,0.251860637958744,0.5573407820496344
34.03 min | 5-Tetradecenoic acid,5-Tetradecenoic acid,34.03,-0.5515556236358103,0.7242098921858798,0.8319959683642999,-1.0326380700111135,0.27157491356512437,0.5693814949177892
34.17 min | Maslinic acid,Maslinic acid,34.17,2.2821701563483012,0.24624854963072798,0.6984550572781879,3.7681843247769264,0.42141054803745565,0.6108250259161265
34.18 min | 3-Oxohexadecanoic acid,3-Oxohexadecanoic acid,34.18,0.42897867111036847,0.7772154103085421,0.860322417378803,-3.562909329812396,0.02713634104472609,0.5520507739964242
"34.21 min | cis-9,10-Epoxystearic acid","cis-9,10-Epoxystearic acid",34.21,0.17779440406904534,0.5713529659450456,0.7276113584918766,-3.9601058503044393,0.0743233057584204,0.5520507739964242
34.22 min | 10-Hydroxymyristic acid methyl ester,10-Hydroxymyristic acid methyl ester,34.22,0.6327382252905699,0.11983578624383563,0.6984550572781879,-4.282364917774104,0.0424941028647806,0.5520507739964242
34.22 min | Glycyrrhetinic acid,Glycyrrhetinic acid,34.22,5.525828213532001,0.3094702757304124,0.6984550572781879,-0.5415461872685721,0.7513715843252896,0.8475058318067641
34.24 min | Polyglycerol esters of fatty acids,Polyglycerol esters of fatty acids,34.24,-5.828748220002659,0.505601524188157,0.6991740586865873,1.6335867097648875,0.22057409960486185,0.5526955117883426
34.3 min | Sativic acid,Sativic acid,34.3,-0.7892122251105312,0.20066858626564205,0.6984550572781879,0.20545032685589523,0.47754035306689735,0.6531586303849894
34.43 min | 2-amino-3-[hydroxy-[2-hydroxy-3-[octadec-9-enoyl]oxypropoxy]phosphoryl]oxypropanoic acid,2-amino-3-[hydroxy-[2-hydroxy-3-[octadec-9-enoyl]oxypropoxy]phosphoryl]oxypropanoic acid,34.43,-4.257387842692652,0.5000000000000001,0.6984550572781879,12.351387882712327,0.07883998484769775,0.5520507739964242
34.49 min | Humulinic acid A,Humulinic acid A,34.49,3.9285635391014804,0.5212070352867163,0.6997294505849944,0.0063738542185241415,0.9955367942466752,0.9985374158278342
34.62 min | 16-Hydroxyhexadecanoic acid,16-Hydroxyhexadecanoic acid,34.62,2.040276572398039,0.44886294190411136,0.6984550572781879,-9.285145305845651,0.14185851648955353,0.5520507739964242
34.65 min | 3-hydroxypristanic acid,3-hydroxypristanic acid,34.65,0.10332640843184722,0.9158467673050367,0.9448336280637492,-0.4372155963439913,0.7241923443870936,0.8266882446367749
"34.76 min | 9-hydroxy-10,12-octadecadienoic acid","9-hydroxy-10,12-octadecadienoic acid",34.76,1.2359725096064966,0.4003595597592047,0.6984550572781879,0.7537781633614901,0.4437310678247043,0.6254803363488268
34.78 min | Tetracosahexaenoic acid,Tetracosahexaenoic acid,34.78,0.9915237994661005,0.24772374436161196,0.6984550572781879,0.347591909275823,0.3656841667935627,0.586651731542327
34.83 min | alpha-Linolenic acid,alpha-Linolenic acid,34.83,1.8379576612232222,0.38085262326904257,0.6984550572781879,0.11650674445746781,0.8195138163072382,0.8879041314423226
34.88 min | Humulinic acid A,Humulinic acid A,34.88,-10.626393504173995,0.5000000000000001,0.6984550572781879,-1.932924591760331,0.03213068686597561,0.5520507739964242
35.0 min | 3-Oxohexadecanoic acid,3-Oxohexadecanoic acid,35.0,-4.499845887083206,0.5000000000000001,0.6984550572781879,6.385862400641461,0.23817047263850377,0.5528789943033415
35.03 min | Oleanolic acid,Oleanolic acid,35.03,0.28409505978000343,0.6776670116235016,0.8007376710730147,5.195435233192861,0.11208970820569336,0.5520507739964242
"35.07 min | cis-9,10-Epoxystearic acid","cis-9,10-Epoxystearic acid",35.07,0.13821065293723345,0.5181542078828935,0.6997294505849944,-1.4156099518857075,0.2047256266556974,0.5520507739964242
35.14 min | maslinic acid (3-O-trans-p-Coumaroyl-),maslinic acid (3-O-trans-p-Coumaroyl-),35.14,18.26820387471692,0.02771779262782999,0.667126772391967,1.8375425489177835,0.5232790188747849,0.6827160404671628
35.44 min | 2-Hydroxyhexadecanoic acid,2-Hydroxyhexadecanoic acid,35.44,1.753502156440507,0.07704328910840592,0.6984550572781879,-1.2523686786719284,0.11829769748347624,0.5520507739964242
35.58 min | Protobassic acid,Protobassic acid,35.58,-13.472056157502356,0.1093481285945513,0.6984550572781879,0.22080683508428556,0.8583371040534092,0.9147332603486152
35.59 min | Myristic acid,Myristic acid,35.59,1.0827599608000875,0.10298020018881951,0.6984550572781879,-1.6710848113467776,0.10953003895103584,0.5520507739964242
35.64 min | Lucidenic acid K,Lucidenic acid K,35.64,0.0,,,1.0479670792363054,0.11402148474412642,0.5520507739964242
35.74 min | Oleanolic acid,Oleanolic acid,35.74,-0.3918622016509046,0.6963684622045042,0.8141147948402787,3.023501961320687,0.14476613077304157,0.5520507739964242
35.79 min | Arachidonic acid,Arachidonic acid,35.79,9.486835021563051,0.5000000000000001,0.6984550572781879,-0.6609493593321624,0.49256658448242446,0.6628861811213286
35.8 min | 3-Oxooctadecanoic acid,3-Oxooctadecanoic acid,35.8,0.26752111048719124,0.2635608805986668,0.6984550572781879,-0.9900118037070724,0.09995920220016087,0.5520507739964242
35.82 min | maslinic acid (3-O-trans-p-Coumaroyl-),maslinic acid (3-O-trans-p-Coumaroyl-),35.82,9.780479753118673,0.20531991680740913,0.6984550572781879,2.2417156845103228,0.25920604599153435,0.5639937185814982
35.85 min | Thelephoric acid,Thelephoric acid,35.85,1.4965792075561652,0.3144883389216351,0.6984550572781879,-0.497343876342281,0.46507293171845016,0.6448140565215661
35.91 min | Lucidenic acid K,Lucidenic acid K,35.91,0.0,,,0.2334470316168681,0.6304941876104453,0.7646749555571217
36.18 min | Linoleic acid,Linoleic acid,36.18,0.5807747037577228,0.8119134897272966,0.8787591370675015,-2.238319834052214,0.4097564624713552,0.604576630345603
36.37 min | Linoleic acid,Linoleic acid,36.37,0.8836911142334672,0.2074462424953583,0.6984550572781879,-0.06200305875006107,0.9128862754894714,0.9529138208079632
36.39 min | Orotidylic acid,Orotidylic acid,36.39,-1.655008109632785,0.2889156136792093,0.6984550572781879,-0.7057141837045721,0.08425307297244934,0.5520507739964242
36.41 min | Fasciculic acid A,Fasciculic acid A,36.41,-12.036345351740747,0.5000000000000001,0.6984550572781879,1.0258527613896915,0.29441429312815814,0.5741549006295235
36.43 min | Palmitic acid,Palmitic acid,36.43,3.149148069494541,0.17305562756248688,0.6984550572781879,-10.617314402322233,0.15390529788529403,0.5520507739964242
36.56 min | N-Undecylbenzenesulfonic acid,N-Undecylbenzenesulfonic acid,36.56,2.0572260119775225,0.2810984987704762,0.6984550572781879,-4.093604381629634,0.33543829001471515,0.5741549006295235
36.59 min | Cerebronic acid,Cerebronic acid,36.59,4.45571976313757,0.4802497730409377,0.6984550572781879,-0.8394408419537192,0.26989808304934326,0.5693220546230021
36.97 min | Palmitic acid,Palmitic acid,36.97,-0.5798646330814774,0.6105140323041078,0.753068856908211,0.6686544406179126,0.11315974840479251,0.5520507739964242
36.98 min | Pentadecanoic acid,Pentadecanoic acid,36.98,-0.733723152862814,0.2401021996374403,0.6984550572781879,-0.12260184682484329,0.7521236805276322,0.8475058318067641
37.02 min | beta-Elemonic acid,beta-Elemonic acid,37.02,-1.394582121916828,0.6337048204136193,0.7691758367857908,1.844923434533227,0.20530194318271142,0.5520507739964242
37.09 min | Thelephoric acid,Thelephoric acid,37.09,10.980853606379736,0.5000000000000001,0.6984550572781879,-0.8318229255210279,0.41083357739609744,0.604576630345603
37.19 min | Sanguisorbic acid dilactone,Sanguisorbic acid dilactone,37.19,0.29024471299317234,0.44937443655868303,0.6984550572781879,-0.42944073870294275,0.38758554603939915,0.598671447280827
37.27 min | 2-Hydroxy-22-methyltetracosanoic acid,2-Hydroxy-22-methyltetracosanoic acid,37.27,2.2094533656289497,0.5000000000000001,0.6984550572781879,-5.997127933470661,0.3510485321270607,0.577001818952719
37.28 min | Cyclohexaneundecanoic acid,Cyclohexaneundecanoic acid,37.28,0.14246155906359836,0.7196315113619907,0.8299709680324897,0.6505889546061697,0.20687150714133778,0.5520507739964242
37.31 min | 3-Oxohexadecanoic acid,3-Oxohexadecanoic acid,37.31,0.08752455950411393,0.9644913794857967,0.9780657026044857,-1.4723807367690123,0.2918958067812209,0.5741549006295235
37.33 min | 2(R)-hydroxydocosanoic acid,2(R)-hydroxydocosanoic acid,37.33,0.6621658378455269,0.7897471333565417,0.8660019296162289,-1.3498792351744666,0.4089849806899408,0.6042660975959486
37.37 min | (R)-3-Hydroxy-Octadecanoic acid,(R)-3-Hydroxy-Octadecanoic acid,37.37,3.957483167882217,0.2582018377857876,0.6984550572781879,-1.4998321123153846,0.20695152991448013,0.5520507739964242
37.49 min | 2-Hydroxy-22-methyltetracosanoic acid,2-Hydroxy-22-methyltetracosanoic acid,37.49,-0.10872902763353635,0.9621286626241313,0.97758748298499,-1.3241749959168043,0.3192777344317001,0.5741549006295235
37.61 min | Cerebronic acid,Cerebronic acid,37.61,0.0,,,0.0,,
37.63 min | Lucidenic acid K,Lucidenic acid K,37.63,0.0,,,0.6568634886666866,0.40894660492895285,0.6042660975959486
"37.65 min | 9-hydroxy-10,12-octadecadienoic acid","9-hydroxy-10,12-octadecadienoic acid",37.65,-0.5243679759902021,0.25208917306297335,0.6984550572781879,-0.5679297730545922,0.5273072624651417,0.6865357559247733
37.74 min | 2(R)-hydroxydocosanoic acid,2(R)-hydroxydocosanoic acid,37.74,0.0,,,0.0,,
"38.15 min | Benzene-1,2,3-tricarboxylic acid","Benzene-1,2,3-tricarboxylic acid",38.15,2.1737955168316425,0.17378811402930333,0.6984550572781879,-0.3649787283360119,0.40450797924676324,0.6033175915879234
38.22 min | Dehydrochorismic acid,Dehydrochorismic acid,38.22,0.0,,,0.0,,
38.22 min | 2-Phosphonopropionic acid,2-Phosphonopropionic acid,38.22,0.16270860980681326,0.8254693418264912,0.8863274736944835,-2.017812680204051,0.01937124630136036,0.5520507739964242
38.23 min | Palmitic Acid,Palmitic Acid,38.23,0.0,,,-12.666513745786895,0.3395688348907383,0.5741549006295235
38.3 min | (2R)-2-Acetamido-3-[[(2R)-2-acetamido-2-carboxyethyl]disulfanyl]propanoic acid,(2R)-2-Acetamido-3-[[(2R)-2-acetamido-2-carboxyethyl]disulfanyl]propanoic acid,38.3,0.26711674807713015,0.8937165791339382,0.9339281670610573,-0.36329428562915966,0.7645344966788346,0.8560339178205272
38.33 min | Benzoylmalic acid,Benzoylmalic acid,38.33,0.0,,,1.1851354713467661,0.43103367247499075,0.6147414011158052
38.44 min | (R)-2-hydroxystearic acid,(R)-2-hydroxystearic acid,38.44,3.081946958266506,0.2849789526962042,0.6984550572781879,-0.40125478475602355,0.6411956184441128,0.7684600612197285
38.44 min | Oleic acid,Oleic acid,38.44,0.0,,,-7.226679779739546,0.3465935070873343,0.5741549006295235
"38.51 min | Benzene-1,2,3-tricarboxylic acid","Benzene-1,2,3-tricarboxylic acid",38.51,0.08263934103848235,0.971389644453335,0.9827693316010587,-1.4968759557400408,0.23435607172591955,0.5528789943033415
38.55 min | 2(R)-hydroxydocosanoic acid,2(R)-hydroxydocosanoic acid,38.55,1.6530267756663104,0.4818663553228832,0.6984550572781879,0.5297979328173937,0.5112601092892175,0.6755773691234424
38.55 min | Ranelic acid,Ranelic acid,38.55,1.2231604010541373,0.12096846638511993,0.6984550572781879,0.038839674784549756,0.9255236136582131,0.9575699879742889
"38.56 min | (2R)-2-{(1R)-2-Oxo-1-[(2-thienylacetyl)amino]ethyl}-5,6-dihydro-2H-1,3-thiazine-4-carboxylic acid","(2R)-2-{(1R)-2-Oxo-1-[(2-thienylacetyl)amino]ethyl}-5,6-dihydro-2H-1,3-thiazine-4-carboxylic acid",38.56,0.395207441195952,0.8057239367986211,0.8781558889339592,-0.13103363206703805,0.7665845186604127,0.8560339178205272
38.56 min | Bismuth Subsalicylate,Bismuth Subsalicylate,38.56,0.12667941583137224,0.956221673057962,0.9740085345359747,-0.8455578887776741,0.5520210885055544,0.6998999891600639
38.59 min | Lucidenic acid K,Lucidenic acid K,38.59,4.920857570125444,0.01496962285500809,0.6007825812578725,0.713171609993251,0.24772002727991482,0.5539382323860181
38.59 min | 5-((7-(Benzyloxy)quinazolin-4-yl)amino)-4-fluoro-2-methylphenol,5-((7-(Benzyloxy)quinazolin-4-yl)amino)-4-fluoro-2-methylphenol,38.59,0.06449796860201461,0.809420014453624,0.8781558889339592,-1.89829348854432,0.04037653226731975,0.5520507739964242
38.6 min | Palmitic Acid,Palmitic Acid,38.6,0.6901930389697363,0.08442568614296628,0.6984550572781879,-1.1986908454035425,0.22405954528526306,0.5526955117883426
38.61 min | 2-[(4-Benzamidophenyl)sulfonylamino]acetic acid,2-[(4-Benzamidophenyl)sulfonylamino]acetic acid,38.61,0.9644602067069145,0.7188125740489298,0.8297254754409654,0.0035674270327746027,0.9965078682346883,0.9985374158278342
38.61 min | 2-Phosphonopropionic acid,2-Phosphonopropionic acid,38.61,0.050507558993391835,0.8170059063132685,0.8801803219291359,-2.028768216439253,0.03646565246874109,0.5520507739964242
38.62 min | (R)-5-Diphosphomevalonic acid,(R)-5-Diphosphomevalonic acid,38.62,0.9196545952653724,0.363917889468162,0.6984550572781879,-0.08638181422398365,0.8307814737328525,0.8976818852340339
38.64 min | Orotidylic acid,Orotidylic acid,38.64,1.0563236872298896,0.44927067760536715,0.6984550572781879,-0.6145225167428797,0.4542511344500114,0.6361239795523879
38.65 min | 3-Furoic acid.mol,3-Furoic acid.mol,38.65,0.6680931471691681,0.48427786275705015,0.6984550572781879,-1.2414347091368159,0.2298830145943128,0.5528789943033415
38.66 min | 2-Amino-4-[(2-amino-2-carboxyethyl)disulfanyl]butanoic acid,2-Amino-4-[(2-amino-2-carboxyethyl)disulfanyl]butanoic acid,38.66,0.02836338538907059,0.9876078643220965,0.9934130538258266,-1.1464545331227463,0.43037194220986896,0.6147414011158052
38.68 min | Gallagic acid,Gallagic acid,38.68,0.0,,,-0.9482111263026084,0.2468304878136955,0.5539382323860181
38.68 min | Polyglycerol esters of fatty acids,Polyglycerol esters of fatty acids,38.68,8.087462841250339,0.5000000000000001,0.6984550572781879,-2.691910606448242,0.34318948145386713,0.5741549006295235
38.78 min | Oleic acid,Oleic acid,38.78,-0.10446818636095347,0.8943607209766589,0.9339281670610573,-0.11045889748945774,0.8905114809825284,0.9375142267690528
38.9 min | (R)-5-Diphosphomevalonic acid,(R)-5-Diphosphomevalonic acid,38.9,12.345924955788446,0.5000000000000001,0.6984550572781879,2.107103612844874,0.14545832754953958,0.5520507739964242
38.91 min | Polyglycerol esters of fatty acids,Polyglycerol esters of fatty acids,38.91,12.297632789142513,0.5000000000000001,0.6984550572781879,-10.35498395173753,0.3465935070873343,0.5741549006295235
38.98 min | Dehydrochorismic acid,Dehydrochorismic acid,38.98,0.0,,,-11.185907830636378,0.34659350708733416,0.5741549006295235
39.03 min | N-Undecylbenzenesulfonic acid,N-Undecylbenzenesulfonic acid,39.03,4.273050924357996,0.058965668269214656,0.6984550572781879,0.8383778391440538,0.16733669482276398,0.5520507739964242
39.05 min | Polyglycerol esters of fatty acids,Polyglycerol esters of fatty acids,39.05,1.0479192837842695,0.3094626123652423,0.6984550572781879,-0.09826682022312802,0.9187464793858299,0.9555007319135697
39.08 min | Polyglycerol esters of fatty acids,Polyglycerol esters of fatty acids,39.08,0.4616710098131861,0.5988162569586388,0.7466115262079932,0.3502856377547918,0.24227091538476267,0.5533572321373632
39.08 min | Ganoderic acid Mi,Ganoderic acid Mi,39.08,10.658657792126085,0.2960335984300244,0.6984550572781879,-2.4332829346414737,0.24502532167886193,0.5533572321373632
39.1 min | Tsugaric acid A,Tsugaric acid A,39.1,12.105908508571158,0.3001171197668016,0.6984550572781879,-2.7266409772213507,0.2292060202474794,0.5528789943033415
39.12 min | Gallagic acid,Gallagic acid,39.12,-10.478390445166982,0.5000000000000001,0.6984550572781879,1.0578883619652377,0.05456468487231828,0.5520507739964242
39.18 min | 2-Oxo-3-hydroxy-4-phosphobutanoic acid,2-Oxo-3-hydroxy-4-phosphobutanoic acid,39.18,-10.016808287686555,0.5000000000000001,0.6984550572781879,0.5789142485365462,0.6157657085075247,0.7523759815870086
39.23 min | Benzoylmalic acid,Benzoylmalic acid,39.23,0.0,,,-11.516137748453101,0.1890194456874322,0.5520507739964242
39.29 min | (R)-5-Diphosphomevalonic acid,(R)-5-Diphosphomevalonic acid,39.29,-13.913076395554812,0.1107170509009589,0.6984550572781879,-0.6973989830820221,0.4790179035840684,0.6540521976781545
39.31 min | Bismuth Subsalicylate,Bismuth Subsalicylate,39.31,-1.6769167017887139,0.3680357333526256,0.6984550572781879,1.5388673138511597,0.19862995847232098,0.5520507739964242
"39.44 min | Benzene-1,2,3-tricarboxylic acid","Benzene-1,2,3-tricarboxylic acid",39.44,-0.5731853329448027,0.814027698153992,0.878770920686884,-0.3992086737032585,0.7093852484665755,0.8180098646380198
"39.47 min | (2R)-2-{(1R)-2-Oxo-1-[(2-thienylacetyl)amino]ethyl}-5,6-dihydro-2H-1,3-thiazine-4-carboxylic acid","(2R)-2-{(1R)-2-Oxo-1-[(2-thienylacetyl)amino]ethyl}-5,6-dihydro-2H-1,3-thiazine-4-carboxylic acid",39.47,0.20984716801733433,0.9279409969666772,0.953717135771307,-0.7024989242608276,0.4428813503817978,0.6249453854335885
39.49 min | Cerebronic acid,Cerebronic acid,39.49,-4.707449559558012,0.3971969286232838,0.6984550572781879,-2.0846940869854422,0.29141838349321303,0.5741549006295235
39.54 min | Polyglycerol esters of fatty acids,Polyglycerol esters of fatty acids,39.54,0.0,,,-12.326382669934816,0.33919243223623224,0.5741549006295235
39.65 min | Gossypetin 8-glucoside 3-sulfate,Gossypetin 8-glucoside 3-sulfate,39.65,1.7589177499618687,0.46049516384646555,0.6984550572781879,-5.600885304762016,0.09302511715662226,0.5520507739964242
39.67 min | Bismuth Subsalicylate,Bismuth Subsalicylate,39.67,1.3926140103708997,0.6477358323675547,0.777169460570712,-1.1299081499184267,0.16819344586193774,0.5520507739964242
39.7 min | 2-Amino-4-[(2-amino-2-carboxyethyl)disulfanyl]butanoic acid,2-Amino-4-[(2-amino-2-carboxyethyl)disulfanyl]butanoic acid,39.7,-0.3913049893709839,0.535358387144999,0.7031731307494958,-0.22808816688535666,0.47301556505344783,0.6516920584293153
39.7 min | Dehydrochorismic acid,Dehydrochorismic acid,39.7,-13.929466474648086,0.09064436824136334,0.6984550572781879,0.7802011366454495,0.19204403693992117,0.5520507739964242
39.71 min | 2-Phosphonopropionic acid,2-Phosphonopropionic acid,39.71,-0.38680352345817326,0.8122105723677034,0.8787591370675015,-0.936452303605354,0.40282058763520373,0.6033175915879234
39.72 min | 2-[(4-Benzamidophenyl)sulfonylamino]acetic acid,2-[(4-Benzamidophenyl)sulfonylamino]acetic acid,39.72,0.7177968111753591,0.3923831432271719,0.6984550572781879,0.015019430181555908,0.963060658724415,0.9810058883900873
39.72 min | (R)-5-Diphosphomevalonic acid,(R)-5-Diphosphomevalonic acid,39.72,0.6694758374223763,0.39916675808685714,0.6984550572781879,-0.3852608605086955,0.18212264099458517,0.5520507739964242
39.74 min | Orotidylic acid,Orotidylic acid,39.74,-11.134666963246291,0.3886029364595577,0.6984550572781879,-4.119850349113027,0.20695401086928825,0.5520507739964242
39.74 min | uric acid citrate,uric acid citrate,39.74,-0.8548505775960125,0.5650285551741904,0.7232661512852974,0.09170403788380452,0.781757861282156,0.8656223580288539
"39.8 min | (2R)-2-{(1R)-2-Oxo-1-[(2-thienylacetyl)amino]ethyl}-5,6-dihydro-2H-1,3-thiazine-4-carboxylic acid","(2R)-2-{(1R)-2-Oxo-1-[(2-thienylacetyl)amino]ethyl}-5,6-dihydro-2H-1,3-thiazine-4-carboxylic acid",39.8,-13.227465529501677,0.5000000000000001,0.6984550572781879,-0.018978712015116844,0.9908170528019661,0.9955384410726358
39.87 min | Polyglycerol esters of fatty acids,Polyglycerol esters of fatty acids,39.87,2.0230223651594312,0.38017874267225715,0.6984550572781879,-12.788384148019894,0.2613629427572796,0.5639937185814982
39.92 min | Thelephoric acid,Thelephoric acid,39.92,-0.4210241039938724,0.6456747404378835,0.7767387694722869,1.252312671119701,0.2382947489715441,0.5528789943033415
39.94 min | Bismuth Subsalicylate,Bismuth Subsalicylate,39.94,0.9559001638882738,0.7205759406405515,0.830360658869457,-0.9069009994057927,0.3285806819117646,0.5741549006295235
39.97 min | (R)-5-Diphosphomevalonic acid,(R)-5-Diphosphomevalonic acid,39.97,-1.5889640167588175,0.25377543057607793,0.6984550572781879,-2.1904938366190136,0.22157234822292218,0.5526955117883426
40.04 min | 2-Amino-4-[(2-amino-2-carboxyethyl)disulfanyl]butanoic acid,2-Amino-4-[(2-amino-2-carboxyethyl)disulfanyl]butanoic acid,40.04,11.930922097125269,0.5000000000000001,0.6984550572781879,-10.847579399667103,0.16909808543284763,0.5520507739964242
40.08 min | Polyglycerol esters of fatty acids,Polyglycerol esters of fatty acids,40.08,2.813743492371095,0.34064107977574803,0.6984550572781879,0.0,,
"40.08 min | Propanoic acid, 3-((((2-(1,1-dimethylethyl)-5-methoxy-6-benzothiazolyl)amino)thioxomethyl)thio)-","Propanoic acid, 3-((((2-(1,1-dimethylethyl)-5-methoxy-6-benzothiazolyl)amino)thioxomethyl)thio)-",40.08,13.055451915095027,0.02571406160669741,0.667126772391967,0.0,,
