Feature_Label,PC1,PC2,PC3
2.51 min | 2-Hydroxyadipic acid,-0.01705453314008545,0.00034406640205155976,0.04671729076550011
2.51 min | Keto-3-deoxy-D-manno-octulosonic acid,0.02586841089911693,-0.03751200387228792,0.004066883133567557
2.52 min | Citric acid,0.02134080959873714,-0.027633543236779336,-0.006059868836751841
2.52 min | D-Glucuronic acid,0.03383188413952187,-0.017432192875187127,0.025026690796882408
2.52 min | D-(-)-quinic acid,0.004748777014150443,0.003273708007416483,0.059104682489008
2.52 min | Glutaconic acid,0.013768900611631019,-0.018692697334711905,0.02610653692823527
2.52 min | Citric acid,-0.005371730792730423,0.0073978729772745085,0.027937375065024864
2.52 min | Tartaric acid,0.023889252938176165,-0.02643726015124447,0.007584649191789356
2.52 min | Nb-trans-Feruloylserotonin glucoside,-0.009114563337991414,0.004293240893437005,0.03195741117848285
2.53 min | cis-Aconitic acid.mol,-0.0016376707450163899,0.004932521887201514,0.03901419572207142
2.53 min | Galactonic acid,0.03090702606689401,-0.02286327819392276,0.035986682732440274
2.53 min | Ureidopropionic acid,-0.00443138342518221,-0.0006981287836494302,-0.00031115580250232417
2.54 min | Arabinonic acid,0.05128593874886519,-0.044855809016717194,-0.0046380131631896
"2.54 min | 2,3,4,5,6,7-Hexahydroxyheptanoic acid",-0.003518208637287924,-0.008964546864130585,0.0544129606275757
2.55 min | L-Glutamic acid,0.03490901602523507,-0.04732707019010359,-0.01839995146282375
2.57 min | Ascorbalamic acid,0.027096395177777646,-0.03711489038321251,-0.021053013355040322
2.58 min | L-2-Amino-4-methylenepentanedioic acid,0.031215538857848814,-0.044124961688612095,-0.025118524158285745
"2.59 min | 4',5,6-Trimethylscutellarein 7-glucoside",0.03304691428250267,-0.03274600148121358,-0.011202368986363441
2.71 min | 3-Hydroxy-3-carboxymethyl-adipic acid,0.008359582595255174,-0.002137441429607815,0.0468691315517109
2.71 min | L-Malic acid.mol,0.02941844781942517,-0.040166428133616615,-0.0005934964081613447
2.74 min | Shikimic acid,0.003406281479674691,0.0028772807080978493,0.052669860963884194
2.76 min | Caftaric acid,0.024166685880440186,-0.023360194135412696,0.007472973278161815
2.78 min | Nb-trans-Feruloylserotonin glucoside,0.04185754870971762,-0.04505846103723215,0.0047320553486967275
2.82 min | l-ascorbic acid,0.0004070569051624768,0.0044357896637328125,0.02223986330221984
2.91 min | ISOPALMITIC ACID,0.004057942153130703,-0.02168809311118202,-0.016151524555974354
2.92 min | Stearic acid,-0.0013431115859247722,-0.021688616502397954,-0.018901398513759816
2.94 min | Pipecolic acid,0.015635071257639414,-0.024383627707684593,-0.016412688578356326
2.96 min | 3-Hydroxyhippuric acid sulfate,0.007415593866076652,-0.015486560113933104,-0.012430132013494338
2.97 min | 2-Keto-6-aminocaproic acid.mol,0.0028853527398131303,0.0016059652446622056,0.03690991491353279
3.0 min | N-Acetylglutamic acid,-0.008389757740888924,0.012989991617600685,0.020419445681571505
3.03 min | 2-[[(1R)-2-[Bis(carboxymethyl)amino]cyclohexyl]-[(2S)-2-[bis(carboxymethyl)amino]-3-(4-isothiocyanatophenyl)propyl]amino]acetic acid,0.021009322516960065,-0.009886948543779528,0.009018911122137867
3.03 min | 2-Methylcitric acid,-0.014010984892376817,0.005059927476890426,0.0010987909440515272
3.04 min | Ascorbic acid,0.004963364492997395,0.00377971400080789,0.019087094539878537
3.05 min | N-Formyl-L-glutamic acid,0.03380076686775486,0.018420288932392056,0.034862600072144825
3.05 min | 4-O-Methylglucuronic acid,-0.001352995434644768,0.001975942471280163,0.03354280880868571
3.05 min | (Z)-3-(1-Formyl-1-propenyl)pentanedioic acid,-0.013252187198497587,0.006755310709266938,-0.0013011768533493391
3.07 min | 3-Methyluric acid,-0.0018447310287022763,-0.004640598499931768,-0.009899570253331135
3.08 min | Uric acid,0.0435243115150209,0.020608826785512884,-0.007235300311960932
3.08 min | DEHYDROASCORBIC ACID,0.021105153682529416,-0.01345937518950541,0.011378657351344716
3.13 min | Lycoperdic acid,-0.020761073956700515,-0.0012553657104036101,-0.014219889924810545
3.13 min | 2-Methylcitric acid,-0.0045940972098098,0.0034289607088033836,0.03691985373743125
3.19 min | 3-Oxalomalic acid,-0.026104577374308675,0.007662682894658946,-0.018128082668620118
3.2 min | Daucic acid,-0.034254569141459516,0.004398360358316259,-0.027759230114976052
3.23 min | Aminoadipic acid,0.003878035891977211,0.0014024487993337127,0.011940083642337935
3.24 min | Formiminoglutamic acid,-0.019773780555573807,0.004684943245333063,-0.014686912958433749
"3.28 min | 2,3-dihydroxy-Valeric acid.mol",0.02693861490879729,-0.028491825323273972,-0.0032521567387501617
3.29 min | Apigenin 6-C-arabinosyl-8-C-glucoside,0.0417230046322121,-0.04443605947655516,-0.003295453717792448
3.34 min | CITRIC ACID,0.047168525747581506,-0.05002252856894825,-0.011639965834519903
3.34 min | 3-Methyluric acid,0.020700890563643114,-0.023600019994611268,-0.017519769789525564
3.34 min | 4'-Methylepicatechin 3'-sulfate,0.043509165555662074,-0.044573864340657625,-0.011802277936102258
3.34 min | 2-Hydroxy-2-methyl-butanedioic acid.mol,0.04129177454928318,-0.04289527859589387,-0.010749265570874087
3.35 min | Glutaconic acid,0.0458612681678581,-0.047902205750891776,-0.01026816989739329
3.36 min | Pyrroline hydroxycarboxylic acid,0.010247218771516511,-0.02933802849698899,-0.017967435862024376
3.45 min | Gallocatechin-(4alpha->8)-gallocatechin-(4alpha->8)-gallocatechin,-0.0027870315890319674,0.002330676958376596,0.018740118362713148
3.52 min | Keto-3-deoxy-D-manno-octulosonic acid,-0.021222582603370246,-0.014805886338491447,-0.026164521462472674
3.53 min | 2-Methylcitric acid,0.002775644215244966,-0.03698220859860148,-0.02944336802799872
3.6 min | Glutamic acid glutamate,0.009987115791281278,-0.007142458143921024,0.018572782217177536
3.62 min | Palmitic acid,0.0037385349687553355,-0.02124234973455985,-0.01805424561575379
3.64 min | Stearic acid,0.006354746806283968,-0.026067730913716933,-0.020240892471971805
"3.69 min | 2-[(3S)-3-[[(2S)-1-(Carboxymethoxy)-1-oxo-4-phenylbutan-2-yl]amino]-2-oxo-4,5-dihydro-3H-1-benzazepin-1-yl]acetic acid",-3.410239061170271e-05,0.006107514069531295,0.034734605485709676
3.74 min | 4-(Phenylamino)benzoic acid,0.0064344516319527366,-0.004186617507140356,-0.002455741898729945
3.8 min | Methylmalonic acid,-0.021129787077722745,0.0020969635483590932,0.006280006182707083
3.89 min | 3-Dehydroquinic acid,0.007092636141426695,-0.0032172519171870433,0.031269142582675304
4.0 min | Palmitic acid,0.010259211483678298,-0.026638965655101106,-0.014313813163238064
4.01 min | 2-O-Galloylgalactaric acid,0.035889442882935246,-0.03370166345835766,-0.00457735209479799
4.05 min | Stearic acid,-0.00046010962541779307,-0.023145878845892347,-0.019024868726083548
4.07 min | D-Glucuronic acid 1-phosphate,0.04186338993530517,0.019984549551754015,-0.0007195778741400895
4.08 min | Methylmalonic acid,0.023806929398581273,-0.020724503937570637,-0.013687784417976799
4.09 min | Imidazoleacetic acid ribotide,-0.013704777688965017,0.010265704028933113,0.009182574935909267
4.18 min | Caryoptosidic acid,-0.015976018648225957,0.008146365354563435,0.00512597475917448
4.19 min | 2-Hydroxy-2-methyl-butanedioic acid.mol,0.00011251895729163779,0.000683176195707275,0.027482170260223288
4.2 min | Fumaric acid,-0.0008203100313394408,-0.002185122821483973,0.016289672861674792
"4.2 min | (5R,6S)-3-(2-Carbamoyloxyethylsulfanyl)-6-(1-hydroxyethyl)-7-oxo-4-thia-1-azabicyclo[3.2.0]hept-2-ene-2-carboxylic acid",0.001648070425099276,0.005783908706814162,0.020283435691680184
4.25 min | Palmitic acid,-0.009247621545222916,-0.005242501564510906,-0.015407823640088254
4.29 min | 2-Hydroxyadipic acid,0.0045968613019486204,-0.0186219366009156,-0.012181021518717128
4.39 min | Neuraminic acid.mol,-0.01620594517486478,0.008602989229450339,-0.00823422098425345
4.39 min | Stearic acid,0.005355130088532696,-0.025844349691417544,-0.019321820282230662
4.41 min | 2-O-p-Coumaroylhydroxycitric acid,0.03402229970179717,-0.03677147754070149,0.025335874571482942
4.44 min | Palmitic acid,0.006944933072265693,-0.02153570071053433,-0.014136157458120099
4.46 min | Allantoic acid,0.0399066976725064,-0.03848142204971092,-0.001463358597130273
4.46 min | Fukiic acid,0.042189925927089256,-0.04125038923057716,-0.0016254368620414908
4.53 min | Luteolin 7-O-(6''-O-malonyl)-beta-D-diglucoside,0.0391731751898566,-0.038197985266503025,-0.006010343050441159
4.7 min | Stearic acid,-0.010053088940000912,-0.013859230959519646,-0.017930753464024195
4.74 min | Palmitic acid,0.003998111219427955,-0.02145017793680314,-0.016253004474044187
4.77 min | 2-Hydroxyadipic acid,0.042313982451259946,-0.028269340335455567,-0.011371267129610518
5.0 min | [Gallocatechin(4alpha->8)]2catechin,-0.0042933122147598415,0.0027103968662575743,0.029825858817465155
5.02 min | Stearic acid,0.0043820266163977,-0.02776083587575937,-0.02061245842623692
5.02 min | Palmitic acid,0.0032612168013446373,-0.020100116128402828,-0.015254537053696374
5.23 min | Palmitic acid,0.005745442098069767,-0.022113685901736218,-0.01344881365496426
"5.31 min | 1H-Indole-3-carboxylic acid, 1-methyl-, (1-(2-((methylsulfonyl)amino)ethyl)-4-piperidinyl)methyl ester",0.04070542788578546,-0.03816296224880781,-0.006825423857531438
5.34 min | Quercetin 3-arabinoside 7-glucoside,-0.0036878198839384348,0.002802278499177984,0.03128269442155406
"5.36 min | Myricetin 3,3'-digalactoside",-0.003192450062092564,0.0023978031920882615,0.026393515294531787
5.37 min | Stearic acid,0.001197550298485704,-0.0221006707771842,-0.018313306326548408
5.43 min | Palmitic acid,0.0013261560167498671,-0.01497784094357453,-0.014831620880072671
5.56 min | Gallic acid hexoside,0.01030986976078367,-0.007584476995472223,0.02079457347913767
5.65 min | Stearic acid,0.009699505068030986,-0.028538134161798994,-0.018470856451314594
5.68 min | Palmitic acid,-0.001585266638725051,-0.018133038671898565,-0.017375461207113172
5.88 min | Stearic acid,-0.0022483891542346246,-0.020159511502610108,-0.02002297626993124
5.89 min | Palmitic acid,0.004126999168396207,-0.014505230561630358,-0.012707924303947632
5.93 min | Oxoadipic acid.mol,-0.008344857000745639,0.0008131209351267864,0.03104865127737679
5.97 min | GALLIC ACID,0.029130778319729475,-0.02176411509757572,0.010788704405004195
5.98 min | Larixinic Acid,0.03744386928859358,-0.028036848036088895,3.0070299794355656e-05
6.03 min | Palmitic acid,0.009816066815419877,-0.02580731224099484,-0.013066697046417252
6.12 min | Stearic acid,0.010546752598402305,-0.03161585962799524,-0.01873180252204322
6.26 min | Palmitic acid,-9.689951151583755e-05,-0.01841307587608784,-0.01568621519965325
6.27 min | Methylenediphosphonic acid,-0.0023312944261743916,0.011813902621955398,-0.014067931297554981
6.38 min | Stearic acid,-0.0036812083215554767,-0.019031947960540127,-0.020085714665630486
6.59 min | Palmitic acid,0.012912813216066644,-0.03091017877025204,-0.015518559632046123
6.6 min | Stearic acid,0.004881761800269236,-0.026140414667951077,-0.018433222466301215
6.65 min | Methylenediphosphonic acid,0.004500063264254318,-0.0031211424118134322,-0.020777100441158873
6.84 min | Stearic acid,0.0018928160454300784,-0.022484009525137745,-0.016032702099275774
6.86 min | Palmitic acid,0.0032456282146860584,-0.02087927128259619,-0.01474594510308705
7.07 min | Stearic acid,0.011241551905309805,-0.031488747970674046,-0.01777284513371763
7.11 min | Palmitic acid,0.012503333697526915,-0.029209076814135645,-0.014091805119743634
7.36 min | Palmitic acid,0.01605966851210313,-0.031246336854368,-0.013588115222261792
7.39 min | Stearic acid,0.013909797772012037,-0.033151119298897254,-0.018058248761130786
7.59 min | Palmitic acid,0.008262995173856669,-0.025920587791852717,-0.015274163572261997
7.62 min | Stearic acid,0.010819171512332991,-0.03080855030528215,-0.018337631021778673
"7.64 min | Benzo(a)naphthacene-2-carboxylic acid, 5,6,8,13-tetrahydro-8,13-dioxo-3-(2-hydroxypropyl)-7-methoxy-1,6,9,14-tetrahydroxy-",-0.029552456998618262,0.0033089278940118764,-0.022312791329440498
7.7 min | (2S)-3-[3-[(4-Carbamimidoylbenzoyl)amino]propanoylamino]-2-[(4-ethylphenyl)sulfonylamino]propanoic acid,0.02701322517534276,-0.024672931134437914,-0.005102962643989672
"7.84 min | (1RS,2RS)-Guaiacylglycerol 1-glucoside",-0.009251984311352756,0.004067562991967461,0.017627949765204497
7.86 min | Stearic acid,-0.0038934110040131403,-0.01620970999576749,-0.018115765493647528
7.87 min | (2S)-3-[3-[(4-Carbamimidoylbenzoyl)amino]propanoylamino]-2-[(4-ethylphenyl)sulfonylamino]propanoic acid,0.03493682084942857,-0.031534128909765057,-0.00951487370643776
7.91 min | Dimethyl fukiic acid,-0.0075491916642240866,-0.004735293860529484,-0.007700137022186664
8.03 min | Palmitic acid,0.009646514743353079,-0.026347338578258727,-0.015796098541272872
8.06 min | Stearic acid,-0.001807094908565916,-0.01148615477878963,-0.015862287088470185
8.12 min | Dimethyl fukiic acid,-0.010206345126514797,0.0010490450565508235,-0.006349321367899479
"8.17 min | (1RS,2RS)-Guaiacylglycerol 1-glucoside",-0.014378243530472259,0.00695496431819669,0.019269469437623494
8.21 min | Ethylvanillin glucoside,-0.005875570019121895,0.004235171856428572,0.02163090065146506
"8.22 min | (1RS,2RS)-Guaiacylglycerol 1-glucoside",-0.007766858613981944,0.005448309903804287,0.022340486118290936
8.27 min | Stearic acid,0.007027220093099819,-0.029185757128190642,-0.01898275973659898
8.28 min | Gallocatechin-(4alpha->8)-catechin-(4alpha->8)-catechin,-0.0049205039387515475,0.002968755172013237,0.03871096161626272
8.31 min | (3-{[3-(2-Amino-2-Oxoethyl)-1-Benzyl-2-Ethyl-1h-Indol-5-Yl]oxy}propyl)phosphonic Acid,-0.016541825125484612,0.004768639063088911,-0.009873341997967232
8.39 min | Palmitic acid,0.0049622922473118655,-0.023242062723022504,-0.01562602578493714
8.42 min | 3-(5-(4-(1H-Imidazol-1-yl)phenyl)-1-(4-carbamoyl-2-methylphenyl)-1H-pyrrol-2-yl)propanoic acid,0.0475477834981805,-0.04226920908212931,-0.009096844980837305
"8.51 min | Benzoic acid + 2O, O-Hex",0.033032043774645976,-0.029382856998070455,-0.0009259831139580812
8.57 min | Phenolphthalein glucuronide,0.01525185856720756,-0.017697143096640163,0.05117210041916875
8.62 min | Cinnamic acid,0.016641308108411027,0.001368852627377551,0.004370126986560038
8.67 min | Palmitic acid,-0.0030600334320962388,-0.011969937376103927,-0.015548322686045262
8.71 min | Stearic acid,-0.0007055153680920991,-0.02052802096656561,-0.019082313955038024
8.74 min | GALLIC ACID,0.006269175617557896,-0.0049177244437134,0.05589704733898315
8.76 min | Vanillic acid + O-sulfonateHex,-0.0022616449864412253,0.00028540027766884674,0.027813080675621035
8.77 min | Allantoic acid,0.0011869532845967157,0.0018547787084734623,0.05925214281840227
"8.9 min | Epicatechin-(2beta->7,4beta->6)-catechin",-0.0018731240599181866,0.0012198517013290008,0.056905495408170644
"8.92 min | 4-Hydroxy-5-(3',4'-dihydroxyphenyl)-valeric acid-O-methyl-O-glucuronide",-0.04855784628353568,0.00694429259917894,-0.028827657839563616
"8.92 min | (2S)-2-[[4-[(2,4-Diaminopteridin-6-yl)methyl]-2,3-dihydro-1,4-benzothiazine-7-carbonyl]amino]hexanedioic acid",-0.04766625463934353,0.008236219324422334,-0.027930656752463725
8.96 min | (3-{[3-(2-Amino-2-Oxoethyl)-1-Benzyl-2-Ethyl-1h-Indol-5-Yl]oxy}propyl)phosphonic Acid,-0.03509019782789732,0.0058425231558676075,-0.02435811007655942
"8.96 min | 2,3-Butanediol apiosylglucoside",-0.028229671983647002,0.006269695979376956,-0.017244470057133705
8.96 min | Procyanidin trimer C1,-0.02107088916530532,0.004074319473821571,0.040241345333834506
9.03 min | Delphinidin 3-glucoside,0.030729175031455364,-0.0329861926779102,-0.005802839756219574
9.05 min | Stearic acid,0.00925586074655464,-0.028881215277614447,-0.01689848805619199
9.07 min | trans-Caffeic acid [apiosyl-(1->6)-glucosyl] ester,-0.00708378726939647,0.0018374144976386476,-0.0049122164669710665
9.08 min | Palmitic acid,0.01561885995698222,-0.02987547372734129,-0.012739756528916752
9.15 min | 2-Amino-3-phosphonopropionic acid.mol,0.053922048711647894,-0.05329098198042304,-0.006379401963282975
"9.19 min | 4-Hydroxy-5-(3',4',5'-trihydroxyphenyl)-valeric acid-O-methyl-O-glucuronide",-0.023117103971445563,0.002056768550329685,-0.024493708282115587
9.19 min | 4'-O-Methylepicatechin 7-O-glucuronide,-0.020664334954879907,0.00184224276879787,-0.019938460336130084
"9.2 min | Quercetin 4',7-diglucoside",-0.005500730221366462,0.004622113496573098,0.07079742854804924
"9.21 min | (2S)-2-[[4-[(2,4-Diaminopteridin-6-yl)methyl]-2,3-dihydro-1,4-benzothiazine-7-carbonyl]amino]hexanedioic acid",-0.047089641241130464,0.007629960146969419,-0.025459878193219716
9.21 min | Epicatechin-(4beta->8)-gallocatechin,-0.005546886047114757,0.00430599301691079,0.06328180328435493
"9.22 min | 4-Hydroxy-5-(3',4'-dihydroxyphenyl)-valeric acid-O-methyl-O-glucuronide",-0.04633745338619622,0.007928515274700478,-0.027615608438882097
"9.23 min | 1-(3,4-Dimethoxyphenyl)-1,2-ethanediol 1-O-b-D-glucoside",-0.03513355268208698,0.004404026575699516,-0.0028623254820155475
"9.25 min | 4-Hydroxy-5-(3',4'-dihydroxyphenyl)-valeric acid-O-methyl-O-glucuronide",-0.046207326408114834,0.007031658410907279,-0.0280645446736464
9.29 min | Pavetannin D1,-0.037393388087539225,0.007339396220530535,-0.018803090626095923
9.31 min | Procyanidin trimer C1,-0.006373968106015777,0.006401844718168057,0.03870969722378025
9.4 min | Stearic acid,0.003132566497333663,-0.02091393780290785,-0.015419100749403412
9.41 min | Palmitic acid,0.008225635015554634,-0.022052425749659887,-0.013410938295354467
"9.42 min | 4-Hydroxy-5-(3',4'-dihydroxyphenyl)-valeric acid-O-methyl-O-glucuronide",-0.015843179637160736,0.0032390152270192953,-0.009847567182158224
9.49 min | GALLIC ACID,0.029617095009426404,-0.024720957080350655,0.015865129541582257
9.5 min | Isopropyl apiosylglucoside,-0.0076856821748298035,0.006764368276165479,0.0006823890806395635
"9.53 min | 4-Hydroxy-5-(3',4'-dihydroxyphenyl)-valeric acid-O-glucuronide",-0.00221801777156864,0.0088091127526176,0.055793385822449595
"9.54 min | Benzoic acid, 2-[[3-(2-quinolinylmethoxy)phenyl]amino]-",0.0005002263053497343,0.0013440203009724226,0.07462313111034156
"9.56 min | (1RS,2RS)-Guaiacylglycerol 1-glucoside",-0.020450716112361978,0.006057287922350219,0.010007447146289157
9.57 min | PANTOTHENIC ACID,0.024706480212486615,-0.01877436987232968,0.005124183510451014
9.58 min | Pavetannin D1,-0.04471418222644981,0.008290456126607035,-0.022553557208970572
9.58 min | 2-[[(1R)-2-[Bis(carboxymethyl)amino]cyclohexyl]-[(2S)-2-[bis(carboxymethyl)amino]-3-(4-isothiocyanatophenyl)propyl]amino]acetic acid,0.00016734751344585065,-0.00010794041775671846,0.04466722902889555
9.63 min | 3-Methylellagic acid 2-(4-galactosylglucoside),-0.012804534337610939,-0.005273977664276428,-0.006377757000858761
9.64 min | 4-Hydroxy-5-(phenyl)-valeric acid-O-sulphate,0.046997309650757046,-0.039248738276706656,-0.0070090990224140485
9.64 min | [Gallocatechin(4alpha->8)]2catechin,-0.00436615526271897,0.0027781040719664974,0.035833253437574306
9.64 min | Erythronic acid.mol,0.05092155702134668,-0.04823776620174058,-0.008886436660993341
"9.66 min | Propanoic acid, 3-((((2-(1,1-dimethylethyl)-5-methoxy-6-benzothiazolyl)amino)thioxomethyl)thio)-",-0.01627079162421366,-0.013650779942148385,-0.007103756856671281
"9.67 min | 3-Methoxy-4,5-methylenedioxybenzoic acid",-0.0006787569741911905,0.00760287243173033,0.02062088327042667
9.7 min | Leucodelphinidin 3-[galactosyl-(1->4)-glucoside],-0.015158902948844222,0.00046960806423091664,-0.008569972551130001
9.71 min | Epicatechin-(4beta->8)-gallocatechin,-0.028397031278234026,0.0037576199681152167,-0.018958498737446126
9.74 min | Gentisic acid,0.027733951224486613,-0.03502284009259266,-0.006755921920011847
9.76 min | Kaempferol 3-gentiobioside 7-rhamnoside,-0.00024687394257257576,0.0035111702354659272,0.07022827068118927
9.77 min | Furaneol 4-(6-malonylglucoside),-0.029610189778812787,0.0024528927936008837,-0.003156331426398022
9.78 min | VANILLIC ACID,-0.029595090836032168,0.00237771032103688,-0.0015186457153231177
9.79 min | Quercetin 3-(4''-acetylrhamnoside) 7-rhamnoside,-0.0031532643826582604,0.003973057394839836,0.04463159192174475
9.8 min | Gallocatechin-(4alpha->8)-gallocatechin-(4alpha->8)-gallocatechin,-0.00234034185562001,0.0025588550867972643,0.020465999366991516
9.8 min | Gallocatechin-(4alpha->8)-gallocatechin-(4alpha->8)-gallocatechin,-0.003287252884105244,0.0026987051295313848,0.02501968859755396
9.83 min | Hesperetin 7-glucoside,-0.027891800122524808,0.00015203307468354354,-0.029983948495827233
9.83 min | Stearic acid,0.011144564407501938,-0.030423755689118967,-0.016798906454933656
9.85 min | L-Ascorbic acid 2-glucoside,-0.0028235615451209567,0.0033378899223685675,0.06970410530570718
9.85 min | epigallocatechin,-0.002773249539163515,0.004776710107185259,0.059132798921920075
9.86 min | Ichangin 4-glucoside,0.04632694364296327,0.06692420812028509,-0.013023886298615919
9.86 min | Caffeic Acid,-0.0008562954524638078,0.011200400342122274,0.05922724998239191
9.86 min | Fertaric acid,0.008716455867199624,-0.004184422102239058,0.06662346554078936
"9.86 min | 3,4,5-Trimethoxycinnamic acid",-0.003247580148867211,0.004953085686323697,0.06018353618406651
9.87 min | Lucuminic acid,-0.013892430214756082,0.007681543197356962,-0.0006772621789501716
9.9 min | Palmitic acid,0.004038695706351356,-0.020234011410374047,-0.014310890000655826
9.92 min | Geniposidic acid,-0.0033261781013801377,0.0035116730640973675,0.01978426934005305
9.93 min | Ethylvanillin glucoside,-0.015031935051910498,0.008822710249034117,0.004506019496086801
"10.01 min | 3,4-Dimethoxyphenyl ?-D-glucoside",-0.0026708175578154347,0.0006494566555701333,0.02889058619807606
10.01 min | Xanthurenate-8-O-beta-D-glucoside,-0.0027175752121204417,0.0037195041671856063,0.044285319152134975
10.03 min | (E)-Resveratrol 3-glucoside 4'-sulfate,0.04512525169303648,-0.04186125392651564,-0.008426838897220902
10.04 min | Hamamelitannin,0.04327759097928799,-0.04058874128540246,-0.007478165042171374
10.06 min | Epicatechin-(4beta->8)-gallocatechin,-0.006295086644831073,0.0039132874014931795,0.05265296395779783
"10.07 min | Quercetin 4',7-diglucoside",-0.007444437123425008,0.004825465340197025,0.05858895129511381
10.07 min | GALLIC ACID,0.041679352602021325,-0.03640344108900854,0.011302573144327482
10.08 min | Homovanillic acid sulfate,-0.013171839012569441,0.007607998822543472,0.05894968705872499
10.12 min | (R)-Pantothenic acid 4'-O-b-D-glucoside,0.005064744161697047,-0.016065068768894523,-0.025341298653258654
10.13 min | Quercetin-3'-glucuronide,-0.00014385222434189313,0.005808793578272021,0.03494840307234222
10.15 min | Furaneol 4-(6-malonylglucoside),0.0003877132757428501,0.0018658080015331617,0.07776987987472768
10.16 min | Fertaric acid,0.02112369151700764,-0.013897654821475711,0.054807384049899634
10.16 min | Caryoptosidic acid,-0.003053333262624685,0.0019156971113014588,0.049629226751000774
10.22 min | Gentisic acid,-0.031171727577708818,-0.0008289457013509298,-0.02301760905327461
10.23 min | Chicoric acid,0.03479808301829914,-0.03142668079283305,0.0034427379700850075
10.24 min | 3-Carboxylic acid-picumast,-0.03978154749251842,0.005422251445419903,-0.028930886534097085
10.27 min | Dimethyl fukiic acid,0.031038829620318176,-0.03107237969090174,0.003370779925970587
"10.28 min | 4-Hydroxy-5-(3',4',5'-trihydroxyphenyl)-valeric acid-O-methyl-O-glucuronide",-0.032374158241941446,0.003515436067458963,0.00012320370794723762
"10.28 min | 3,4-Dimethoxyphenyl ?-D-glucoside",-0.028074847221268292,0.004912229873819725,0.002076981264574554
10.3 min | Phlorisobutyrophenone 2-glucoside,-0.03648295853764186,0.008761735973052565,-0.0014796224918366926
10.38 min | 2-trans-O-Feruloylglucaric acid,-0.012679946845803248,0.006424006596138519,-0.00012007802945010175
"10.4 min | 2,3-Diaminosalicylic acid",0.015049149849700736,-0.023031516231052603,-0.005893847052864943
10.43 min | Geniposidic acid,-0.001990083315205502,0.0021356630411091997,0.07649767959173222
10.43 min | 3-[[(2S)-3-(4-Phenylphenyl)-2-(phosphonomethylamino)propanoyl]amino]propanoic acid,-0.004737175076954135,0.0042258698413663405,0.07800565807593515
10.45 min | Ferulic acid,-0.0026207123438088563,0.0036483718830258756,0.0778136565949697
"10.46 min | 1-[(4-Amino-3-methylphenyl)methyl]-5-(2,2-diphenylacetyl)-6,7-dihydro-4H-imidazo[4,5-c]pyridine-6-carboxylic acid",-0.024927778208405374,0.004553656709193191,-0.012543125751375558
10.47 min | (-)-epicatechin-3'-O-glucuronide,0.02062204999820638,-0.030990465240760517,0.019978805335587012
10.48 min | Geniposidic acid,-0.004207935261261796,0.004052415469393152,0.07923674662124068
10.49 min | 3-[7-[3-(4-Acetyl-3-hydroxy-2-propylphenoxy)-2-hydroxypropoxy]-4-oxo-8-propylchromen-2-yl]propanoic acid,-0.025338654339352562,0.0047518940458573635,-0.01331385752624014
10.5 min | Galactaric acid,-0.02298365010872507,0.0038701903195171583,-0.01052893337606817
10.51 min | Stearic acid,0.005958254018614713,-0.025143840654887912,-0.015145587757171073
"10.53 min | Tetrahydro-2,5-furan-diacetic acid",0.04828182223715506,-0.0005212855320978381,0.009347004233237801
10.53 min | Quercetin 3-galactoside,0.0019203040474846122,-0.0007600438715962621,0.052368264959496015
10.56 min | Kaempferol 3-sophorotrioside,0.002490284462140474,-0.00553304371416247,-0.015541313295698505
10.59 min | Xanthurenic Acid,-0.016073308351264835,0.007271851560942103,0.019559708086323825
10.64 min | Hamamelitannin,0.045557295151686036,-0.038812915842275426,-0.007445693690792416
10.64 min | (E)-Resveratrol 3-glucoside 4'-sulfate,0.04603676273664547,-0.039693805916016546,-0.0057443371236942
"10.64 min | Benzoic acid, 2-[[3-(2-quinolinylmethoxy)phenyl]amino]-",-0.031357554441838915,-0.009215542001056863,-0.007086750622377254
"10.65 min | 2-Hydroxy-3,4-Dimethoxybenzoic Acid",-0.03015390319313464,-0.010455734213220795,-0.007171449398262794
10.67 min | Gallocatechin-(4alpha->8)-gallocatechin-(4alpha->8)-gallocatechin,-0.002431275405230698,0.002882615516537094,0.024863922467757413
10.7 min | Epicatechin-(4beta->8)-gallocatechin,-0.00450638012680761,0.00396673732668141,0.05596919138463385
10.71 min | 2-trans-O-Feruloylglucaric acid,-0.032567153212008496,0.002660074838452359,-0.015670641170839425
10.73 min | 8-Hydroxyluteolin 4'-methyl ether 8-glucoside-3'-sulfate,0.03134056110605831,-0.025892779048662756,-0.003758225200718163
10.75 min | L-Malic acid.mol,0.03978069844021392,-0.03376449828614755,-0.0071844111021795234
10.75 min | Chenodeoxycholic acid disulfate,-0.03204530457375357,0.006898733190365304,-0.0032429012359603887
"10.8 min | 6-(4-carboxy-2-hydroxyphenoxy)-3,4,5-trihydroxyoxane-2-carboxylic acid",0.028391878870716994,-0.024336510506190692,-0.0016093303679042994
10.82 min | Ethyl (S)-3-hydroxybutyrate glucoside,-0.01917241604431317,0.004720310140911071,0.04058933339131639
10.85 min | [Gallocatechin(4alpha->8)]2catechin,-0.0044160331056052205,0.0043550417885165225,0.050362929193827705
10.87 min | [Gallocatechin(4alpha->8)]2catechin,-0.005349675403611268,0.0039792218135458425,0.0441367551874369
10.88 min | Palmitic Acid,0.007633644675668526,-0.02311536217403509,-0.013502698386139348
10.89 min | Stearic acid,0.009438353208533706,-0.022527906590002138,-0.012045849575528837
10.9 min | Molludistin 2''-rhamnoside,-0.007113407096436224,0.0010685290743496678,-0.014197186438559288
"10.94 min | (7,8-Dihydro-5-((E)-((a-(3-pyridyl)benzylidene)aminooxy)ethyl)-1-naphthyloxy)acetic acid",-0.026584431704036095,0.004471925903773571,-0.016857426506822704
"10.95 min | LUTEOLIN-3',7-DIGLUCOSIDE",-0.00017930742247913398,0.004509455973470471,0.012884289926806675
"10.95 min | (1RS,2RS)-Guaiacylglycerol 1-glucoside",7.571462599681426e-06,-0.004304949018049744,0.03411908789488356
"10.95 min | 4-Hydroxy-5-(3',4'-dihydroxyphenyl)-valeric acid-O-methyl-O-glucuronide",-0.03219165241907425,0.0060684216318769605,-0.016089092195510017
"10.95 min | 3-(4-Hydroxy-3-methoxyphenyl)-1,2-propanediol 2-O-(galloyl-glucoside)",-0.034141723079986315,0.007043401785054132,-0.006889299782598828
10.97 min | Caryoptosidic acid,-0.007882622240271898,-0.0006307479549611837,-0.014714105649049982
11.0 min | Cinnamtannin A2,-0.023046755559325446,0.005594819979216305,0.006316607871551184
"11.04 min | Myricetin 3-(3'',4''-diacetylrhamnoside)",-0.03479287981687107,0.006343076437957041,-0.027850709659858138
"11.06 min | 4-Hydroxy-5-(3',4',5'-trihydroxyphenyl)-valeric acid-O-methyl-O-glucuronide",-0.029410625074855642,0.004622822760822733,-0.025083948742160855
11.07 min | Quinic acid,-0.00815962962083408,0.006392320361048991,0.048486403765182096
11.07 min | Epicatechin-(4beta->8)-gallocatechin,-0.007385404389937985,0.00626482815662155,0.06729993615190663
11.08 min | Caffeic Acid,-0.006941776172317121,0.008689268553734848,0.04078106373361735
11.1 min | (S)-3-{4-[2-(5-Methyl-2-phenyl-oxazol-4-yl)-ethoxy]-phenyl}-2-propylamino-propionic acid,0.05799029954864686,0.040109867351873406,-0.01425086723240057
11.11 min | Phlorisobutyrophenone 2-glucoside,0.04140645971323563,-0.04384860443578404,-0.005691154882644079
11.11 min | (-)-epicatechin-3'-O-glucuronide,0.003497604786516537,-0.012252118200955276,0.02453041927899379
11.13 min | [Gallocatechin(4alpha->8)]2catechin,-0.004846019655202658,0.0035802179500436277,0.03111084598828112
11.14 min | Caffeic acid 3-O-glucuronide,-0.014897741634344302,0.008202820896776526,0.00034228455973520783
11.15 min | Glucocaffeic acid,0.0007390755363384636,0.007208550109809422,0.025964132966507323
11.15 min | Gallocatechin-(4alpha->8)-gallocatechin-(4alpha->8)-gallocatechin,-0.002379678279357023,0.0022347371242068693,0.016510506975444716
11.18 min | Hamamelitannin,0.03337487593680989,-0.02612178676050146,0.006615715424076325
11.19 min | (E)-Resveratrol 3-glucoside 4'-sulfate,0.03148742837994523,-0.026429147780736857,0.002928314871120761
11.19 min | Ethyl (S)-3-hydroxybutyrate glucoside,-0.0074539021837994,0.006510421548661675,0.013421551430168047
11.21 min | Cinnamtannin II,-0.04268318129065823,0.006733807028278862,-0.012509805236777012
"11.22 min | 2,3-Butanediol glucoside",0.03709812002737643,0.054904382327688045,-0.009429127271885216
"11.23 min | 4-Hydroxy-5-(3',4'-dihydroxyphenyl)-valeric acid-O-methyl-O-glucuronide",-0.0014179346165950032,0.009484616422829852,0.07797955817455075
11.24 min | Phenylpyruvic acid,-0.00023872176517706703,0.005449897380650737,0.04806659362050906
11.25 min | Isovitexin 2''-O-[4-hydroxy-(E)-cinnamoyl-(->6)-beta-D-glucopyranosyl] 4'-O-beta-D-glucopyranoside,0.0010167176470594103,-0.0037784578713892956,-0.007621982853196102
11.26 min | 1-Hexanol arabinosylglucoside,-0.011826084197533065,-0.004909782157359795,-0.015414383931194223
11.26 min | Stearic acid,0.005916459291349845,-0.022919934344956497,-0.015277412005956729
11.28 min | 2-trans-O-Feruloylglucaric acid,-0.015538942928809833,0.007981726058452694,-0.0015855773419749806
"11.31 min | 1-(3,4-Dimethoxyphenyl)-1,2-ethanediol 1-O-b-D-glucoside",-0.018751431775422815,-0.0008674388636646909,-0.013766163559087304
"11.33 min | 1-(3,4-Dimethoxyphenyl)-1,2-ethanediol 1-O-b-D-glucoside",-0.03851394059473291,0.006572298726952665,-0.004563699701783329
"11.35 min | (2R,3S)-Piscidic acid",0.001260848460764982,0.0020050591344485916,0.035416543593627954
11.39 min | Gallocatechin-(4alpha->8)-catechin-(4alpha->8)-catechin,-0.009665502582544571,0.005089024488947628,0.05695499912736358
11.39 min | 5-Hydroxy-6-methoxycoumarin 7-glucoside,-0.015567283638529614,0.009036547428739817,0.004050720177780354
11.4 min | Caffeic acid 3-O-glucuronide,-0.0230368797186952,0.0034675593235921954,-0.011617659626965426
"11.4 min | Epigallocatechin-(4b,8)-epicatechin-3-O-gallate ester",0.010255558905160417,-0.013762815813712454,0.03813945750755358
"11.41 min | Benzoic acid + 2O, O-Hex",0.004530961020985807,0.004473360591047789,0.03177435524163388
11.44 min | glutamic acid betaine,-0.022316016700985774,0.005083006559762576,-0.014813759655808738
"11.47 min | 1-(3,4-Dimethoxyphenyl)-1,2-ethanediol 1-O-b-D-glucoside",-0.012434817437852935,-0.0070679929908029635,0.013475632489650384
"11.47 min | Benzoic acid + 1O, O-Hex",0.006686628497795835,-0.004337681666473254,0.03552710912372256
11.47 min | Cymorcin diglucoside,-0.0021238479859205096,3.495888820119238e-05,0.059981608834503826
"11.47 min | NCGC00381247-01!3-ethenyl-4-[2-(3,4,5-trihydroxybenzoyl)oxyethyl]-2-[3,4,5-trihydroxy-6-(hydroxymethyl)oxan-2-yl]oxy-3,4-dihydro-2H-pyran-5-carboxylic acid",-0.0018199172584352202,0.001995052671114199,0.08007982867722171
11.48 min | Galactaric acid,-0.022443682050339486,0.00376460120976437,-0.01012040499093529
11.49 min | Arthoniaic acid,-0.025397564951362174,0.00461368395580244,-0.01157487884125644
"11.52 min | Myricetin 3,3'-digalactoside",-0.019913914890963905,0.0061473769984797515,0.010974452770170047
"11.53 min | 4-Hydroxy-5-(3',4'-dihydroxyphenyl)-valeric acid-O-methyl-O-glucuronide",-0.028153033924952657,0.0038070202034083717,-0.013297057018022489
11.57 min | Cinnamtannin A2,-0.05185464204104176,0.008481229979474274,-0.02496368790125259
"11.58 min | 2-Hydroxy-3,4-Dimethoxybenzoic Acid",0.02207253488291173,-0.03087605295436231,-0.0005321719174009659
11.58 min | (-)-epicatechin-3'-O-glucuronide,0.02655122138419143,-0.029303348870869435,-0.01572623718080172
11.59 min | (-)-epicatechin-3'-O-glucuronide,0.0283553800454647,-0.032442901417299816,-0.018125438765053157
11.6 min | Cinnamtannin A2,-0.054897164892486715,0.009388967190265907,-0.01685349518781926
11.61 min | EPICATECHIN,0.0470969100625015,-0.04194636751853967,-0.009524231584255239
11.62 min | alpha-D-Galactopyranuronosyl-(1->4)-alpha-D-galactopyranuronosyl-(1->4)-D-galacturonic acid,0.016082369639518226,-0.021161450912446315,-0.014980617507760157
11.63 min | Naringenin,0.009946669248438917,-0.011118379215604296,-0.006601438175545544
"11.66 min | 4-Hydroxy-5-(3',4',5'-trihydroxyphenyl)-valeric acid-O-methyl-O-glucuronide",-0.02774197040298164,0.004678028685201064,-0.02024706530721765
11.66 min | Geniposidic acid,-0.020960123130915963,-0.0017906664396304171,0.0035115070844572134
11.67 min | Procyanidin B2,-0.05101568589802769,0.007918913592713218,0.010805120776545461
11.67 min | (-)-Epigallocatechin 3-p-coumaroate,-0.05190011023017127,0.009359093927071332,0.010174294870126662
11.68 min | Procyanidin trimer C1,-0.00996728328224046,0.0040448561812260345,0.0002639224306151136
11.75 min | Hamamelitannin,0.03588291530092397,-0.027912182494024395,-0.00546644418292848
11.8 min | naringenin-7-O-glucuronide,0.017043018851074464,-0.011132746642465467,-0.002930093123325493
11.82 min | Fulvic acid,0.045000937616082176,0.06771158007778028,-0.012512098632650301
11.83 min | 2-trans-O-Feruloylglucaric acid,-0.014180621465069924,0.008063824029376396,-0.0010398651105222824
"11.83 min | Benzenebutanoic acid, 4-((3-(4-acetyl-3-hydroxy-2-propylphenoxy)propyl)thio)-gamma-hydroxy-beta-methyl-, (R*,S*)-",-0.02804657867036819,0.003473043714047883,-0.009657302112334096
11.84 min | Gallocatechin-(4alpha->8)-gallocatechin-(4alpha->8)-gallocatechin,-0.0024350536956369057,0.0021863811912121297,0.01569154980703576
11.85 min | (+)-Chebulic acid,0.037337635687900335,-0.03222421312689184,-0.002816641875419659
11.85 min | [Gallocatechin(4alpha->8)]2catechin,-0.004561885616864729,0.003595339311936887,0.043532009632636016
11.86 min | Laccaic acid D,0.008019148321710034,-0.019994777602107668,-0.01780682890736574
11.86 min | 3'-Methoxyfukiic acid,-0.016483861972637515,0.003843024812220943,0.03969731667077139
"11.86 min | Epigallocatechin-(4b,8)-epicatechin-3-O-gallate ester",0.0002821436825376661,0.0005488596646162367,0.06855722000725478
11.92 min | Cinnamtannin B2,-0.031386139909492045,0.006254194679292282,-0.01912560349049734
11.93 min | Epicatechin-(4beta->8)-gallocatechin,-0.016960572818353364,0.006228551384325863,0.05695350607466359
"11.96 min | 1-[5-(2-Cyclopropyl-5,7-dimethylimidazo[4,5-b]pyridin-3-ylmethyl)thiophen-2-yl]cyclopent-3-ene carboxylic acid",-0.003999471568051644,-0.007667819926176342,-0.006449296004874895
11.97 min | Procyanidin trimer C1,-0.014164475388394989,0.007876848247252414,-0.0008114615081594254
11.97 min | Procyanidin trimer C1,-0.018165047623909872,0.007168609781521211,0.017147561403179665
11.98 min | Pavetannin B6,-0.03965313757611936,0.006317413643490058,-0.010655294140530298
"11.99 min | Epicatechin-(2beta->7,4beta->6)-catechin",-0.0006315227307601507,0.004601797799464742,0.057928748523884396
12.0 min | 2-trans-O-Feruloylglucaric acid,-0.02512553128839696,0.004030359678156008,-0.010064109490252625
12.01 min | 5-Hydroxy-6-methoxycoumarin 7-glucoside,-0.014022990515811217,0.008267597853961486,-0.00014194605621699203
12.02 min | Genipinic acid,-0.013441749437308043,0.0201418660861997,-0.00636751672867107
12.03 min | Vanilpyruvic acid,-0.0060714311657638735,0.00429734193303528,0.03808481196902387
12.06 min | Chenodeoxycholic acid disulfate,-0.03415755864307283,0.0059232581329425465,-0.019044957925978278
12.06 min | epigallocatechin,-0.0048818690967894545,0.004854034751592228,0.06389272223470534
12.07 min | (-)-epicatechin-3'-O-glucuronide,0.014291382179718004,-0.020216957742265222,0.027957756785704863
"12.1 min | 4-Hydroxy-5-(3',4'-dihydroxyphenyl)-valeric acid-O-glucuronide",0.004531923807118308,0.003918568113184278,0.029512788584798635
12.1 min | 1-Salicylate glucuronide,0.05007846305164629,-0.04447900990329195,-0.0066485321983070665
12.1 min | Gallocatechin-(4alpha->8)-catechin-(4alpha->8)-catechin,-0.008855128852625602,0.004614610563922163,0.05716324605079728
12.11 min | 2-Glucosyloxy-4-methoxycinnamic acid,0.004622806827871433,0.005325335221178239,0.029358974605316952
12.11 min | Cinnamtannin A2,-0.04783782487173803,0.0095264648101789,-0.022578682531050026
12.11 min | Apigenin 6-C-glucoside 8-C-arabinoside,-0.007072233669741189,-0.00029096079307567603,0.06618460991040279
12.11 min | Hamamelitannin,0.0488803104446622,-0.043739954255932606,-0.009191167010949134
12.11 min | Procyanidin B2,-0.006932826964573571,-0.0009547019393112942,0.06279713980313349
12.12 min | Hamamelitannin,0.04948975569770601,-0.04472624929980503,-0.006453426107418879
12.12 min | (E)-Resveratrol 3-glucoside 4'-sulfate,0.05068343198048968,-0.04568576380126025,-0.007181396835336986
"12.12 min | 4-Hydroxy-5-(3',4',5'-trihydroxyphenyl)-valeric acid-O-methyl-O-glucuronide",-0.014004819783251944,0.0077709441225058936,-0.0003248156945696293
12.12 min | Caffeic acid 3-O-glucuronide,-0.028309616115906096,0.007754414433799304,-0.005711064818573212
"12.13 min | 3,4-di-O-galloylquinic acid",-0.002636196489330305,0.00241234015451447,0.05997006688615618
"12.15 min | 4-Hydroxy-5-(3',4'-dihydroxyphenyl)-valeric acid-O-methyl-O-glucuronide",-0.0033996839036339707,0.0028369540622098345,0.0778510376114992
12.15 min | Cinnamtannin A2,-0.032684248643293196,0.00886208958976849,0.0055082218712846015
12.16 min | [Epicatechin-(4beta->8)]2-epicatechin 3'''-gallate,0.0011356560330413247,-0.001560996998382904,0.04203886693207463
12.16 min | 1-Salicylate glucuronide,-0.0003735349352876354,-0.007081109635475802,-0.006929214892362236
12.18 min | Cinnamtannin A2,-0.05073394663256728,0.007869932968848789,-0.027377596126788147
"12.21 min | (5Z)-4-[2-[2-(3,4-dihydroxyphenyl)ethoxy]-2-oxoethyl]-5-ethylidene-6-[(2S,3R,4S,5S,6R)-3,4,5-trihydroxy-6-(hydroxymethyl)oxan-2-yl]oxy-4H-pyran-3-carboxylic acid",-0.03410861357798975,0.007784432776832762,-0.02737425524138846
12.22 min | [Gallocatechin(4alpha->8)]2catechin,-0.0038563842736114547,0.003985201891970136,0.03729715157407921
"12.23 min | 3-(4-Hydroxy-3-methoxyphenyl)-1,2-propanediol 2-O-(galloyl-glucoside)",0.041439912759920386,-0.04317536211531512,-0.0026757240621550897
12.23 min | 2-trans-O-Feruloylglucaric acid,-0.01895248189976307,0.009049491394253604,-0.002626391242973583
12.24 min | 3-Hydroxysuberic acid.mol,0.023577071962299974,-0.024561405966774294,-0.006475261885819945
12.24 min | Quercetin 3-galactoside,3.977544149803274e-05,0.0050779832944705516,0.02619137675249546
12.24 min | 3-[7-[3-(4-Acetyl-3-hydroxy-2-propylphenoxy)-2-hydroxypropoxy]-4-oxo-8-propylchromen-2-yl]propanoic acid,-0.025331600533588808,0.004905430471680644,-0.015305233572102185
"12.25 min | Benzoic acid + 2O, O-Hex",0.01457277991632962,-0.009998157813263762,0.03298140980126113
12.26 min | Phlorisobutyrophenone 2-glucoside,0.02303213644914628,-0.014931569436638164,0.007236515790244204
"12.26 min | 4-[2-[2-[3-Acetamido-2,5-dihydroxy-6-(hydroxymethyl)oxan-4-yl]oxypropanoylamino]propanoylamino]-5-amino-5-oxopentanoic acid",-0.004557443158375328,-0.0036573991280909315,-0.005440038491593175
12.26 min | 3-Hydroxyphloretin 2'-O-xylosyl-glucoside,-0.024802610962020365,0.004554912559112451,-0.014193273041975412
12.26 min | Catechin 7-sulfate,-0.001639604184640831,-0.00034899462946340614,0.04511957235374659
12.27 min | 3-Methyl-3-butenyl apiosyl-(1->6)-glucoside,-0.019389092764850673,0.001961273648987589,-0.011705804503359202
12.27 min | [Gallocatechin(4alpha->8)]2catechin,-0.005266605941773365,0.004489751944724129,0.04119308913338357
"12.28 min | (E)-4-(1,2,3,6-Tetrahydro-2,6-dioxo-1,3-dipropyl-9H-purin-8-yl)cinnamic acid",-0.0127345152114129,0.0011863797226820938,-0.003065605066835889
12.28 min | trans-Caffeic acid [apiosyl-(1->6)-glucosyl] ester,-0.022892900677033673,-0.00042688567202212415,-0.009740418243942572
12.29 min | Procyanidin trimer C1,0.0010317154102198638,-0.002259439908592213,0.029478839365552477
12.31 min | dihydroquercetin,0.039015010493993314,-0.042461696943379805,-0.0026549265125385573
12.32 min | 4-Hydroxybenzoic acid,-0.016974684159853804,-0.010764193419253974,-0.011814481307013507
"12.34 min | Benzoic acid + 1O, O-Hex",-0.012460578323254404,-0.0052653474821480785,0.005715322657592469
12.34 min | 4'-Methyl-(-)-epigallocatechin 3'-glucuronide,-0.0033897316564572653,0.0032042877263196534,0.07211999486515881
12.35 min | Todatriol glucoside,0.02839934669816329,0.013715527169559753,0.036494149561475085
12.36 min | Methyl salicylate O-[rhamnosyl-(1->6)-glucoside],-0.018659390692369375,0.004945778555822476,-0.0027752375739760683
12.36 min | 4-(Phenylamino)benzoic acid,0.01637036948372874,-0.015547976630769558,0.003966396500977747
"12.36 min | 2-[4-(3-Hydroxypropyl)-2-methoxyphenoxy]-1,3-propanediol 1-glucoside",-0.041366958474959074,0.00949678413471639,0.007830929123516973
12.37 min | ent-Epicatechin-(4alpha->8)-ent-epicatechin 3-gallate,0.025064438845638207,-0.034326939047401986,-0.0037721032601436724
12.38 min | Mono-trans-p-coumaroylmesotartaric acid,-0.024469918022735262,0.007828404611120023,-0.01227775400932209
"12.4 min | Epicatechin-(2beta->7,4beta->6)-catechin",-0.04326730235450369,0.008364090576375011,-0.014237237353067329
12.41 min | 2-O-p-Coumaroylhydroxycitric acid,-0.026911525740205527,0.003956221292855182,-0.01249874154726786
12.44 min | Methyl 7-epi-12-hydroxyjasmonate glucoside,-0.01138633088749582,0.0063288447958228305,0.04756713765828038
12.45 min | Hamamelitannin,0.01543981094650596,-0.011956261691206189,0.04388790604858102
12.47 min | 5-(4-Carboxybutylperoxy)pentanoic acid,-0.0019446776575906546,0.005245049796062929,-0.005791884763026599
12.48 min | Hamamelitannin,0.009959675747945842,-0.008302517903365308,0.04070630490507398
12.49 min | (E)-Resveratrol 3-glucoside 4'-sulfate,0.0237633897989144,-0.019346057859054473,0.03891964714032307
12.51 min | Phenylpyruvic acid,-0.00820583132959916,0.004409857403111333,-0.0032557849126690613
12.51 min | Quinic acid,-0.002704492036001631,0.0036292561945649943,0.004303268940027778
12.53 min | Phloroacetophenone 6'-[xylosyl-(1->6)-glucoside],-0.0048643319777681715,0.006105825973024564,0.06140543084700314
12.54 min | Cinnamtannin II,-0.05271288478355408,0.008606746298395107,-0.023120562626589746
12.55 min | Cinnamtannin II,-0.05370044368020743,0.009856345638936701,-0.022182117938225346
12.58 min | (-)-epicatechin-3'-O-glucuronide,0.029363915520729193,-0.03306931901960282,0.014662495413526575
"12.59 min | Quercetin-3,4'-O-di-beta-glucoside",-0.0014865930662585009,0.003324919573264114,0.052252169395794495
12.6 min | Procyanidin trimer C1,-0.04896976910203284,0.0082812455892614,-0.0001729272755499962
12.6 min | 2-Hydroxybenzaldehyde O-[xylosyl-(1->6)-glucoside],-0.017684912284389082,0.008551090117339144,0.03789066681932514
12.61 min | Glucocaffeic acid,-0.0023919179402803145,0.003778344592016133,0.01698852288430365
12.64 min | 1-Hexanol arabinosylglucoside,-0.01652189160925378,-0.00027929072502958906,-0.001261953895461441
12.68 min | Cinnamtannin A2,-0.05333660622328054,0.008783989002077755,-0.0218592627948533
12.68 min | Methyl salicylate O-[rhamnosyl-(1->6)-glucoside],-0.015116421008308711,-0.003814021189004942,-0.01917883231125482
12.68 min | Cinnamtannin A2,-0.03926179721980232,0.007039972603798498,-0.0022677681009164114
12.68 min | Epigallocatechin gallate,0.04156059592240007,-0.042159811331840304,-0.0061577846065354646
12.69 min | Cinnamtannin A2,-0.04961368319139251,0.0072289085231865375,-0.02472949077263599
"12.71 min | (1xi,3xi)-1,2,3,4-Tetrahydro-1-methyl-beta-carboline-3-carboxylic acid",-0.016152787582768793,0.007070988884371768,-0.014534616579402693
12.72 min | 4-Methoxycinnamic acid,-0.014141758897009481,-0.0010272936265083678,0.0551885558267102
12.72 min | Phlorisobutyrophenone 2-glucoside,-0.009939240233332728,-0.002462637777938826,0.03285896358980226
12.73 min | 3'-Methoxyfukiic acid,-0.007712745531691515,0.007718731865607273,0.051691486822898425
"12.73 min | 4-Hydroxy-5-(3',4',5'-trihydroxyphenyl)-valeric acid-O-methyl-O-glucuronide",-0.018159931664848774,0.0019417209019489123,-0.0041562258333924604
12.74 min | Lucuminic acid,-0.02815902324818252,0.004983178293297313,-0.009039155046702588
12.75 min | Ethyl (S)-3-hydroxybutyrate glucoside,0.04816088141359977,-0.022244628893736042,0.005219561878017181
12.79 min | D-(-)-quinic acid,-0.001419401404720641,0.00768038151595228,0.055359128536507936
12.8 min | Peonidin 3-(6''-malonyl-glucoside) 5-glucoside,0.029258482514683732,-0.033083067698915336,0.02147803394201128
12.81 min | EPICATECHIN,-0.02558446135703397,-0.008181585871912388,0.0463868795331076
12.81 min | Epicatechin,-0.028652399116070735,-0.010728379133638727,0.01971360925467802
12.81 min | 4-Hydroxybenzoic acid,-0.020810012353464996,-0.014680377640807301,-0.016305363288384646
12.81 min | 6-Methylcoumarin,-0.013483027512422476,-0.0029355371373269556,0.05726211430870872
12.81 min | 4-Hydroxyphenylpyruvic acid,-0.017746800138668833,-0.004702950469350028,0.06289348178980439
12.81 min | Phenylpyruvic acid,-0.0041742577344264535,-0.0008729290715772873,0.06591213703885922
12.81 min | Pyrroline hydroxycarboxylic acid,-0.016863201138173755,-0.008861430141395947,0.04767049165175492
12.82 min | Monoisobutyl phthalic acid,-0.014490814329738153,-0.004908925556230812,0.058951543676548736
12.83 min | 2-trans-O-Feruloylglucaric acid,-0.029397739205839494,0.007433400078804858,-0.009490607755817972
12.84 min | 2-Keto-6-aminocaproic acid.mol,0.05218287514389428,-0.019362984552740426,-0.004149379969982255
12.88 min | 5-Hydroxy-6-methoxycoumarin 7-glucoside,-0.010852023484869057,0.004852557020041741,-0.0010663679266042852
12.9 min | Cinnamtannin II,-0.052016723846578246,0.007790938877599411,-0.026537873699592568
12.9 min | Cinnamtannin II,-0.04918430657233262,0.006330185949884361,-0.027571039582492306
12.91 min | Acaciabiuronic acid,-0.00395026746702397,-1.5189665116125958e-05,0.006415139661711683
12.93 min | Gallocatechin-(4alpha->8)-catechin-(4alpha->8)-catechin,-0.007076729576264576,0.005253471383597387,0.06128706054050082
12.94 min | Lignosulfonic acid,0.04770632340817196,-0.04968403811069436,-0.007444151056751086
"12.94 min | Catechin 3',4'-diglucoside",-0.025064973943654385,0.0040374729287600995,-0.01185880194694742
12.95 min | Epifisetinidol-(4beta->8)-catechin,-0.030365897560186816,0.0024678486121930783,0.01228726583011156
12.95 min | Gentisic acid,0.043244758336128376,-0.04732471924071523,-0.007649298888556619
12.95 min | Phlorisobutyrophenone 2-glucoside,-0.007709927886759946,0.003148120977784372,0.01139808841697061
12.95 min | Phloroacetophenone 6'-[xylosyl-(1->6)-glucoside],-0.02714057850808662,0.0006618345921300077,-0.01593127908802854
12.95 min | Epigallocatechin gallate,0.044558096219879835,-0.04690152257457013,-0.0067180792065870834
12.95 min | GALLIC ACID,0.049009879669032745,-0.051849206837287574,-0.0031111587455577012
12.98 min | epigallocatechin,0.017432152726910396,-0.01776353672547594,0.04181486102820014
"12.98 min | NCGC00381310-01!(2S,3S,4S,5R,6S)-5-[(2S,3R,4R,5S,6S)-4-acetyloxy-3,5-dihydroxy-6-methyloxan-2-yl]oxy-6-[2-(3,4-dihydroxyphenyl)-5-hydroxy-4-oxochromen-7-yl]oxy-3,4-dihydroxyoxane-2-carboxylic acid",0.029726924511792582,-0.03887921180661426,-0.0006770708619548212
12.98 min | Luteolin,0.02295692582772328,-0.0327817297961672,-0.005212378780564372
"12.99 min | 3-(4-Hydroxy-3-methoxyphenyl)-1,2-propanediol 2-O-(galloyl-glucoside)",0.0001955807114675369,0.00342720340643888,0.0660947656998002
13.05 min | Epicatechin-(4beta->8)-gallocatechin,-0.006082065592995149,0.002129681955915346,0.017361016098822502
13.06 min | Phenylpyruvic acid,4.7139464899811245e-05,0.004405045600052241,0.04409465474922814
13.07 min | trans-o-Coumaric acid 2-glucoside,0.004680336418783653,0.0024920129047280417,0.04481563736939719
13.07 min | Methyl 7-epi-12-hydroxyjasmonate glucoside,-0.005522201727435007,0.0028098033326376228,0.05130074733793843
13.08 min | Cinnamtannin B2,-0.045442165053765,0.008830002349251624,-0.0236275349285664
13.12 min | Caffeic acid 3-O-glucuronide,-0.02688436434954888,0.008060214874623023,-0.007565576389917183
13.12 min | Lucuminic acid,-0.0012387742931016853,-0.004919947119150198,-0.004693531093044406
13.12 min | Kaempferol 3-O-feruloyl-sophoroside 7-O-glucoside,0.00011073264877829753,-0.001723210031914184,-0.01109611842057533
13.13 min | Caftaric acid,-0.0019705017111196874,0.001471433534003363,0.02608761817677833
13.13 min | [Epicatechin-(4beta->8)]2-epicatechin 3'''-gallate,0.0013306185498079923,-0.002564226058949042,0.05893293969419874
13.13 min | Homogentisic acid,-0.00858379447828038,0.004020050879463467,0.00438815620743265
13.14 min | Ethyl (S)-3-hydroxybutyrate glucoside,0.058479403527497295,0.018702453579356595,-0.01162461091700217
13.14 min | 3-Methyl-3-butenyl apiosyl-(1->6)-glucoside,-0.020507058457837166,0.009026887652439346,0.04542810668274786
"13.15 min | Epicatechin-(4beta->6)-epicatechin-(2beta->7,4beta->8)-epicatechin",-0.04768679069203186,0.008977983449114353,-0.021916419897408924
13.18 min | Caffeic Acid,-0.013676247435628147,0.007188480010075919,0.04218629812048561
13.2 min | Phlorisobutyrophenone 2-glucoside,0.03902808293091607,-0.044562273265860895,0.01888666477379196
13.21 min | 5-O-Feruloylquinic acid,-0.0034550276059539435,0.0038806270555880812,0.0008924024513075767
13.23 min | Cinnamtannin II,-0.0516791578572637,0.007869693186655752,-0.014346348914927276
13.23 min | Gentisic acid,-0.016239316522411177,0.003850807229466784,-0.00901243703705417
13.24 min | Cinnamtannin II,-0.048271758753480255,0.006159298056788504,-0.017122599228001103
13.25 min | 2-trans-O-Feruloylglucaric acid,-0.027856647138124763,0.005067700653911174,-0.010648449000116324
"13.26 min | Benzoic acid + 1O, O-Hex",0.00800262692749452,-0.01352038873427062,-2.4589607858492915e-05
13.26 min | Procyanidin trimer C1,-0.035911972822571026,0.00131500091308729,-0.009334837258108651
13.26 min | Procyanidin trimer C1,-0.04388474454365339,0.0049957118240423395,-0.012443294342326435
13.29 min | Cinnamtannin III,-0.04807760438551465,0.006415491384443393,-0.0235899268514767
13.29 min | ent-Epicatechin-(4alpha->8)-ent-epicatechin 3-gallate,-0.004070207254822742,0.0009240356787702398,0.04435084212596494
13.29 min | Epicatechin-(4beta->8)-gallocatechin,-0.007723536593052555,0.005766429854669113,0.07460063362226539
13.31 min | Cinnamtannin A2,-0.0445682026812897,0.005295221422489362,-0.01593840181241721
13.32 min | Cinnamtannin III,-0.05064066529588099,0.007333779630516813,-0.014161236418330362
13.33 min | Caffeoylmalic acid,-0.009584322698586148,-0.0001146646586951103,0.0010572717556064208
"13.33 min | Benzoic acid + 1O, 1MeO, O-Hex",0.046803035673055014,-0.04285935640617576,-0.006164755861700588
13.34 min | 7-DESHYDROXYPYROGALLIN-4-CARBOXYLIC ACID,0.024108739264152412,-0.003693202043415281,0.004026204695968339
13.34 min | Furaneol 4-(6-malonylglucoside),0.04739502518225994,-0.04223738535661492,-0.0058254033879983624
"13.34 min | 3-Pyrrolidinecarboxylic acid, 4-(1,3-benzodioxol-5-yl)-1-(2-((2,6-diethylphenyl)amino)-2-oxoethyl)-2-(4-propoxyphenyl)-, (2R,3R,4S)-",-0.03217664345800393,0.005277173396691856,-0.009974516516741073
13.35 min | Dihydrocaffeic acid 3-O-glucuronide,-0.009171404136576898,0.005153260870861893,-0.00260709192347324
13.39 min | Caffeic acid 3-O-sulfate,-0.0031411657693105727,0.007848596598277758,0.02737216093208536
13.39 min | Cinnamtannin A2,-0.03927717548006854,-0.003381172784201787,-0.014786037476384527
13.4 min | Pavetannin B6,-0.016572473751472933,0.004113561085258163,-0.007873754842887831
13.4 min | Cinnamtannin A2,-0.03626719801374801,0.005312324110675258,-0.008615651346553985
13.43 min | Procyanidin B2,-0.03615890802654344,0.0007164104946386182,-0.014139620854330228
13.44 min | Apigenin 6-C-glucoside 8-C-arabinoside,-0.040858965783141576,0.0003732879574176012,-0.014648203661010328
13.44 min | 5-Hydroxy-6-methoxycoumarin 7-glucoside,-0.013450726846446366,0.007843492971731947,0.0006747934913801821
"13.47 min | LUTEOLIN-3',7-DIGLUCOSIDE",-0.00024503174792413494,-0.0034926306130245565,0.0515886995201611
"13.48 min | trans-p-Menthane-1,7,8-triol 8-glucoside",-0.020534137040028475,0.005758179890977958,-0.006548445040483087
13.5 min | 2-O-Acetyl-trans-coutaric acid,0.0001337609258192439,0.022929188071318045,0.0445068931929091
13.5 min | 1-Hexanol arabinosylglucoside,-0.019934467466214946,0.005811837457975431,-0.0022433918682098204
"13.51 min | Epicatechin-(4beta->6)-epicatechin-(2beta->7,4beta->8)-epicatechin",-0.019909862286228742,0.0015379067696530543,-0.003555244040556257
"13.52 min | 3-(4-Hydroxy-3-methoxyphenyl)-1,2-propanediol 2-O-(galloyl-glucoside)",0.03997287985848016,-0.04469971762137917,-0.0037515687741075843
13.52 min | Cinnamtannin A2,-0.023387907033313858,-0.0007842831744357553,-0.010557671249230648
13.53 min | 3'-O-methyl-(-)-epicatechin,0.04060341364596503,-0.04558858109136381,-0.007416310223530096
"13.54 min | QUERCETIN, DIHYDRO-",-0.0030987809043770092,-0.003929383391844974,0.018466014848061645
13.54 min | 3-Methyl-3-butenyl apiosyl-(1->6)-glucoside,-0.03552121429079538,0.005714630344068296,-0.005251332517251499
13.56 min | Naringenin,-0.009994687181112806,0.005641946001539139,-0.0006861854168361783
13.56 min | Phenethyl 6-galloylglucoside,-0.009894338010016681,0.005515310525124084,-0.0005047139556717893
13.61 min | GALLIC ACID,0.038491821316565436,-0.03175091765694348,-0.006999215965108598
"13.61 min | Quercetin 3-(3'',6''-di-p-coumarylglucoside)",-0.008877239389914587,0.004266142717880355,0.040505894224338916
13.62 min | Hydroxyferulic acid,0.045637478718887355,0.06495097979067062,-0.011738689134884371
13.63 min | Geniposidic acid,0.002092735228762896,-0.0008395085684460976,0.07361434557680187
13.64 min | N-[4'-hydroxy-(E)-cinnamoyl]-L-aspartic acid,0.028823501094420483,-0.028301290259326543,-0.0152122669002137
13.65 min | 5-Hydroxy-6-methoxycoumarin 7-glucoside,-0.014914684438533552,0.007794998766673686,-0.0016191809435046102
13.65 min | Methyl salicylate O-[rhamnosyl-(1->6)-glucoside],-0.009702778772431305,0.005457151596610321,0.0008994667836007847
13.66 min | D-Malic acid p-coumarate,0.04528414072282016,0.06754318757478331,-0.008972697881022739
13.66 min | Cinnamtannin B2,-0.04634713400898991,0.011356276748292355,-0.021924474890703885
13.66 min | beta-D-Glucopyranosyl-11-hydroxyjasmonic acid,-0.0006257870831072812,0.007934100394523016,0.039527239643141664
13.67 min | (-)-epicatechin-3'-O-glucuronide,0.030609163889402023,-0.0382334005405879,0.013344858147132769
13.7 min | 4'-Methyl-(-)-epigallocatechin 3'-glucuronide,0.054073932678839844,-0.05333236850899069,-0.0043426124200386974
13.71 min | Cinnamtannin III,-0.046984451253194746,0.005746471885865228,-0.022249658398398275
13.71 min | Pavetannin B6,-0.014034549104011251,0.00777512924887746,-0.0011395512103623017
13.73 min | 1-Octen-3-yl glucoside,0.011973315653683111,-0.011165029928014998,-0.0005566420278176823
13.73 min | Cinnamtannin III,-0.04057331403242062,0.005978226493769816,-0.008310147767502257
13.73 min | (7'R)-(+)-Lyoniresinol 9'-glucoside,-0.0298816547647968,0.009695936767608004,0.011000150927289978
13.74 min | Kaempferol 3-[2''-glucosyl-6''-acetyl-galactoside] 7-glucoside,-0.011227815177067738,0.0004135304821800312,-0.0014551928356758297
13.74 min | Valproic acid glucuronide,-0.023232029734874083,-0.000621475769452872,0.0006086534416965342
13.75 min | Epigallocatechin-3-gallate,-0.0018777940397867255,0.0034475043527120984,0.060697851068621425
13.75 min | Gallocatechin-(4alpha->8)-catechin-(4alpha->8)-catechin,-0.006833702731353065,0.005396812625904946,0.06305151761550602
"13.76 min | NCGC00380654-01_C21H28O13_(2E)-3-[4-({2-O-[(2S,3R,4R)-3,4-Dihydroxy-4-(hydroxymethyl)tetrahydro-2-furanyl]-beta-D-glucopyranosyl}oxy)-3-methoxyphenyl]acrylic acid",0.018666758701111633,0.015098201124701366,0.00990931258006469
"13.77 min | 4-Hydroxy-5-(3',4'-dihydroxyphenyl)-valeric acid-O-glucuronide",-0.00648514465805812,0.004815676765417071,0.03871067003841323
"13.78 min | 6,7-Dihydroxycoumarin",-0.016473243131018545,0.012913209140569542,0.0038071995131761785
13.79 min | Torachrysone 8-(2-apiosylglucoside),-0.02471214444827469,0.0003459061522859085,0.005097217097050325
"13.79 min | Epigallocatechin-(4b,8)-epicatechin-3-O-gallate ester",-0.0006399865254905411,0.0039724535379147465,0.07183853774825706
13.8 min | Corchoionol C 9-glucoside,0.0012341083624760414,-0.0003780141396300391,0.02673153357048301
13.82 min | 3-Methyladipic acid,0.03465771109016835,0.010142947019993903,-0.010645239749444597
13.82 min | Glucocaffeic acid,-0.010416659492532596,0.0030840871741023737,-0.0026757595948166658
13.82 min | Cinnamtannin II,-0.04574006528734045,0.005137903014141543,-0.013733304389109533
"13.84 min | 3,4-Dimethoxyphenylacetic acid.mol",0.039981084914499365,0.06730156034933786,-0.008847909388463837
13.85 min | Ethylvanillin glucoside,-0.02227207862316145,0.00768189446852985,0.00030569551533254913
13.86 min | Platyconic acid A,0.04987425003738338,-0.04621719625104289,-0.010363744533780937
13.87 min | 1-Salicylate glucuronide,0.05000366435998306,-0.04715158954977365,-0.0094690901660536
"13.87 min | 6-Feruloylglucose 2,3,4-trihydroxy-3-methylbutylglycoside",-0.02363201747172928,0.006715829737904937,0.009884860509361491
13.87 min | GALLIC ACID,0.049826655660764635,-0.04754343572534101,-0.01067738401581163
"13.88 min | (4S,7S,12Br)-7-[[(2R)-2-acetylsulfanyl-3-phenylpropanoyl]amino]-6-oxo-2,3,4,7,8,12b-hexahydro-1H-pyrido[2,1-a][2]benzazepine-4-carboxylic acid",-0.009348747992198873,0.002825006535895379,0.021401808214201068
"13.9 min | 3,4,5-Trimethoxycinnamic acid",0.038400759879777445,0.06981840372609219,-0.01028666861163341
"13.91 min | (Z)-Resveratrol 3,4'-diglucoside",-0.01709790554039303,0.002761224410409052,-0.008400672332764555
13.91 min | Pavetannin B6,-0.01931529645439953,0.004965712072392165,-0.010761530399210193
13.91 min | Cinnamtannin II,-0.047905724439036804,0.0038380204418773985,-0.014030499674054973
13.92 min | 4'-O-Methylepicatechin 7-O-glucuronide,0.025554971838408345,-0.031830197353546884,-0.0033820380592035856
13.92 min | 5-Hydroxy-6-methoxycoumarin 7-glucoside,0.00012563122504663857,0.0036840989097278558,0.0061470961158276065
13.94 min | Peonidin 3-(6''-malonyl-glucoside) 5-glucoside,0.020536224381780953,-0.020889177247215587,0.052963399171135
13.94 min | Isolariciresinol 9-O-beta-D-glucoside,-0.014948615251674846,0.0068647529449042816,0.0035360501709876153
13.96 min | VANILLIC ACID,-0.024093825398694903,0.017916909048549794,-0.015883142050663965
13.98 min | Methyl salicylate O-[rhamnosyl-(1->6)-glucoside],-0.027919430835724058,0.007105283488684857,-0.015410142930118446
13.99 min | Phthalic acid,0.009370013885376944,-0.017016239331021983,0.004215065124641638
14.03 min | (-)-erythro-Anethole glycol 1-glucoside,-0.026510990999604894,0.007590955174393292,0.03109098895093718
14.05 min | Caffeic Acid,0.015246172236110023,0.04895651156042767,0.0018870646878002388
14.05 min | Quercetin 3-O-(6''-acetyl-glucoside),0.02983226785977333,-0.022876462861177074,-0.005045317669202249
"14.06 min | 6S,9R-Dihydroxy-4,7E-megastigmadien-3-one 9-[apiosyl-(1->6)-glucoside]",-0.042303907195394584,0.005588389311356262,-0.028951311528925727
14.07 min | [Epicatechin-(4beta->8)]2-epicatechin 3'''-gallate,0.00166356602054683,-0.0025729927642826793,0.06151592671825726
14.08 min | Cinnamtannin B2,-0.04892349431992483,0.008173333909618552,-0.026790801353690528
14.08 min | 4-[(2-{Bis[(pyridin-2-YL)methyl]amino}ethyl)amino]-2-(6-hydroxy-3-oxo-3H-xanthen-9-YL)benzoic acid,-0.04011963677636599,0.005886202486853607,-0.003694783445656009
14.08 min | beta-D-Glucopyranosyl-11-hydroxyjasmonic acid,-0.0006540763719447497,0.0061281433715552735,0.03108178869131594
14.09 min | Glucocaffeic acid,-0.011269462785067033,0.003231359269193335,0.011411093664741832
14.1 min | Valproic acid glucuronide,-0.03385570920846927,0.0033312593922947284,-0.016433291513334454
14.11 min | ent-Epicatechin-(4alpha->8)-ent-epicatechin 3-gallate,0.003119699114919714,-0.0036239668324336235,0.045317161444670705
14.11 min | (E)-4'-Methylresveratrol 3-glucoside,-0.005254862820046153,-0.0024815661948793294,-0.010304779229069886
"14.13 min | (4S,7S,12Br)-7-[[(2R)-2-acetylsulfanyl-3-phenylpropanoyl]amino]-6-oxo-2,3,4,7,8,12b-hexahydro-1H-pyrido[2,1-a][2]benzazepine-4-carboxylic acid",-0.01405590373395786,0.001296931150425685,-0.008882646560096788
"14.13 min | ent-Epiafzelechin(2a->7,4a->8)epiafzelechin 3-(4-hydroxybenzoic acid)",-0.02198034689884692,-0.0009605510056169014,-0.021377344904569884
"14.15 min | 7-(1,5-dimethyl-3-(phenoxymethyl)-1H-pyrazol-4-yl)-3-(3-(naphthalen-1-yloxy)propyl)-1H-indole-2-carboxylic acid",-0.04012071684395043,0.0029402471920434788,-0.025766732778799317
"14.16 min | (Z)-Resveratrol 3,4'-diglucoside",-0.012584689806485411,0.00574315128622148,0.007955611347371985
14.17 min | 2-O-p-Coumaroylhydroxycitric acid,-0.028235801569082047,0.0016067171249616802,-0.0064863394763984734
14.18 min | Procyanidin B2,-0.02962208914098124,0.003211158419057348,0.04454042292773938
14.18 min | Gibberellin A39,-0.017102767797618514,0.01026997891055534,-0.017657689120262235
14.18 min | 5-Hydroxy-6-methoxycoumarin 7-glucoside,-0.020303924608147877,0.00825970433213479,-0.0060216413623458455
14.2 min | Ellagic acid glucoside,0.005548307700336563,-0.000735216240541509,0.06108279535371221
14.22 min | 2-trans-O-Feruloylglucaric acid,-0.014044375214340257,0.00781279763204304,-0.0009783760737283609
14.23 min | Corchoionol C 9-glucoside,-0.02972212842955303,0.008511160584845707,0.023571107278019927
14.23 min | Cinnamtannin A2,-0.04886680113417646,0.007796789089394639,-0.001323245151117827
14.23 min | Cinnamtannin A2,-0.04859166921286593,0.005379277037706176,-0.009258585429629445
14.23 min | 2-Methylcitric acid,-0.013762597965686093,0.007199315131997396,-0.0012705836775141063
14.24 min | Pavetannin D1,-0.04819545378956865,0.008336187205433292,-0.02581768794448188
14.25 min | barceloneic acid A,0.00713767488863521,-0.03194344842377302,-0.01687317679699486
14.25 min | Methyl salicylate O-[rhamnosyl-(1->6)-glucoside],-0.009780081102010276,0.004073281892893611,0.040348369208453486
14.27 min | Cinnamtannin A2,-0.03660009341112477,0.005894341451458954,0.00015698145159751749
14.3 min | 4-Hydroxybenzoic acid,-0.01627134851740936,-0.014143922403498472,-0.01800847296535084
14.31 min | EPICATECHIN,-0.025005509283614714,-0.004977922452800423,0.0042358474205662746
14.31 min | Procyanidin trimer C1,-0.04500258945714962,0.0088110748065214,0.004861156976822145
14.32 min | Epicatechin,-0.0158344392143519,-0.006656526437030775,-0.006394718059250541
14.32 min | Monoisobutyl phthalic acid,-0.026947414069787748,-0.004613686357987338,-0.0008051529734555146
14.32 min | Phthalic acid,-0.021302416733898363,-0.009704065577339108,0.004554300223048692
"14.33 min | 2-Hydroxy-3,4-Dimethoxybenzoic Acid",-0.022551550385912496,0.009447243532658857,-0.00826979695891516
"14.34 min | 3-(4-Hydroxy-3-methoxyphenyl)-1,2-propanediol 2-O-(galloyl-glucoside)",0.02550911463471176,-0.026851666934766948,0.025371931678282868
"14.34 min | 2,6-Dimethoxy-4-methylphenol",-0.043307380360070605,0.0069504032655973245,-0.01557537267441268
14.35 min | Gibberellin A55,-0.0439838395452603,0.0063794267836673165,-0.013324912148149496
14.35 min | p-Hydroxyphenylacetic acid,-0.02044770105714215,-0.013599560864320348,-0.019081877993434793
14.35 min | 4-[(2-{Bis[(pyridin-2-YL)methyl]amino}ethyl)amino]-2-(6-hydroxy-3-oxo-3H-xanthen-9-YL)benzoic acid,-0.04272780505642856,0.00613212143014727,-0.011775514791688991
14.36 min | Pavetannin B6,-0.031019094609042713,0.002667575157122224,-0.01465681134450453
14.36 min | Epigallocatechin Gallate,0.0067495825118061735,-0.0020412379892556704,0.06730626991066371
14.37 min | Mono-trans-p-coumaroylmesotartaric acid,-0.003920504740202644,0.005606787535453567,0.019112261953098
14.37 min | 2-O-Acetyl-trans-coutaric acid,-0.024909886540733568,0.0051680881675038,-0.010227498298631007
14.38 min | Procyanidin trimer C1,-0.035877891725439315,0.0013355066531818424,-0.007559236355787317
14.38 min | 5-Hydroxy-6-methoxycoumarin 7-glucoside,-0.020780643402612386,0.005426485255646938,-0.00861943565430632
14.39 min | Procyanidin trimer C1,-0.02710509265174543,-0.0055664704490124995,-0.006062937800599412
14.4 min | Torachrysone 8-(2-apiosylglucoside),-0.01833875100705654,0.006076364817610039,0.0032059780929694355
14.41 min | Lucuminic acid,-0.010003392644362535,0.0002907008497008061,-0.004221649788603505
14.46 min | Furocoumarinic acid glucoside,0.04365988129897205,0.06478325241436532,-0.014643356446306214
14.47 min | Cinnamtannin II,-0.04865689376678301,0.007203948352336947,-0.003066322747227014
14.48 min | Phenethyl 6-galloylglucoside,0.031232521903607223,-0.016915413473961475,-0.0050578174872996946
14.48 min | Procyanidin trimer C1,-0.017854333930099865,-0.0007460458950388059,-0.010020258682250614
14.51 min | Quinic acid,-0.019004118620801497,0.0063542855563996385,0.007083162937452559
14.51 min | Cinncassiol C1 19-glucoside,-0.031072577744091813,0.0051466345144532966,0.02749841417413881
14.52 min | Vanilpyruvic acid,0.0013045720061352233,-0.00370105703783489,0.013449808550208433
14.53 min | Linalool oxide D 3-[apiosyl-(1->6)-glucoside],-0.0232215953239358,0.00754808988972719,0.03166393367596306
"14.54 min | (Z)-Resveratrol 3,4'-diglucoside",-0.0427814398533595,0.005539366121983431,-0.023166611840470912
14.54 min | Linalool oxide D 3-[apiosyl-(1->6)-glucoside],-0.025429668307899774,0.006416616666800028,0.02922531014244302
"14.55 min | (4E)-8-hydroxy-4-(1-hydroxypropan-2-ylidene)-10-oxatricyclo[7.2.1.0Â¹,â�µ]dodecane-8-carboxylic acid",0.03766307200766658,-0.026973825241850987,0.021033456718086173
14.56 min | Epicatechin 3-O-(3-O-methylgallate),-0.01866958903513075,0.0017956451374704077,0.01554118782626217
"14.57 min | NCGC00385542-01!3-oxo-3-[[(2R,3S,4S,5R,6S)-3,4,5-trihydroxy-6-[5-hydroxy-3-(4-hydroxyphenyl)-4-oxochromen-7-yl]oxyoxan-2-yl]methoxy]propanoic acid",0.0326320076162409,-0.04033126755549345,0.006164645910528697
14.62 min | 4'-Methyl-(-)-epigallocatechin 3'-glucuronide,0.03919821477275023,-0.03393678434292411,0.043770478598282356
14.62 min | Epicatechin 3-O-gallate-(4beta->6)-epicatechin 3-O-gallate-(4beta->8)-catechin,0.003963601109762238,-0.0046004504842852255,0.046844745455482235
"14.63 min | LUTEOLIN-3',7-DIGLUCOSIDE",-0.005122156938423586,0.001320931731431347,0.001994403006668093
14.63 min | Ethyl 3-hydroxyoctanoate O-[glucosyl-(1->6)-glucoside],-0.015544778037755584,0.006896998474163152,0.020803674540430965
14.63 min | naringenin-7-O-glucuronide,0.048372272637836215,-0.043398804553582235,-0.004219058322994895
14.63 min | Shikimic acid,-0.017600449033938103,0.004081278005975246,-0.005129986522176996
14.64 min | 3-Hydroxyphloretin 2'-O-xylosyl-glucoside,-0.003424167916390019,-0.0034306327686811897,-0.005759479501082381
14.67 min | Torachrysone 8-(2-apiosylglucoside),-0.021367396110525367,0.008072455693045839,0.03820014438091336
14.68 min | 2-O-p-Coumaroylhydroxycitric acid,-0.028340421547671454,0.009904793462338204,-0.0068775788686522045
14.68 min | Epicatechin 3-O-gallate-(4beta->6)-epicatechin 3-O-gallate-(4beta->8)-catechin,0.009874170734120202,-0.011210490109768868,0.04692674346475789
14.68 min | Epicatechin 3-O-gallate-(4beta->6)-epicatechin 3-O-gallate-(4beta->8)-catechin,0.002060459200641473,-0.0030672408649898243,0.04518116404674601
14.69 min | Cinnamtannin B2,-0.04001994047491111,0.004456522268605699,-0.01877060866422171
14.72 min | [Epicatechin-(4beta->8)]2-epicatechin 3'''-gallate,0.0071070652268483345,-0.007207102679762345,0.07391660832844801
14.72 min | Quercetin 3-O-(6''-acetyl-glucoside),0.035916918964010884,-0.02951431588971059,-0.006505922876307044
14.74 min | [Epicatechin-(4beta->8)]2-epicatechin 3'''-gallate,0.002377926951057083,-0.0028100777928971774,0.06988612875233734
"14.74 min | (2E)-2-(2-Thioxo-4-oxo-3-ethylthiazolidine-5-ylidene)-4-oxo-5-[1-[4-(2,2-diphenylvinyl)phenyl]-2,3-propanoindoline-5-ylmethylene]thiazolidine-3-acetic acid",-0.027631890761342218,0.004715209231170381,0.006649963033370156
14.77 min | Marmesin rhamnoside,0.010221795760143844,0.04318626335099165,-0.0072807396016106515
14.77 min | Gibberellin A93,0.013792011538466906,0.034095241747584284,-0.007567594802042415
14.77 min | Cinnamtannin A2,-0.03204268948501427,-0.004720357709488583,-0.015816161252826116
14.78 min | Cinnamtannin A2,-0.0360746931806823,7.119385474033746e-05,-0.015277776046602232
14.78 min | Phenylacetic acid,0.00189035273649612,-0.017328049930006317,-0.01611272616405269
14.81 min | Epifisetinidol-(4beta->8)-catechin,-0.00953993196855962,-0.009684589471740565,0.010281937960050702
14.81 min | Gentisic acid,0.03533936853788996,-0.03583825905605545,-0.007204227183785465
14.81 min | Naringenin,0.038573172725887825,-0.037888873882401246,-0.007028427398998841
14.82 min | 2-Glucosyloxy-4-methoxycinnamic acid,0.03321286480110638,0.04662318431385846,0.04413186450602455
"14.82 min | (2R,6x)-7-Methyl-3-methylene-1,2,6,7-octanetetrol 2-glucoside",-0.02057182356618609,0.009246638539544133,0.012037340597833988
14.84 min | (-)-epicatechin-3'-O-glucuronide,-0.01486368266285222,0.002415196575299313,0.029096777480354993
14.85 min | 5-Hydroxy-6-methoxycoumarin 7-glucoside,-0.020181116128577564,0.006320972269851201,-0.004450401723603512
14.85 min | N-Phenylacetylaspartic acid,0.0068028854731830065,-0.014423940655317996,-0.005169860904189087
14.87 min | Caffeoylmalic acid,-0.002943816637223779,0.001282765393753365,0.023986308596431336
14.87 min | Torachrysone 8-(2-apiosylglucoside),-0.0321685103612444,0.004395587281974338,-0.017716955006587293
14.87 min | Phenylpyruvic acid,-0.0070875434144861416,0.0021968611179423296,0.022951853176921812
14.88 min | 4'-O-methyl-(-)-epicatechin-3'-O-beta-glucuronide,0.03899387848191123,-0.0020897652803875673,0.031993781192517716
14.88 min | 4'-O-Methylepicatechin 7-O-glucuronide,0.02689064449687995,-0.033024582655591,-0.003211141547034648
"14.89 min | Benzenebutanoic acid, 4-((3-(4-acetyl-3-hydroxy-2-propylphenoxy)propyl)thio)-gamma-hydroxy-beta-methyl-, (R*,S*)-",-0.04370938028644225,0.00631701781522312,-0.008336876422767052
"14.89 min | (7,8-Dihydro-5-((E)-((a-(3-pyridyl)benzylidene)aminooxy)ethyl)-1-naphthyloxy)acetic acid",-0.015855772719434374,-0.0008761377171849287,0.0035205657372672917
"14.89 min | 3,3'-Digalloylprocyanidin B2",0.021396589052634293,-0.022234866984157914,0.036719771550652085
"14.9 min | 3,3'-Digalloylprocyanidin B2",0.037186980360505,-0.03799295994353525,0.012106037906456712
"14.91 min | 7,8-Dihydrovomifoliol 9-[apiosyl-(1->6)-glucoside]",-0.002249570253673765,-0.003616523315119564,1.71865024570738e-05
14.92 min | 4-Hydroxy-5-(dihydroxyphenyl)-valeric acid-O-sulphate,-0.032533851753175046,0.008166300870109472,-0.01163728788163438
14.93 min | (-)-Epigallocatechin 3-(3-methyl-gallate),0.03209865968741832,-0.03692305357595143,-0.004631634912541116
14.94 min | ent-Epicatechin-(4alpha->8)-ent-epicatechin 3-gallate,0.02887806432207547,-0.031525916477607954,0.045370213041156085
"14.94 min | Epigallocatechin-(4b,8)-epicatechin-3-O-gallate ester",-0.0009232892737191673,0.003564646686055154,0.08186522698440783
"14.95 min | LUTEOLIN-3',7-DIGLUCOSIDE",0.014288428099446556,-0.00389514194374962,0.003732296093778048
14.96 min | Procyanidin B2,-0.04482655743956538,0.00413821117460132,0.021559312039727375
14.96 min | Apigenin 6-C-glucoside 8-C-arabinoside,-0.04867850521001399,0.0055367645327943325,0.01350957364887798
14.96 min | Procyanidin dimer B4,-0.047021551693325225,0.002200851811584564,0.004744695354138123
14.98 min | Kaempferol 3-gentiobioside 7-rhamnoside,-0.011244075448840792,0.004293254364565006,-0.0043726269057755875
"15.0 min | (Z)-Resveratrol 3,4'-diglucoside",-0.008234681146948674,-6.464125771842498e-05,-0.008092167223830866
15.0 min | Tazarotenic acid,-0.02245307986382215,0.009680086827101659,0.0046403069684257305
15.0 min | Procyanidin trimer C1,-0.04483518657185397,0.003622805430438188,-0.005526190326102887
15.02 min | eriodictyol-7-O-glucoside,0.001870895093668062,0.0001662400883211199,0.011839930296365013
"15.02 min | Epigallocatechin-(4b,8)-epicatechin-3-O-gallate ester",-0.0037647834419133777,0.0034694025601767096,0.06692356317512432
15.02 min | Procyanidin trimer C1,-0.02944269097789914,0.0025588740153195066,0.010185538074906604
15.04 min | 4-[4-[hydroxy-(4-hydroxy-3-methoxyphenyl)methyl]-3-(hydroxymethyl)oxolan-2-yl]-2-methoxyphenol,0.03509037305261386,0.06772188797562903,0.005299559925409858
"15.04 min | 3-(1,1-Dimethylallyl)scopoletin 7-glucoside",0.032186813280107494,0.06704415243591452,0.005507788199706214
15.04 min | Isoketocamphoric acid,-0.003959031562842717,0.012094147054928017,0.016607920045025877
15.04 min | Pavetannin D1,-0.04372024842873968,0.0068506383554952435,-0.023215646783300688
15.06 min | Cinnamtannin II,-0.03228102894838722,-0.004735996241350904,-0.014983394018616083
15.07 min | 3'-O-methyl-(-)-epicatechin,-0.006786325875944254,0.0043079729776644244,-0.0005391978293779237
15.07 min | trans-Ferulic acid,-0.015296170941462248,-0.004722545729610273,-0.02973159257040629
15.07 min | Cinnamtannin II,-0.036019895655306576,0.0004758374408845852,-0.01591451154406797
15.07 min | Peonidin 3-(6''-malonyl-glucoside) 5-glucoside,0.02452845930529914,-0.025725805922665396,0.05862061801048186
15.09 min | Torachrysone 8-(2-apiosylglucoside),-0.027587106163277406,0.0029742210068752256,-0.011266949764269587
15.1 min | ent-Epicatechin-(4alpha->8)-ent-epicatechin 3-gallate,-0.00023747329020398498,0.0016181983471547652,0.058162464075211785
"15.1 min | Benzoic acid + 1O, 1MeO, O-Hex",0.04895446247202861,-0.0543945894990338,-0.009610852690976718
15.1 min | Cinnamtannin A2,-0.04490036527421875,0.00285691078305246,-0.012329207271517194
15.1 min | Homogentisic acid,0.024934847603007106,-0.029445668011183333,0.015993719885186632
"15.11 min | Benzenebutanoic acid, 4-((3-(4-acetyl-3-hydroxy-2-propylphenoxy)propyl)thio)-gamma-hydroxy-beta-methyl-, (R*,S*)-",-0.016545537407553025,0.0010956881364228334,-0.013025887749247943
15.11 min | [Epicatechin-(4beta->8)]2-epicatechin 3'''-gallate,-0.00144746756057903,0.0015584253425606509,0.050706532073698005
"15.11 min | 4-[2-[2-[3-Acetamido-2,5-dihydroxy-6-(hydroxymethyl)oxan-4-yl]oxypropanoylamino]propanoylamino]-5-amino-5-oxopentanoic acid",-0.019304767304140807,0.0016027350873343482,-0.015182397718536125
15.12 min | Furaneol 4-(6-malonylglucoside),0.045929258097254455,-0.05366314458779806,-0.013668155049262111
15.12 min | Cinnamtannin A2,-0.041832906344250395,-0.001949159230331407,-0.01628615077066158
15.13 min | 4'-O-Methylepicatechin 7-O-glucuronide,0.023413374129808352,-0.028724451328469777,0.02223855056595016
"15.15 min | isorhamnetin-3-glucoside-4'-glucoside (Isorhamnetin 3,4'-diglucoside)",0.05351022884516656,-0.04327102149865096,-0.0053194235017408175
15.15 min | [Epicatechin-(4beta->8)]2-epicatechin 3'''-gallate,-0.0012389625051844391,0.0008820116231904163,0.052275848666365025
15.16 min | Aloesol 7-glucoside,-0.004262239501271768,-0.003188214513401779,-0.007518898169121539
"15.17 min | Quercetin 4',7-diglucoside",-0.001074462846437436,0.005368844315426146,0.06157401518286086
"15.19 min | Feruloyl quinic acid (isomer of 886, 888)",-0.00557950683182501,0.006159709397253883,0.010054116686647872
"15.2 min | 7,8-Dihydrovomifoliol 9-[apiosyl-(1->6)-glucoside]",-0.00026958588283809,0.0027246749202275264,0.025174824482699563
15.22 min | Epicatechin 3-O-gallate-(4beta->6)-epicatechin 3-O-gallate-(4beta->6)-epicatechin 3-O-gallate,0.03207249273303707,-0.03156466790419753,0.0202103942750017
15.22 min | Caffeoylmalic acid,-0.019710201039551612,0.008536598415590483,-0.003307472174247828
15.23 min | 3-Hydroxyphloretin 2'-O-xylosyl-glucoside,-0.013114028208837161,-0.01008499515357017,0.007199396737519763
"15.25 min | (2R,6x)-7-Methyl-3-methylene-1,2,6,7-octanetetrol 2-glucoside",0.035715843331653965,-0.03346713634597855,0.008734364251125398
15.27 min | Quercetin 3-O-(6''-acetyl-glucoside),0.02748912770416008,-0.021738417618154506,-0.0011263122273059243
"15.28 min | Flavonol base + 4O, O-Hex-dHex-Pen",-0.028880010557064555,0.0019244345275998723,-0.01546180540601164
15.29 min | Cinnamtannin B2,-0.028657900054763992,0.005759773438292887,-0.01400609579469801
15.33 min | Lucuminic acid,0.0011705358283197018,-0.0018275697389845216,0.03536889595059529
15.33 min | Cinnamtannin B2,-0.047666968819574565,0.008840052459311899,-0.01778557040443359
15.34 min | Epicatechin Monogallate,-0.0026817186182518855,0.0015028004301543038,0.05419644305171948
15.35 min | (-)-epicatechin,0.0021371245913586498,0.0026678605368522543,0.05529611534207076
15.35 min | Cinnamtannin III,-0.03402781466436742,0.001162366134426079,-0.014522709864699735
15.35 min | Cinnamtannin III,-0.025661373068786186,-0.004365226913786931,-0.01072506547462855
15.37 min | Pavetannin B6,-0.047446219982988175,0.00900899895663068,-0.02388073084348223
15.4 min | (-)-Epigallocatechin 3-(3-methyl-gallate),0.029504562610926353,-0.03311854915542678,-0.00495726328401983
15.44 min | 3-Methyl-3-butenyl apiosyl-(1->6)-glucoside,-0.0072172779618708775,0.002292677092806913,0.0085328070339211
15.44 min | (7'R)-(+)-Lyoniresinol 9'-glucoside,-0.003148587839512349,0.00016684338168894422,-0.010775821277430153
15.44 min | eriodictyol-7-O-glucoside,-0.00543930273565738,0.00392139977473241,0.031659347623369305
"15.44 min | (5R,6R)-3-(2-Acetamidoethylsulfanyl)-6-ethyl-7-oxo-1-azabicyclo[3.2.0]hept-2-ene-2-carboxylic acid",-0.004038563322478999,0.0019694406560407957,0.024200020313002307
15.45 min | Epigallocatechin gallate,0.0013240811660801277,0.0029210707729297046,0.071161906194759
"15.46 min | 3-Methoxy-4,5-methylenedioxybenzoic acid",0.04355130694047161,0.06744211548605596,-0.009206024385408695
"15.49 min | 6,6'-Methylenebis(2,2-dimethyl-4-methanesulfonic acid-1,2-dihydroquinoline)",-0.01651242039596118,0.006491942399115669,0.006886783165961986
"15.51 min | 3,5-Dicaffeoyl-4-succinoylquinic acid",0.04135005721251464,-0.045119270419775405,-0.004705010070173116
15.51 min | (Â±)-threo-1-(p-Hydroxyphenyl)propylene glycol 4'-glucoside,-0.007076551870647312,-0.002677390368349538,-0.008070413097725975
15.52 min | Procyanidin B2,-0.008735493498814752,0.0029895760102912326,0.04561427464788816
15.52 min | {1-[2-(4-Carbamimidoyl-benzoylamino)-propionyl]-piperidin-4-yloxy}-acetic acid,-0.01499965684371459,0.0017306384738229792,0.04857173987511929
"15.53 min | (2R,6x)-7-Methyl-3-methylene-1,2,6,7-octanetetrol 2-glucoside",0.011935410761154017,-0.0065871056019783086,0.008057202971230156
15.54 min | Pavetannin D1,-0.03237060502915797,0.005790221899712955,-0.017904586415847988
15.58 min | Fertaric acid,0.018994472081996505,-0.01999137289137528,0.025414014304407533
"15.59 min | (2S,3S,4S,5R,6R)-6-(3-benzoyloxy-2-hydroxypropoxy)-3,4,5-trihydroxyoxane-2-carboxylic acid",-0.03526788297868257,0.006593477534948547,-0.023723414587505206
15.61 min | Epigallocatechin gallate,0.051873624850095335,-0.049017119860313006,-0.005195303536650258
15.61 min | Linalool oxide D 3-[apiosyl-(1->6)-glucoside],-0.03898637324490905,0.00722459820875039,0.001260358112032168
15.61 min | Ellagic acid arabinoside,0.0017153546059869398,-0.0017894153179576298,0.033470794465184785
"15.62 min | 3-(3,4,5-Trimethoxyphenyl)propanoic acid",0.059079720048951276,0.021843723151663653,-0.010774611078676277
15.62 min | (7'R)-(+)-Lyoniresinol 9'-glucoside,-0.004324423242239663,9.276153882054805e-05,-0.009271323823544347
"15.63 min | 9-(2,3-dihydroxypropoxy)-9-oxononanoic acid",-0.007836840345120687,-0.004356701483764252,-0.007731825554956921
15.63 min | Neryl rhamnosyl-glucoside,-0.0035091452875686837,0.0021965091475526074,0.050856816913847386
15.68 min | Nb-trans-Feruloylserotonin glucoside,-0.0044014086595492935,0.009866614189068035,-0.011265663512992416
15.68 min | Epigallocatechin gallate,0.04256861617265765,-0.04056146237314993,0.0010031635738360885
15.69 min | Epicatechin 3-O-gallate-(4beta->6)-epicatechin 3-O-gallate-(4beta->8)-catechin,0.0371278556178756,-0.040004254573083174,0.023702719959355002
15.7 min | Epicatechin 3-O-gallate-(4beta->6)-epicatechin 3-O-gallate-(4beta->8)-catechin,0.03539479180616146,-0.03937076444759857,0.009876140789564933
15.71 min | Dodecanedioic acid,-0.023406127422031,0.009870270804196519,-0.00607671035086808
15.73 min | Phenylpyruvic acid,0.04470232208361146,0.06659487297308445,-0.012601534186898125
"15.74 min | (E)-3-[6-[(2S,3R,4S,5S,6R)-3,4,5-trihydroxy-6-(hydroxymethyl)oxan-2-yl]oxy-1,3-benzodioxol-5-yl]prop-2-enoic acid",-0.025393380364844075,0.005025058194714327,-0.010809062197559227
"15.74 min | Coumaroyl quinic acid (isomer of 758, 759)",-0.0009473931612400347,0.007554831413490945,0.0345641602617908
15.74 min | D-(-)-quinic acid,-0.0007812430476564404,0.007712246375217666,0.03686309180398243
15.75 min | Methyl 7-epi-12-hydroxyjasmonate glucoside,-0.002805277127301375,0.0034487285414628323,0.07022369325164521
15.76 min | Pavetannin D1,-0.02973532860805035,0.00314118734097994,-0.015512242889078225
15.76 min | NCGC00380170-01_C19H26O11_5-{[4-(beta-D-Glucopyranosyloxy)benzyl]oxy}-3-hydroxy-3-methyl-5-oxopentanoic acid,-0.01519952502425206,0.008952427310071568,0.020464884086102673
"15.77 min | Epicatechin-(2beta->7,4beta->6)-catechin",-0.046730932166987545,0.009037001899035684,-0.027488080875831582
"15.78 min | (Z)-Resveratrol 3,4'-diglucoside",-0.009323372220687456,0.002163703160028808,-0.012683103734258556
15.79 min | Cinnamtannin A2,-0.012430546582693967,-0.00015006123370981948,0.01837537328680888
15.83 min | Benzoyl glucuronide (Benzoic acid),0.004265906426547038,-0.0025333032212230297,-0.002029353513879707
15.84 min | 2-Octenedioic acid,0.035798917952293605,0.0021019974235024813,-0.01787945610286737
"15.84 min | Kaempferol 3-(2'',4''-di-(Z)-p-coumaroylrhamnoside)",-0.035659867943936545,0.01081540724091715,-0.009161727562519286
15.86 min | [Epicatechin-(4beta->8)]2-epicatechin 3'''-gallate,0.0013991305376972257,-0.0022867570036295376,0.059832904889771554
15.88 min | Isolariciresinol 9-O-beta-D-glucoside,-0.015565334401506493,0.0051259098146543,-0.004220144609039871
"15.89 min | Epicatechin-(2beta->7,4beta->6)-catechin",-0.03108941571707986,0.0026633128059379875,-0.019680196653806905
15.91 min | (E)-Resveratrol 3-glucoside 4'-sulfate,-0.018323386533001376,0.003060304911908275,-0.011382590060136671
"15.91 min | 2',7-Dihydroxy-4'-methoxy-8-prenylflavan 2',7-diglucoside",-0.020829663603234794,0.006748995971256126,-0.013190482925645097
15.91 min | 4'-O-Methylepicatechin 7-O-glucuronide,0.03558665407156366,-0.039797008229057775,0.0006335381808234002
15.91 min | 4'-O-methyl-(-)-epicatechin-3'-O-beta-glucuronide,-0.00510548561829084,0.008547743790691682,0.0684735449134647
"15.93 min | 3,3'-Digalloylprocyanidin B2",0.04598322395048963,-0.044293663744985716,0.01739763227062842
15.94 min | N-Carbobenzoxyglycyl-prolyl-4-methylcoumarinyl amide,-0.021021863725392494,0.003359016733359125,-0.00968569357908381
"15.95 min | 3,3'-Digalloylprocyanidin B2",0.04322161380305803,-0.04431456990140497,0.01269899075839566
15.98 min | 4-Hydroxycoumarin,0.0006295244879654856,0.0031872379937881528,-0.0019190746795736122
15.98 min | 4-Hydroxybenzoic acid,-0.001338885787084839,0.00259100984056733,-0.0016379462522764059
15.99 min | Phenethyl 6-galloylglucoside,0.0001280220008757879,0.002615451566930706,-0.0016194523674755823
16.0 min | (-)-Epigallocatechin 3-(3-methyl-gallate),0.016632222959569752,-0.01009922938048446,0.044666312429322425
16.05 min | C.I. Acid Green 3,-0.006025550916185842,0.0023373571780640583,-0.0045508265851932845
"16.05 min | Epicatechin-(2beta->7,4beta->6)-catechin",-0.025345174296543135,0.006902038207503734,-0.01200374395955667
16.08 min | GALLIC ACID,0.053071102992677185,-0.047272032720690596,-0.013031134723544373
"16.08 min | (-)-Epigallocatechin 3,5-di-gallate",0.014150126659072062,-0.0157308935586189,0.05420971276846319
16.1 min | 8-Hydroxypinoresinol 8-glucoside,-0.036017505941645975,0.004501301918368857,-0.019371906831053262
16.12 min | FERULIC ACID,-0.0022212314205918423,0.007417914881462509,0.0010833280923702383
16.12 min | eriodictyol-7-O-glucoside,0.003905982439116601,-0.004826368100333728,-0.013349214231246145
16.14 min | Traumatic acid,-0.01459139540210473,0.008491442670488143,-0.003049363082113328
"16.14 min | (1R,3S,4S,6R)-6,9-Dihydroxyfenchone 6-O-b-D-glucoside",-0.0011037645952691184,0.005828260228999534,0.05134640950743789
16.15 min | (E)-Resveratrol 3-glucoside 4'-sulfate,-0.012585555239832912,-0.005606335655697383,-0.012745825768551612
16.15 min | Ethyl 3-hydroxyoctanoate O-[glucosyl-(1->6)-glucoside],-0.006214554897573696,0.0028656130211219643,0.062413125692226686
"16.18 min | Feruloyl quinic acid (isomer of 886, 888)",-0.01183496974241922,0.008347438008482463,0.005551932167174256
16.2 min | 3-Hydroxysuberic acid.mol,0.04611459035507782,-0.016524801976594967,-0.011220311651398694
16.2 min | Kaempferol 3-gentiobioside 7-rhamnoside,-0.029819137755584178,0.006824903548647264,-0.010924899684653294
16.2 min | Linalool oxide D 3-[apiosyl-(1->6)-glucoside],-0.017113032234698157,0.0046622444735037434,0.017491658740133663
16.21 min | Torachrysone 8-(2-apiosylglucoside),-0.0008791380239941604,0.0027367856813559632,0.07033730808288768
16.24 min | Procyanidin C1,-0.03335642508237005,0.00010084578577460574,-0.015978906398161886
16.26 min | Mono-trans-p-coumaroylmesotartaric acid,-0.01446592558118143,0.008440880102188191,8.718489023269839e-05
16.28 min | Neryl rhamnosyl-glucoside,-0.002840869021411815,0.0015857778276315872,0.0505585891862218
16.3 min | 3'-O-methyl-(-)-epicatechin,0.014266533119421275,0.0075196720642328055,-0.005149734685301098
16.3 min | Isolariciresinol 9-O-beta-D-glucoside,-0.002430615150053161,-0.001465079445193594,-0.013195687351323291
16.31 min | Epicatechin 3-O-gallate-(4beta->6)-epicatechin 3-O-gallate-(4beta->8)-catechin,0.004879001909789726,-0.004769386142633173,0.04179722677975601
16.31 min | Epicatechin 3-O-gallate-(4beta->6)-epicatechin 3-O-gallate-(4beta->6)-epicatechin 3-O-gallate,0.04662656358174664,-0.0476315427452387,-0.004133529672649778
"16.31 min | 3-(1,1-Dimethylallyl)scopoletin 7-glucoside",-0.0325444166429457,0.004946086231534296,-0.011436652073255421
16.32 min | 3-Hydroxysebacic acid,0.0004007497052472863,0.006501283506997797,0.024827317541504756
16.33 min | Epicatechin 3-O-gallate-(4beta->6)-epicatechin 3-O-gallate-(4beta->6)-epicatechin 3-O-gallate,0.04879708301162911,-0.04760293674513254,-0.0036702000793828473
16.33 min | Tryptophol [xylosyl-(1->6)-glucoside],-0.022589542392162505,0.005540539828229843,0.0020266309641433257
16.34 min | Epicatechin,0.04266374041487845,0.0647696481287408,-0.007660720779265036
16.34 min | Epifisetinidol-(4beta->8)-catechin,-0.006406739506883163,0.00042079915616586666,0.02766162790121555
16.35 min | Vanillylmandelic acid,0.029545421449948442,-0.021793083418676966,-0.0024275187969395
"16.35 min | EPIGALLOCATECHIN 3,5-DIGALLATE",0.0033686600517771675,-0.0010530784556995023,0.06645644588101939
16.36 min | Epicatechin 3-O-gallate-(4beta->6)-epicatechin 3-O-gallate-(4beta->8)-catechin,0.008178894246294055,-0.007468915275047827,0.04117761823047322
16.37 min | EPICATECHIN,0.04834914916299728,0.06266014344284171,-0.009665686966625878
16.37 min | 2-Hydroxy-4-(2-(tosyloxy)acetamido)benzoic acid,-0.01009275779946205,-0.0005640185568873956,-0.0069569187812762645
16.38 min | (7'R)-(+)-Lyoniresinol 9'-glucoside,-0.00990792913273219,0.0055626091781283095,0.02769250245062312
16.39 min | 2-Hydroxycinnamic acid,0.03592682104689611,0.004300605781129091,0.01811200456369743
16.39 min | 2-O-Acetyl-trans-coutaric acid,-0.013764391318596018,0.008389420051598066,0.020933769387412742
"16.4 min | Epicatechin-(2beta->7,4beta->6)-catechin",-0.01800993537616017,-9.768001088106214e-05,0.03148466502258005
"16.4 min | Kaempferol 3-(2'',4''-di-(Z)-p-coumaroylrhamnoside)",-0.013249783012682792,0.007776824801393806,0.01441782721213031
16.44 min | Linalool oxide D 3-[apiosyl-(1->6)-glucoside],-0.02515377550321583,0.0068324609634722025,-0.004651753044192482
"16.46 min | 3,3'-Digalloylprocyanidin B2",0.0003099745528197718,-0.0012617135712391237,0.0584263685894346
16.46 min | isovitexin,-0.0005905519563805237,0.003214908959490863,0.0011598790127273864
"16.47 min | (Z)-Resveratrol 3,4'-diglucoside",-0.023884987276739805,0.001945042143132191,-0.01322640906025946
16.48 min | Gallic acid hexoside,0.03627741984841964,-0.035667338315337735,-0.003598424366722979
16.49 min | Atrolactic acid,-0.011848789151888264,0.007664357547928721,-0.0028756587860417474
"16.49 min | 2,6-Dimethoxy-4-methylphenol",-0.020690469850447188,0.007705775966787859,0.0022895559509084657
"16.49 min | 3,7-Dimethylquercetin",-0.007045779179847719,0.0002157800950052747,-0.005014916215328646
16.51 min | (+)-Lysergic acid,0.002902282623395476,0.006236316132845226,0.05085642748976397
16.51 min | [Epicatechin-(4beta->8)]2-epicatechin 3'''-gallate,0.02122567893522392,-0.024890415781900658,0.047337529232662164
16.52 min | Procyanidin B2,-0.03323277132485995,-0.0002639558367741091,-0.012821412245809861
16.52 min | [Epicatechin-(4beta->8)]2-epicatechin 3'''-gallate,0.016014136488284748,-0.01989005380329881,0.04872361327647499
16.52 min | Isolariciresinol 9-O-beta-D-glucoside,-0.0016532850425635263,0.00656591838726787,0.024916722744743408
16.53 min | 2-Hydroxybenzaldehyde O-[xylosyl-(1->6)-glucoside],0.0010924571637824232,0.00998747136754416,0.03167334628683449
16.53 min | Gibberellin A55,-0.019986826484525273,0.007123826300815284,0.0034257214778580657
16.55 min | 7-Hydroxy-2-methyl-4-oxo-4H-1-benzopyran-5-carboxylic acid 7-glucoside,-0.013469848117142611,0.00850856401054835,0.0008405208027239764
16.55 min | 8-Hydroxypinoresinol 8-glucoside,-0.010789489700568769,-0.0001438495476949811,-0.009788545125613422
"16.57 min | 7-methyl-1-[(2S,3R,4S,5S,6R)-3,4,5-trihydroxy-6-(hydroxymethyl)oxan-2-yl]oxy-1,4a,5,6,7,7a-hexahydrocyclopenta[c]pyran-4-carboxylic acid",0.0019466583758165276,0.002114692337736527,0.04956620108461555
16.58 min | 2-Hydroxy-4-(2-(tosyloxy)acetamido)benzoic acid,-0.021916977244156824,0.005129501638442952,-0.012609205016164261
16.58 min | Neryl rhamnosyl-glucoside,0.000835684064569374,-0.0011758805732894572,0.04315301964320796
16.59 min | Eriodictyol 7-(6-galloylglucoside),-0.002525754356202204,0.003009165956732573,0.06133808237785463
16.6 min | naringenin-7-O-glucoside,0.03238387113843953,-0.02584762156180612,-0.005259144052185946
16.6 min | 4'-O-methyl-(-)-epicatechin-3'-O-beta-glucuronide,0.0015184483847063186,-0.0013821220559347908,0.05604798071211747
"16.6 min | (1R,3S,4S,6R)-6,9-Dihydroxyfenchone 6-O-b-D-glucoside",-0.02025010306005689,0.003566560198718776,0.02915210249642324
16.62 min | Phenethyl 6-galloylglucoside,-0.002865050130156864,-0.004595422407479411,0.022589803145716278
16.63 min | 3-(4-Hydroxy-3-methoxyphenyl)propionic acid,0.03936318254968659,0.05839602125116121,-0.010385791134550983
16.63 min | (-)-Epigallocatechin 3-(3-methyl-gallate),0.04390679813068774,-0.043750445822242745,-0.006786559051244192
16.66 min | Suberic acid,0.0400075847467575,0.05734557997342366,-0.008383114572563152
"16.67 min | Epicatechin-(2beta->7,4beta->6)-catechin",-0.04250406482456329,0.008787816202022727,-0.01786636636073112
16.68 min | ellagic acid,0.046436975435681205,-0.035021218026446005,0.006983611105487269
16.68 min | Methyl salicylate O-[rhamnosyl-(1->6)-glucoside],-0.004238556218871187,-0.002950017819330486,0.0005039956090992892
16.7 min | Kaempferol 3-rungioside,-0.014473802371336962,0.004939004713505736,-0.008127801645068978
16.7 min | Caffeic Acid,0.000316331476243946,-0.006635786250304038,-0.0027293583988052582
16.71 min | 4-Hydroxy-5-(3'-hydroxyphenyl)-valeric acid-3'-O-sulphate,-0.004841432845266115,0.0009239971241339545,0.055749553020759575
16.72 min | 7-Hydroxyoctanoic acid.mol,0.041038094468792974,0.06158239017945421,-0.010687880993019039
"16.72 min | 3-(1,1-Dimethylallyl)scopoletin 7-glucoside",0.04127569413431481,0.0646983627197329,-0.005832791448359302
16.73 min | Linalool oxide D 3-[apiosyl-(1->6)-glucoside],-0.020956189347805132,0.008210101958851364,0.004295479212232415
"16.74 min | 6-Feruloylglucose 2,3,4-trihydroxy-3-methylbutylglycoside",-0.004912102060694736,-0.0031943270282612304,-0.005250669660212015
16.76 min | ent-Epicatechin-(4alpha->8)-ent-epicatechin 3-gallate,0.007054929869401334,-0.008557825650231086,0.05068282979453364
16.76 min | Pavetannin B6,-0.031177959357239226,0.00916507934707499,-0.002388305196073423
"16.76 min | Kaempferol 3-(2'',4''-di-(Z)-p-coumaroylrhamnoside)",-0.039159240817667744,0.011353541871451768,-0.0030339910978501327
16.76 min | (-)-epicatechin-3'-O-glucuronide,-0.003977328827163727,0.0024404554337110603,0.031974188589541215
"16.78 min | (Z)-Resveratrol 3,4'-diglucoside",-0.006822882486837732,-0.0004511731804304109,-0.004770884382016151
16.79 min | Cinnamtannin A2,-0.04205798163330814,0.008228814067123528,-0.010288972291059115
16.8 min | (-)-Catechin gallate,0.056366131255951676,-0.052653966619214086,6.943005006535454e-05
16.8 min | EPICATECHIN,0.056171815261098504,-0.053314237250512445,-0.0016364358757179778
16.8 min | GALLIC ACID,0.056389560069751994,-0.05346529530028371,-0.003045425131916162
16.8 min | 4-Hydroxybenzoic acid,0.05076177624051616,-0.05197313833700799,-0.009008616456231659
"16.81 min | (3b,9R)-5-Megastigmene-3,9-diol 9-[apiosyl-(1->6)-glucoside]",-0.00236305082069832,-0.0013636550675501457,0.026359295863847512
16.82 min | Epicatechin 3-O-gallate-(4beta->6)-epicatechin 3-O-gallate-(4beta->8)-catechin,0.012337807457586832,-0.014583374818976846,0.04033976885211467
16.83 min | Kaempferol 3-O-(2''-rhamnosyl-6''-acetyl-galactoside) 7-O-rhamnoside,0.041859729500290155,-0.04404181113548083,0.0073914641421893865
"16.84 min | (3b,9R)-5-Megastigmene-3,9-diol 9-[apiosyl-(1->6)-glucoside]",-0.001838072379095484,0.00045034407693146764,0.04110498748864538
16.85 min | 8-Hydroxypinoresinol 8-glucoside,-0.01966944650497092,0.004885464848751913,0.024263954882096928
16.85 min | Gallocatechin-(4alpha->8)-gallocatechin-(4alpha->8)-gallocatechin,0.04278038776801112,-0.044470517782427076,-0.002790316737287071
16.88 min | Epicatechin 3-O-gallate-(4beta->6)-epicatechin 3-O-gallate-(4beta->8)-catechin,0.02994031806833642,-0.03181882208285353,0.03360369825654641
16.88 min | (7'R)-(+)-Lyoniresinol 9'-glucoside,-0.0019157580810977887,0.004624231593079332,-0.000717043145298281
16.89 min | Quercetin 3-galactoside,0.004049173114675193,-0.0014435882165873036,0.05349685624388222
16.89 min | Ethyl 3-hydroxyoctanoate O-[glucosyl-(1->6)-glucoside],-0.017807884217329668,0.005517729245921514,0.022601110165493824
16.9 min | Phenethyl 6-galloylglucoside,-0.0033106110132858405,0.004336134959828584,0.02296526930233078
16.9 min | Laricitrin 3-glucoside,0.03205918582339707,-0.02425115703868443,0.005478281669085293
16.91 min | Epicatechin 3-O-gallate-(4beta->6)-epicatechin 3-O-gallate-(4beta->8)-catechin,0.03391392876973183,-0.037219271652219416,0.017167172948770282
16.93 min | Linalool oxide D 3-[apiosyl-(1->6)-glucoside],-0.008922084764463534,0.0059335477480308985,-0.000987668542256533
16.95 min | L-(-)-3-Phenyllactic acid,0.040756921192322895,0.05370922908443628,-0.010072130012299977
"16.95 min | 3,4-Dimethoxyphenylacetic acid.mol",0.03897328964631965,0.06530098872156247,-0.0005697607250129801
16.95 min | quercetin-3-O-deoxyhexosyl(1-2)pentoside,0.000836981615229516,0.005842711712655389,0.01513084985870459
16.95 min | [Epicatechin-(4beta->8)]2-epicatechin 3'''-gallate,0.005274027889737639,-0.005142966364779284,0.03254411596364578
16.96 min | Gibberellin A3,-0.005051431669368449,0.01391790174649102,0.02878058447727187
"16.97 min | Benzoic acid + 1O, O-Hex",0.03822341955302428,-0.03693282604241454,-0.005419905853879785
"16.98 min | 2-Hydroxy-3,4-Dimethoxybenzoic Acid",0.044327188780273384,-0.04681176608868255,-0.004327536398745797
16.99 min | 4'-O-Methylepicatechin 7-O-glucuronide,9.774986365801228e-05,-0.0010907806124756895,0.027760399353460773
16.99 min | Pavetannin B6,-0.028770730197415065,0.002157909426070516,-0.01810045655605622
16.99 min | Luteolin 7-O-(2-apiosyl-4-glucosyl-6-malonyl)-glucoside,-0.020389979222346026,0.002714824368356292,-0.011313738198141613
17.0 min | eriodictyol-7-O-glucoside,-0.00036937516836517035,-0.0016819422732939923,-0.006752043405005381
"17.01 min | 3-(1,1-Dimethylallyl)scopoletin 7-glucoside",0.039140081214001476,0.06642142587260624,-0.0010647657387697863
17.02 min | Gibberellin A105,0.025548573526361654,0.0548589762611163,0.016213754586062397
"17.02 min | 6-Feruloylglucose 2,3,4-trihydroxy-3-methylbutylglycoside",-0.01933862276475856,0.003044872587702686,0.016083537483384407
17.03 min | Epifisetinidol-(4beta->8)-catechin,-0.0004679821476988415,-0.0006608614299505566,0.03356944630075101
17.03 min | Cinnamtannin II,-0.03556870798540657,-0.00040882812442313165,-0.01765586573215319
17.03 min | Isolariciresinol 9-O-beta-D-glucoside,-0.01279001527276796,0.00750326406569422,0.00014594901071867487
"17.04 min | Epicatechin-(2beta->7,4beta->6)-catechin",-0.01980856710220946,-0.00017630854510250425,-0.01354617643650161
17.05 min | Kaempferol 3-rungioside,0.00041127167880463994,0.0038132997518435857,0.05359851585572873
17.05 min | 2-Hydroxycinnamic acid,-0.013338059124609376,-0.00518225721888434,-0.005517225227424497
"17.07 min | (2S)-2-[(4-Methylphenyl)sulfonylamino]-3-[[4-oxo-5-(2-piperidin-4-ylethyl)-7,8-dihydro-6H-pyrazolo[1,5-a][1,4]diazepine-2-carbonyl]amino]propanoic acid",-0.012926699761182511,0.0045777567852731006,0.018401181139059072
"17.1 min | 4',7-Di-O-methylcatechin",0.0396316194506942,0.07090017227295398,-0.006215487417754901
17.1 min | Cinnamtannin A2,-0.03341673450632874,-0.0004601596172003738,-0.018386090894593792
17.1 min | Epicatechin Monogallate,-0.002684085876270044,0.0014661649346660083,0.053229471460347726
17.11 min | EPICATECHIN,-0.0022104625485926104,0.002641137070956476,0.05509553294682694
"17.13 min | trans-p-Menthane-1,7,8-triol 8-glucoside",0.0015858596730848082,0.0019500385818169786,0.007927116718666484
17.13 min | Xanthylic acid,0.03654631174548205,-0.03169361809600007,-0.006856172162747979
17.14 min | (-)-Epigallocatechin 3-p-coumaroate,0.015663611418636186,0.028047892873523873,0.028405355917168258
"17.16 min | 11,13-Dihydrotaraxinic acid glucosyl ester",0.02276977736215305,-0.015778205315761483,0.052168241783403894
17.16 min | 6-Epi-7-isocucurbic acid glucoside,-0.0011962482568666063,0.004000159407111056,0.01833323934728368
17.17 min | Procyanidin B1,-0.0335022877010087,0.002929063258580737,-0.006989868317311573
17.18 min | Monoisobutyl phthalic acid,0.020741420302038755,0.04049515590067399,0.026506933922209965
17.18 min | Isolimonic acid,-0.012130003862829515,0.00621225207519975,-0.0013007663711662697
17.18 min | Abscisic acid; LC-tDDA; CE30,0.023307983533397178,-0.01737283828081134,0.05214621753782706
17.21 min | Epicatechin-(4beta->8)-gallocatechin,0.04233105038241263,0.06610574125724517,-0.013879171372184368
17.22 min | 4'-O-methyl-(-)-epicatechin-5-O-beta-glucuronide,0.00303527326142037,0.0029098438298392516,0.04021358686911631
17.22 min | [Epicatechin-(4beta->8)]2-epicatechin 3'''-gallate,0.013382543843711011,-0.01794269247232412,0.04667889539503065
17.24 min | FERULIC ACID,0.03812055384257615,0.05742208927515058,-0.010299111540995361
17.24 min | [Epicatechin-(4beta->8)]2-epicatechin 3'''-gallate,0.016181328846453465,-0.02028452009272882,0.049387561251288396
"17.27 min | 6-Feruloylglucose 2,3,4-trihydroxy-3-methylbutylglycoside",-0.01516090319439195,0.006454860007114313,0.006452250470365845
17.28 min | Epicatechin 3-O-gallate-(4beta->6)-epicatechin 3-O-gallate-(4beta->6)-epicatechin 3-O-gallate,0.050102857357308475,-0.047268346285482044,-0.0038162047765963438
17.28 min | eriodictyol-7-O-glucoside,-0.009102890148949062,0.005404731007968678,0.0009107253714174252
17.32 min | (-)-Epigallocatechin 3-(3-methyl-gallate),0.046246824510895054,-0.04866305646118776,-0.006438453110506477
17.32 min | Butyl (S)-3-hydroxybutyrate [arabinosyl-(1->6)-glucoside],-0.0182660069868016,0.0023351885336958494,-0.010020889075977795
17.33 min | Isolariciresinol 9-O-beta-D-glucoside,-0.002411650690229643,0.00379061068768062,0.018212926757730872
17.34 min | Epifisetinidol-(4beta->8)-catechin,0.04036719721397194,0.06064208485211333,-0.009439339525928781
"17.36 min | 3,3'-Digalloylprocyanidin B2",0.04213392675323307,-0.04268657858964632,0.021751783070771663
17.37 min | Linalool oxide D 3-[apiosyl-(1->6)-glucoside],-0.03181631693681214,0.006408505845604005,0.0017383270977840203
"17.39 min | 2-((2'-(5-Ethyl-3,4-diphenyl-1H-pyrazol-1-yl)-[1,1'-biphenyl]-3-yl)oxy)acetic acid",-0.0035842463926929915,0.004613249829206262,0.07919199548333417
17.42 min | Gibberellin A75,-0.02050317422337969,0.0053224396459092245,-0.0008507322536302176
17.42 min | Kaempferol 3-rungioside,0.0002841136361493847,0.004349233588301462,0.05478457175143535
17.45 min | 4'-Methyl-(-)-epigallocatechin 3-(4-methyl-gallate),0.002168606132473096,0.004539736383429809,0.03539800984712972
17.48 min | 4'-O-Methylepicatechin 7-O-glucuronide,0.04428679028271152,-0.03714060144773915,0.0026242490982480377
17.48 min | Pavetannin D1,-0.03615931901057729,0.003920290316082261,-0.01579573073110715
17.48 min | Epicatechin 3-O-(3-O-methylgallate),-0.004042218304261902,0.008382180024044205,0.030971367542102828
17.52 min | naringenin-7-O-glucoside,0.041888722793366404,-0.03873951699051482,0.004957330057928723
17.53 min | Ethyl 7-epi-12-hydroxyjasmonate glucoside,-0.016452599107157358,0.003589681639540144,0.019017340360256502
17.55 min | (S)-9-Hydroxy-10-undecenoic acid,-0.022513752116572076,0.00416962688505639,-0.021286612389844063
17.56 min | 1-[2-(Benzhydryloxy)ethyl]piperidine-4-acetic acid ethyl ester,-0.01857761615879622,0.00454661112867874,0.017430722814790484
"17.57 min | (Z)-Resveratrol 3,4'-diglucoside",-0.0034360623432145958,0.0049106074920764915,0.028420006478848663
17.58 min | Epicatechin-(4beta->8)-gallocatechin,0.04277354451865609,0.06694105083254435,-0.01353016282498635
17.58 min | Isorhamnetin-3-O-galactoside-6''-rhamnoside,-0.005159069206918403,0.004479735450903711,0.01773832529062654
"17.62 min | 2-[4-(3-Hydroxypropyl)-2-methoxyphenoxy]-1,3-propanediol 1-glucoside",-0.004222510552172808,0.0021548392861618347,0.024658446199557562
17.63 min | Mono-trans-p-coumaroylmesotartaric acid,-0.014128241794090845,0.00790574856779935,0.0007888423694792548
"17.65 min | (7'S,8'S)-4,7'-Epoxy-3,8'-bilign-7-ene-3',5-dimethoxy-4',9,9'-triol 4'-glucoside",0.06247317334660526,-0.022968687224524695,0.007582795117409618
17.65 min | (-)-Catechin gallate,0.030962053293817748,-0.03058249244552402,0.006553453495847475
17.66 min | Marmesin rhamnoside,-0.0007819332010422671,0.02162584491869478,-0.001087867548623428
17.67 min | Butyl (S)-3-hydroxybutyrate [arabinosyl-(1->6)-glucoside],-0.017395471397213452,0.003121291674984872,-0.005594426029862896
17.67 min | Linalool oxide D 3-[apiosyl-(1->6)-glucoside],-0.028407482542199908,0.004346442565159356,0.006142508898727524
17.67 min | Limocitrin 3-glucoside,0.04335727558602105,-0.03971419546654764,0.0009153182489398798
17.69 min | Kaempferol 3-alpha-D-galactoside,0.00028170899546680234,0.003907674806787838,0.05429994463182185
"17.69 min | Epicatechin-(2beta->7,4beta->6)-catechin",-0.046227929727394375,0.010837596030381352,-0.021453477936373835
17.75 min | Phloretin-2'-O-glucoside,-0.0033908891215508642,-0.00491309152318567,0.005116567202634445
"17.77 min | 3,3'-Digalloylprocyanidin B2",0.03971138955030486,-0.03814165613011903,0.0051777873869299105
17.78 min | Epicatechin 3-O-gallate-(4beta->6)-epicatechin 3-O-gallate-(4beta->8)-catechin,0.03835990307410069,-0.03990700553062542,0.02215706567623751
17.78 min | Epicatechin 3-O-gallate-(4beta->6)-epicatechin 3-O-gallate-(4beta->8)-catechin,0.03432453944429014,-0.037633536100132085,0.008406829795495712
17.78 min | 4-Hydroxybenzoic acid,-0.0015017978794382124,0.0018770103801662847,-0.005321640869353154
17.8 min | 3-Hydroxyphloretin 2'-O-xylosyl-glucoside,0.043100436507197575,0.06533948044600751,-0.01195480017646646
"17.81 min | NCGC00380149-01_C22H26O11_Benzoic acid, 4-hydroxy-, 1-(hexopyranosyloxy)-1,4a,5,7a-tetrahydro-7-(hydroxymethyl)cyclopenta[c]pyran-5-yl ester",-0.000321803367942139,0.0026177252876746545,-0.001924558569567831
17.81 min | Resveratrol 4'-(6-galloylglucoside),-0.00012763598507704028,0.0018947151765024226,0.0826605621099621
17.82 min | Evernic acid,0.04386180351110664,0.06684996545722331,-0.012125149558155638
17.82 min | Ethyl 7-epi-12-hydroxyjasmonate glucoside,-0.019407411300959927,0.005733411549547093,0.04181042908869984
17.82 min | 1-Hexanol arabinosylglucoside,-0.002516215103946328,0.0016617535688713057,0.0668798849224234
17.83 min | Luteone 7-glucoside,0.04497925572751028,0.06747579069433199,-0.012597128009067962
17.83 min | b-D-fructosyl-a-D-(6-O-(E))-feruloylglucoside,0.0445757669389384,0.06683082423960557,-0.01279031399748102
17.84 min | 1-[2-(Benzhydryloxy)ethyl]piperidine-4-acetic acid ethyl ester,-0.013713503899823868,0.0035855799998832775,0.043084700387309834
17.85 min | 8-Hydroxypinoresinol 8-glucoside,-0.02193244208853097,0.0024789574202682594,-0.009595461148688509
17.86 min | 7-[3-(4-Acetyl-3-hydroxy-2-propylphenoxy)-2-hydroxypropoxy]-4-oxo-8-propylchromene-2-carboxylic acid,0.017575484374871424,0.057688937116340204,-0.005219979388277605
"17.89 min | QUERCETIN, DIHYDRO-",0.033592876660982075,-0.029018300836751373,0.0004934784279448237
17.9 min | (-)-Naringenin,0.03334744121872204,-0.023580327455915776,-0.005000431622843868
17.9 min | Tauroursodeoxycholic acid.mol,-0.014524781826903614,0.002858095806728282,0.043817166890886015
17.91 min | Ellagic acid 2-rhamnoside,0.0018182760740177097,-0.0016839968704521753,0.03476737859484743
17.91 min | Goyaglycoside h,-0.01390874650056764,0.007663776562454851,0.0005771249049647054
"17.91 min | (3S,7E,9R)-4,7-Megastigmadiene-3,9-diol 9-[apiosyl-(1->6)-glucoside]",-0.015547120391088777,-0.000753344379785678,0.022807104787141406
17.92 min | PURPUROGALLIN-4-CARBOXYLIC ACID,0.04450872233068849,0.03507857617114667,-0.008907972245838272
17.93 min | 2-Hydroxybenzaldehyde O-[xylosyl-(1->6)-glucoside],-0.005706353929800761,0.004224076562502011,0.03339758041668625
17.95 min | 1-Hexanol arabinosylglucoside,-0.02495166893710763,0.006155124425516243,-0.006838362220320683
"17.96 min | 3,3'-Digalloylprocyanidin B2",0.0398847131635902,-0.04135721281104418,0.002553527334777499
"17.97 min | Epicatechin-(2beta->7,4beta->6)-catechin",-0.032730693168492545,0.003654345818236292,-0.016174603549224443
"17.97 min | 3,3'-Digalloylprocyanidin B2",0.03581986648146603,-0.03452411314314421,0.01522655742742257
17.98 min | Epifisetinidol-(4beta->8)-catechin,0.029038692565669412,0.03781761261080852,0.01743626319234599
17.98 min | Epicatechin 3-O-gallate-(4beta->6)-epicatechin 3-O-gallate-(4beta->6)-epicatechin 3-O-gallate,0.049199160679600465,-0.04553511731118533,5.615207882039785e-05
17.98 min | Fukinolic acid,0.005373068403115572,0.004116449254953574,0.018600268319243794
17.98 min | Linalool oxide D 3-[apiosyl-(1->6)-glucoside],-0.022770363202041233,0.00419874982362891,-0.01276798919789652
"17.98 min | 3,5-Dihydroxy-4-[(6-O-{[4-(2-hydroxy-2-propanyl)-1-cyclohexen-1-yl]carbonyl}hexopyranosyl)oxy]benzoic acid",-0.004988389360858017,0.005727784522748061,0.07500073231145182
18.0 min | Isolariciresinol 9-O-beta-D-glucoside,-0.002771878188134436,0.005203962390179695,0.03591102559450752
18.02 min | Neryl rhamnosyl-glucoside,-0.006476868661009185,0.00374626411988365,0.061240473588192484
18.05 min | Kaempferol,0.008538640372540336,-0.0027031052026760204,0.05054838894988467
18.07 min | ent-Epicatechin-(4alpha->8)-ent-epicatechin 3-gallate,0.04491693862961888,-0.04481393501194587,0.01695287211285821
18.07 min | (2-Naphthalenyloxy)acetic acid,-0.010027551118145224,-0.00017886572115650832,-0.0011206067523454734
18.08 min | cis-4-Decenedioic acid,0.002258426447089747,0.016237422185175085,0.005445222836241805
18.08 min | 6-Methylcoumarin,-0.00911237254694378,0.00010624260989601096,-0.00022762892359165412
"18.08 min | (7'R,8'R)-4,7'-Epoxy-3'-methoxy-4',5,9,9'-lignanetetrol 9'-glucoside",-0.009543471558288578,0.0017373316092059614,0.0628748809133935
18.08 min | beta-D-3-Ribofuranosyluric acid,-0.0023178907658006143,0.0009232587816449852,0.04662682059994065
18.09 min | 2-(5-Fluoropentyl)-2-methylmalonic acid,-0.002857245339522105,-0.005289631155746709,-0.017565836369243804
18.12 min | Epicatechin 3-O-gallate-(4beta->6)-epicatechin 3-O-gallate-(4beta->8)-catechin,0.028068804466937682,-0.030804860292062614,0.035910302593507644
18.13 min | Quercetin 3-(2-caffeoylsophoroside) 7-glucoside,0.03261988846534885,-0.02566450579928795,0.0031935197417454
18.13 min | 4'-Methyl-(-)-epigallocatechin 3-(4-methyl-gallate),-0.006655418549883159,0.0068450739010342794,0.010879003529482411
18.13 min | 2-Hydroxy-3-[(2-carboxyethyl)thio]-3-[2-(8-phenyloctyl)phenyl]propanoic acid,-0.001084299496616074,-0.00033920581838315554,0.0483384492952216
18.16 min | Syringetin 3-glucoside,0.03627698376774534,-0.0074220099771716685,-0.005777155576827238
18.18 min | (-)-Epigallocatechin 3-p-coumaroate,-0.01378867073021378,0.008370981545036203,0.05274426329362603
18.19 min | naringenin-7-O-glucuronide,0.0009423306791958147,0.0035952838527493797,0.03216713635827152
18.2 min | 4-Hydroxybenzoic acid,0.04540313146027077,0.06758088115508304,-0.01288727792863649
"18.2 min | (2S)-2-[[4-[(2,4-Diaminopteridin-6-yl)methyl]-2,3-dihydro-1,4-benzothiazine-7-carbonyl]amino]hexanedioic acid",0.04462927447296466,0.06785384380409143,-0.012811105383637016
18.2 min | quercetin,0.0005082115940425442,0.003465382797129241,0.01816524671109716
18.23 min | 8-Hydroxypinoresinol 8-glucoside,-0.007791822394508121,0.0004663223622139314,-0.0030642333995281306
18.24 min | (-)-Matairesinol 4'-[apiosyl-(1->2)-glucoside],-0.027351086885390445,0.004861747714234675,-0.009448563374944173
"18.26 min | 7-Hydroxy-1,4,5-trimethoxyxanthone 7-O-[b-D-glucosyl-(1->2)-b-D-galactoside]",0.03289296643600262,0.05271313975384174,-0.011343867972440152
18.28 min | Isorhamnetin 3-galactoside,0.05324662372262372,-0.0519592039937975,-0.007490560938475011
18.33 min | EPICATECHIN,0.0322146810300466,-0.03493776503696984,0.007088827078630284
18.33 min | Isolariciresinol 9-O-beta-D-glucoside,-0.005099503701785232,0.0037241983561615683,0.055423426655777284
18.34 min | Epicatechin 3-O-(3-O-methylgallate),0.033481119074447376,-0.03597288973514631,0.0012875298755010754
18.34 min | 1-[2-(Benzhydryloxy)ethyl]piperidine-4-acetic acid ethyl ester,-0.030623606436216536,0.008403444441135208,0.01703263454544114
18.35 min | Ellagic acid 2-rhamnoside,0.010337305462729783,-0.008615485992573441,0.031240176590675142
18.37 min | eriodictyol-7-O-glucoside,0.001933085408634967,0.0012932839683128111,0.008269751316167076
18.37 min | Neryl rhamnosyl-glucoside,-0.007541906040704664,0.0007707122429249263,0.036315518730375855
18.39 min | Apigenin 7-O-Glucoside,0.00638702971676769,-0.0031317916592203663,0.0007086196265792959
18.39 min | Linalool oxide D 3-[apiosyl-(1->6)-glucoside],-0.008438332085710072,0.004201617714741682,0.0665729055752506
18.4 min | Epicatechin 3-O-gallate-(4beta->6)-epicatechin 3-O-gallate-(4beta->6)-epicatechin 3-O-gallate,0.050328333376221585,-0.047763953372617005,-0.0035625825231869
18.4 min | Epicatechin 3-O-gallate-(4beta->6)-epicatechin 3-O-gallate-(4beta->6)-epicatechin 3-O-gallate,0.04818150845825419,-0.04844255917622833,-0.004438625953824506
"18.42 min | 2',4',6'-Trihydroxydihydrochalcone 2'-glucoside",0.04034761214827242,0.0643307644589738,-0.011971820398097016
18.44 min | 3-(4-Hydroxybenzoyl)epicatechin,0.02862127133113987,0.0013260536990965573,0.008812325970027539
18.44 min | Dihydroxyphenylacetic acid,-0.014571716140801442,0.0036087074289109246,-0.006223695247571292
18.44 min | (-)-erythro-Anethole glycol 1-glucoside,0.006324591283035202,-0.016453086671625507,-0.01947387957841492
18.44 min | 4'-O-methyl-(-)-epicatechin-5-O-beta-glucuronide,0.024476823205792142,-0.02406538492775779,0.023698663662484725
"18.44 min | (2R,6x)-7-Methyl-3-methylene-1,2,6,7-octanetetrol 2-glucoside",-0.014040831197714586,-0.001792739886446642,-0.009081239976122034
"18.44 min | 1-[[4-(Dimethylamino)-3-methylphenyl]methyl]-5-(2,2-diphenylacetyl)-6,7-dihydro-4H-imidazo[4,5-c]pyridine-6-carboxylic acid",-0.02200685029839076,0.004473103919382421,-0.010790960504794061
18.5 min | Kaempferol 3-glucuronide,0.002451373771992421,-0.0020671258614210412,0.03534393353940391
18.51 min | Ethyl 7-epi-12-hydroxyjasmonate glucoside,-0.03228134755011344,0.011621367623887432,0.013575948134285235
"18.54 min | Epicatechin-(2beta->7,4beta->6)-catechin",-0.004345542844988945,0.0035524426187194054,0.04975383596650221
"18.55 min | 6-Feruloylglucose 2,3,4-trihydroxy-3-methylbutylglycoside",-0.003310987589738545,0.0003385727609700155,0.04317782796371584
18.55 min | (-)-Epigallocatechin 3-(3-methyl-gallate),0.03621808926542917,-0.03656654122573648,-0.0057041479040682245
18.56 min | 4'-O-Methylepicatechin 7-O-glucuronide,0.05342149502061174,-0.050244396111816615,0.006076726839567582
"18.57 min | 3,5-Digalloylepicatechin",0.04447867329637307,-0.03791940970641198,0.00109559758432762
18.57 min | naringenin-7-O-glucoside,0.04242009419765561,-0.040668031527227276,-0.006807106053693659
18.57 min | 4-Hydroxycinnamic acid,-0.011476090408165553,0.009636933961643807,-0.0018731419072671855
18.57 min | Myricanene B 5-[arabinosyl-(1->6)-glucoside],-0.010408887561113366,0.010641869851052005,0.061199586104426155
18.57 min | Benzoic acid,-0.0011089639372940403,-0.0017860969464497986,0.023562650024697554
18.57 min | Benzoylmalic acid,-0.0013249553474040223,-0.0018577910010192725,0.023570255120957048
18.58 min | (R)-Rutaretin 1'-(6''-sinapoylglucoside),0.0013529710416449617,0.015962143615548357,0.025299454004179735
"18.59 min | 7,8-Dihydroxycoumarin",0.04512562387996898,0.06759069272760294,-0.012187883782060071
18.59 min | Kudzusaponin SA1,-0.014921291921707784,0.008339984623012364,0.010439032312369886
18.6 min | L-Citronellol glucoside,-0.003941221774929178,0.0071561803455103615,0.013629809840661786
18.6 min | Blumenol C glucoside,-0.010345404220366278,0.004805905569398987,0.06644027220246121
"18.61 min | 2',4',6'-Trihydroxydihydrochalcone 2'-glucoside",0.032869911331684154,0.054023378734487246,-0.0034203829756435295
18.62 min | Kaempferol 3-O-arabinoside,0.008045832736196693,0.012396133893215163,0.05192108492068607
18.62 min | 6-Epi-7-isocucurbic acid glucoside,-0.0018713348265701976,0.0027022446969002926,0.011543708906498836
"18.63 min | ORSELLINIC ACID, ETHYL ESTER",0.03998987985398226,0.06679166033956968,-0.009159272078658114
18.63 min | Neryl rhamnosyl-glucoside,-0.005536466245145384,0.0035958282604800764,0.0689023400457823
18.65 min | Epifisetinidol-(4beta->8)-epicatechin-(6->4beta)-epifisetinidol,0.042825079091112814,0.06269161698856565,-0.000253886302092295
18.7 min | Epicatechin 3-O-gallate-(4beta->6)-epicatechin 3-O-gallate-(4beta->6)-epicatechin 3-O-gallate,0.04395408982783741,-0.04045936049646133,0.011072664980940419
18.73 min | Gravolenic acid,-0.0011504332780554497,0.007722698728650854,0.01165569571121359
18.74 min | Torachrysone 8-(2-apiosylglucoside),0.040388592854674034,0.0600068584389707,-0.010895224229969237
18.75 min | Ichangin 4-glucoside,-0.014449079328744998,0.012126110357661653,0.06511179727290632
18.75 min | (S)-Multifidol 2-[apiosyl-(1->6)-glucoside],-0.003623373330884424,0.0061208959835777395,0.06307912521613925
18.78 min | Naringenin-7-O-rutinoside,-0.002825321026954554,0.0022065354292841815,-0.008706497794866081
"18.78 min | 5-Amino-1-[carboxy(methyl)amino]pentane-1,1,2,2,3,3,4,4,5-nonacarboxylic acid",0.03141999407886086,-0.036288143195023055,-0.005376329288500912
18.79 min | 3'-O-methyl-(-)-epicatechin,0.04932323691229247,-0.024976821645694893,-0.0019993515534601075
18.8 min | Epicatechin 3-O-(3-O-methylgallate),0.03506801110241826,-0.030370940759404882,-0.0006715843495952415
18.81 min | Epicatechin 3-O-(3-O-methylgallate),0.04342576066364087,-0.04409137943590273,-0.007218227332341876
18.82 min | 3-Hydroxyphloretin 2'-O-xylosyl-glucoside,-0.007323145487299245,0.005941756314268653,0.058848592866869685
18.82 min | Phenethyl 6-galloylglucoside,-0.00048640748387663755,-0.003696043293652383,0.056772596499063625
18.84 min | 4'-O-methyl-(-)-epicatechin-5-O-beta-glucuronide,-0.003023340709065887,0.007260950258703823,0.043535589783737186
18.84 min | GALLIC ACID,0.04866280914261691,-0.046901633350551905,-0.009439411133247097
18.85 min | Limocitrin 3-glucoside,0.04986290187760784,0.057438034638019775,0.002630519818969552
18.85 min | Kaempferol 3-O-arabinoside,0.007604910831034968,0.007470826497971201,0.027795214426442887
"18.87 min | 3,3'-Digalloylprocyanidin B2",0.05458220463627158,-0.051785008444813006,-0.0052089905017074336
18.87 min | ent-Epicatechin-(4alpha->8)-ent-epicatechin 3-gallate,0.05432708663169868,-0.05107439586839787,-0.0041149927600790896
"18.88 min | 3,3'-Digalloylprocyanidin B2",0.052604494880840735,-0.05246149384762578,-0.005236018255725906
18.88 min | Keto-3-deoxy-D-manno-octulosonic acid,-0.0036771989648665196,0.007723855318008163,0.015649293824710087
"18.93 min | 6,6'-Methylenebis(2,2-dimethyl-4-methanesulfonic acid-1,2-dihydroquinoline)",0.0024073686920225855,0.02187729847587057,0.00740537326961639
"18.94 min | Kaempferol 3-(2'',4''-di-(Z)-p-coumaroylrhamnoside)",0.005354009561343367,0.028535866110302906,0.044322172960708124
18.99 min | eriodictyol-7-O-glucoside,0.04271592396613699,0.05471032108380419,0.0061050062792338735
18.99 min | 4'-Methyl-(-)-epigallocatechin 3-(4-methyl-gallate),0.02923792095050922,-0.03296041277368186,-0.0025127577667455312
19.0 min | Epifisetinidol-(4beta->8)-catechin,0.032064361753087134,0.04432673562663355,0.015786015026699247
19.01 min | Sesaminol glucoside,0.044911451326208794,0.06791805797219964,-0.01173193704638099
"19.01 min | 2',7-Dihydroxy-4'-methoxy-8-prenylflavan 2',7-diglucoside",-0.0034233839834508207,0.004543602547997043,0.0032812773982644912
19.04 min | Gallic acid,0.045520816039081154,-0.04090733965384628,-0.008897110192822471
19.06 min | Gibberellin A1 glucosyl ester,-0.02848629411445472,0.00666272355437548,0.0068607821316759585
19.07 min | Luteone 7-glucoside,0.04498936990899783,0.06745242484740509,-0.012613222098243853
"19.07 min | Epiafzelechin-(4beta->6)-epicatechin 3,3'-digallate",0.0364049134142733,-0.03341333038142534,-0.006475958040210649
19.08 min | Formononetin 7-(6''-methylmalonylglucoside),0.042961515444218355,0.06614532513189132,0.0018577204637943746
19.13 min | Naringenin,0.05611842897508798,-0.016021673990423455,0.00015863182549849425
"19.13 min | 3,5-Digalloylepicatechin",0.022501193569561168,-0.019756859984819367,0.03543766050937229
"19.21 min | Epigallocatechin-(4b,8)-epicatechin-3-O-gallate ester",0.038230557767769444,-0.025785439977585263,-0.007339750872358931
19.25 min | Kaempferol 3-O-arabinoside,0.0011854345273842408,0.0062965785625819235,0.01751192283251174
19.27 min | naringenin-7-O-glucoside,0.039239419410326555,-0.03563874101434089,-0.0035825500903139966
19.27 min | Homovanillic acid,-0.005572883036842522,0.006777041503800919,0.01016938896214024
19.28 min | Epicatechin 3-O-gallate-(4beta->6)-epicatechin 3-O-gallate-(4beta->6)-epicatechin 3-O-gallate,0.04986650890351109,-0.04758054139120318,-0.004969003721032012
19.29 min | Epicatechin,-0.020218458939242963,0.009412073224367106,-0.00045941445852185097
19.31 min | (-)-Epigallocatechin 3-p-coumaroate,-0.0011810930687047724,0.015574036876646404,0.057187035959494585
"19.33 min | 6,6'-Methylenebis(2,2-dimethyl-4-methanesulfonic acid-1,2-dihydroquinoline)",-0.005474726958372788,0.011784327647914547,0.008926047457685217
19.33 min | 4-Hydroxybenzoic acid,0.006443757745177009,-0.008162136370852906,1.267168714097164e-06
19.36 min | Nonanedioic acid,0.039753765192640275,0.057603075886915045,0.0019076975520470444
19.37 min | 3-Hydroxytetradecanedioic acid.mol,-0.012871309473849834,0.01180998322627171,0.0023196160627468316
19.38 min | Molludistin 2''-rhamnoside,-0.0008748534370574514,0.007325857487685307,0.022599926527613116
19.39 min | 6-Epi-7-isocucurbic acid glucoside,-0.014106968905497468,0.00630517586348794,0.046596215854990214
19.4 min | Isolariciresinol 9-O-beta-D-glucoside,-0.0029669734607731145,0.0024987856082406023,0.07746767968350671
19.4 min | Homogentisic acid,0.053693017403803195,-0.053568738972159836,-0.005862996057803134
19.41 min | Ethyl 7-epi-12-hydroxyjasmonate glucoside,-0.02397999348812189,0.004745557307548926,0.0035243466893123544
19.5 min | Vestitone 7-glucoside,0.019783304383709215,0.05048644770036658,0.010135015142538051
19.56 min | 8-Acetoxypinoresinol 4-glucoside,0.0013727921220451375,0.009821837439626292,0.06293103821399505
19.57 min | 2-Hydroxyadipic acid,-0.012704235734386735,0.006903288836924484,-0.001472133244960182
19.58 min | ISORHAMNETINE-3-GLUCOSIDE,-0.0011109664652761027,0.00828564934545088,0.04109537829921527
19.59 min | Gravolenic acid,-0.002677955767401721,0.003719362746426201,0.0003125779035032338
"19.65 min | 16,17-Dihydro-16alpha,17-dihydroxygibberellin A4 17-glucoside",-0.005130897650226181,0.0025718886428123624,0.025786395938299997
19.66 min | kaempferide 3-glucoside-7-rhamnoside,-0.004529625047590867,0.0024302385917066003,0.02520164084386999
19.67 min | Lupiwighteone hydrate 7-glucoside,0.03892235218410137,0.058682580974656125,-0.01120406841360242
19.67 min | EPICATECHIN,0.04060384224244194,0.051316844995228456,-0.005237505174778201
19.67 min | Naringenin,0.05181225874296629,0.02500795280339633,0.0023376027339345393
19.68 min | Epicatechin 3-O-(3-O-methylgallate),0.06211351896737753,-0.001482975968693243,0.01245675315593834
19.68 min | Tricin 7-glucoside,0.0001676191078884583,0.004545129050672117,0.010993509870786459
19.71 min | 3-(4-Hydroxybenzoyl)epicatechin,0.05129688139515154,0.012477585510765558,0.02698051257713673
19.76 min | Xerocomic acid,0.017569639199834113,0.021979151983827522,0.013575096987302141
"19.77 min | Benzene-1,2,3-tricarboxylic acid",-0.007168636031333427,0.024640194663642402,0.01750069984874318
19.78 min | (-)-Epigallocatechin 3-p-coumaroate,0.017460005704548417,0.026352032918950784,-0.011283703344466033
19.81 min | (-)-Epigallocatechin 3-cinnamate,0.0015078813280714216,-0.0026004511278753402,0.06121559293874846
19.82 min | 4'-Methyl-(-)-epigallocatechin 3-(4-methyl-gallate),0.03899104899471819,0.003676873033913146,0.016940152013461347
19.82 min | Myricanene B 5-[arabinosyl-(1->6)-glucoside],-0.017227683135631514,0.010736071697678711,0.05106364704935733
19.86 min | Neryl rhamnosyl-glucoside,-0.0026439336991928245,0.005687485221370023,0.06493742018024855
19.88 min | Resveratrol 4'-(6-galloylglucoside),0.03587504345706845,0.06128168555234186,0.008176751562511627
"19.92 min | Epiafzelechin-(4beta->6)-epicatechin 3,3'-digallate",0.030368651179947633,-0.02812594744912817,-0.006167324776675187
19.94 min | 3-Hydroxyisoheptanoic acid,-0.0025907435925388517,-0.031671622309093594,-0.026595077659863305
"19.95 min | .beta.-(2,5-Dimethylbenzoyl)propionic acid",-0.013873009701455202,-0.0016908658430185633,-0.0135662241703948
19.98 min | 4'-O-Methylepicatechin 7-O-glucuronide,0.04921724086381415,-0.045930378674691796,-0.008770967965982989
20.01 min | (-)-Epigallocatechin 3-p-coumaroate,-0.005951706823462024,0.0044891219708943185,0.04959893386412838
"20.04 min | Maclurin 3-C-(2'',3'',6''-trigalloylglucoside)",0.0373130049697356,-0.025112208607173014,-0.004701418494627392
20.09 min | Apigenin-8-C-glucoside,0.0035854289983249465,0.0059499721116557745,0.026726032562834488
20.16 min | FERULIC ACID,-0.030115861942278575,0.006611462309058,-0.012443576920017253
"20.23 min | Epigallocatechin-(4b,8)-epicatechin-3-O-gallate ester",0.04095547263682572,-0.030936422153484272,-0.007755256771643664
20.24 min | Epifisetinidol-(4beta->8)-catechin,0.039627648753106974,0.06202540972652222,-0.01118478662001216
"20.24 min | 2',7-Dihydroxy-4'-methoxy-8-prenylflavan 2',7-diglucoside",-0.014852832443134432,0.006952251370465784,0.041787459387474184
20.27 min | Isolimonic acid,-0.002315842576948543,0.00554184700860742,0.07422013880211058
20.31 min | Gibberellin A105,-0.009060214606804368,0.040297926446257744,0.010696808599075739
20.31 min | Isoorientin 2''-[feruloyl-(->6)-glucoside],-0.0011081458171238916,0.004105643622543118,0.020016249876333596
20.36 min | 6-Epi-7-isocucurbic acid glucoside,-0.000899743850153084,0.006250700273712452,0.05727530028344942
20.37 min | Medicarpin 3-O-(6'-malonylglucoside),-0.003875730735463746,0.00019886776723018916,0.02717404040094223
20.37 min | 1-(4-(5-Maleimidopentyl)aminobenzyl)ethylenediaminetetraacetic acid,-0.005936956627654396,0.003406349720864591,0.0696569929378385
20.38 min | (E)-4'-Methylresveratrol 3-glucoside,0.029745212011648484,0.05263390493478907,0.012036427912671845
20.38 min | Limocitrol 3-glucoside,-0.017769299297048045,0.0016631316385811773,-0.010311410347203068
"20.42 min | (4R,5S,7R,11x)-11,12-Dihydroxy-1(10)-spirovetiven-2-one 12-glucoside",-0.0005810655227885011,0.0036374550426905407,0.005723586966881977
20.45 min | 3-(4-Hydroxybenzoyl)epicatechin,0.0444748948604218,0.06713237283390953,-0.01252245771868083
20.46 min | 2-Hydroxy-3-[(2-carboxyethyl)thio]-3-[2-(8-phenyloctyl)phenyl]propanoic acid,-0.006735432511353853,0.002440945480063763,0.05934901688106049
20.47 min | 1-(4-(5-Maleimidopentyl)aminobenzyl)ethylenediaminetetraacetic acid,0.037653986580144023,0.06235936270679122,-0.009065225036186923
20.47 min | C.I. Acid Green 3,-0.00018239199605615453,0.008420269921566952,-0.0032185933014883352
20.49 min | 3-[2-[[2-[[2-Acetamido-3-(4-hydroxyphenyl)propanoyl]amino]-3-methylbutanoyl]amino]propanoylamino]-4-oxobutanoic acid,-0.0035103976760821718,0.0017000557897717075,0.0539144219363526
20.5 min | Myricanol 5-(6-galloylglucoside),-0.005774825014076499,0.0055940748993337655,0.046278285453902016
20.57 min | Neryl rhamnosyl-glucoside,-0.0044633035261830555,0.006191362158969259,0.06455184816121017
20.6 min | 4-Hydroxybenzoic acid,-0.03340210160901528,0.003666751619518951,-0.01922183520801444
20.67 min | C.I. Acid Green 3,0.04517919579571936,0.06788908419788967,-0.012000338199686612
20.7 min | Epifisetinidol-(4beta->8)-catechin,0.015919905193048384,0.024241785282657267,-0.01190148503622045
20.8 min | Soyasaponin III,-0.015840440306629,0.00810731482258371,0.002352410391834421
20.81 min | Traumatic acid,-0.004166159378321372,0.007543016007643696,0.01524148997072614
"20.88 min | Catechin 3',4'-diglucoside",0.014313128479763156,0.023731754497321247,-0.0059476435797955396
20.88 min | dihydroquercetin,0.05655307732262609,-0.050232287059264594,-0.003029814117018713
20.94 min | 8-Hydroxypinoresinol 8-glucoside,-0.029278871135755263,0.004499195888092676,-0.011241600102164838
21.01 min | 3-(Cyclohexylamino)-2-hydroxy-1-propanesulfonic acid,0.001009358462633044,-0.015556387740579108,-0.010221999308774677
"21.05 min | (4S,7S,12Br)-7-[[(2R)-2-acetylsulfanyl-3-phenylpropanoyl]amino]-6-oxo-2,3,4,7,8,12b-hexahydro-1H-pyrido[2,1-a][2]benzazepine-4-carboxylic acid",0.009138792160566038,0.036060746550004866,0.01402854662535294
21.06 min | cis-4-Decenedioic acid,-0.011098506113574621,0.011420242586096495,0.006453358373290194
21.09 min | 1-(4-(5-Maleimidopentyl)aminobenzyl)ethylenediaminetetraacetic acid,0.02872031216928828,0.057597467255042806,0.008434950192536515
21.11 min | 4-Hydroxybenzoic acid,0.04059991804093821,0.06699660915222182,-0.014918984992235483
21.14 min | Nb-trans-Feruloylserotonin glucoside,-0.00766826791919968,0.004136891124158475,0.038814079314014774
21.19 min | (-)-epicatechin-3'-O-glucuronide,0.04277613024014377,-0.038125388242566005,-0.0068930191643589815
21.25 min | Luteone 7-glucoside,0.039093099449719795,0.05914223712388757,-0.011633153053444723
21.29 min | (-)-Epigallocatechin 3-cinnamate,0.04272811954667368,0.019685809519889668,0.02754412393886566
21.32 min | 1-(4-(5-Maleimidopentyl)aminobenzyl)ethylenediaminetetraacetic acid,0.036052675024868634,0.06883082666774032,-0.0032192422199225183
21.35 min | Methyl salicylate O-[rhamnosyl-(1->6)-glucoside],-0.025215753074650724,0.005266151960169155,-0.022297121964471315
21.38 min | Epifisetinidol-(4beta->8)-catechin,0.04418452652226384,0.0682148668916284,-0.008549783871073502
21.55 min | (±)Abscisic Acid,0.004304344019772061,0.00783791166077546,0.02311979461672265
21.55 min | 3-Hydroxytetradecanedioic acid.mol,-0.006532438027837442,0.006295305696963747,0.005501969534600295
21.61 min | 7-Hydroxyoctanoic acid.mol,0.04175151316819951,0.059633045966288434,-0.011555699750547266
21.74 min | (+)-Epicatechin,0.03939678241258213,0.058191089041637875,-0.009862281879295902
"21.83 min | (-)-Epigallocatechin 3,5-di-gallate",0.0523746650790593,-0.04446456315339417,-0.008682596701106502
"21.88 min | Epicatechin-(2beta->7,4beta->6)-catechin",0.04502810923243261,0.06771680721498119,-0.012488391048114972
21.91 min | 2-[(4-{2-[(4-Cyclohexylbutyl)(cyclohexylcarbamoyl)amino]ethyl}phenyl)sulfanyl]-2-methylpropanoic acid,-0.023975171813406918,0.003379593613110638,-0.004042742854755569
21.97 min | SEBACIC ACID,0.03457841892731312,0.03954771460375728,0.0029738979128816592
22.01 min | Luteolin,0.010522765759255698,0.0445671504051786,-0.0014772356577591877
22.1 min | Phenylpyruvic acid,0.04339622586092849,0.06699824832462288,-0.01476994075472494
22.12 min | Dodecanedioic acid.mol,-0.01097761997099855,0.0083207765178706,0.01236103836264766
22.12 min | xi-7-Hydroxyhexadecanedioic acid,-0.027015986370242155,0.007883882775026047,-0.003936740055798845
22.14 min | Protobassic acid,-0.0029049023245027454,0.006069404177667455,0.0119591858551866
22.16 min | Indole-3-acetylglutamic acid,-0.0196790572864667,-0.00731754083859661,0.0002243966177563406
22.25 min | 4'-O-methyl-(-)-epicatechin-3'-O-beta-glucuronide,-0.02201926216821286,0.003779535447262964,-0.02504484259372912
22.26 min | Hulupinic acid,-0.00419845651407387,0.006495126964717874,0.011077685817895496
22.42 min | glutamic acid betaine,-0.0039248790654046115,0.008616973346148932,0.025085841031222335
22.44 min | kaempferide 3-glucoside-7-rhamnoside,-0.00041237492027623973,0.007147664850917066,0.03845393264343632
22.65 min | (-)-Epigallocatechin 3-cinnamate,0.043951004757759454,0.06569402971206008,-0.012297635177667255
22.65 min | 8-Hydroxypinoresinol 8-glucoside,0.042547181850323704,0.06561099415167033,-0.012844002348007753
22.69 min | (1'R)-Nepetalic acid,-0.003493751843435482,0.009541309432324544,0.017249324450033347
22.8 min | glutamic acid betaine,0.025660246923188135,0.061452360497784436,-0.014288111663588886
22.86 min | Methylenediphosphonic acid,-0.008376651306369935,-0.01583651077186301,-0.012593400842011864
22.87 min | 1-(4-(5-Maleimidopentyl)aminobenzyl)ethylenediaminetetraacetic acid,0.00012029050313294782,0.02102349953427989,0.03125214150443109
22.88 min | Hesperetin 7-glucoside,0.04172624408543592,-0.03767441250156041,-0.007841253642907052
22.94 min | Methyl nomilinate 17-glucoside,-0.014924745098628107,0.011289114153914873,0.02961055317838338
22.94 min | 7-Methyl-cholic acid,0.029408865995141413,-0.022787053825710644,-0.005761001091423358
23.04 min | ent-Epicatechin-(4alpha->8)-ent-epicatechin 3-gallate,0.03280722830157948,-0.028307932190617023,-0.006532137736529755
23.06 min | glutamic acid betaine,-0.001406211178818553,0.009846071041531554,0.028931099968685838
23.1 min | kaempferol 3-rhamninoside,-0.0030898393056314768,0.009817251080569325,0.02775174951977401
23.14 min | kaempferide 3-glucoside-7-rhamnoside,0.013489376650152242,0.007698541429909409,0.018498672001266682
23.15 min | Protobassic acid,-0.003856771707991915,0.002859998315149594,0.04580415695208911
23.26 min | Pressinoic acid,0.04499801667859228,0.06780257452346428,-0.012162494804749789
23.3 min | 2-[1-[2-[(4-Carbamimidoylbenzoyl)amino]-3-(4-hydroxyphenyl)propanoyl]piperidin-4-yl]oxyacetic acid,-0.004581778971149533,0.006931308199829435,0.04973199920935278
23.3 min | 4-Methoxycinnamic acid,0.014549078344160575,-0.02296157564795553,-0.01060914796334236
23.31 min | (-)-Catechin gallate,0.04344615869639834,-0.04365248592308467,0.013440767828489616
23.4 min | glutamic acid betaine,-0.0021538855022538426,0.009485406212577412,0.024098220838877166
23.4 min | Methylenediphosphonic acid,-0.007206097254015174,-0.0026949159902521615,-0.016830038770419692
"23.48 min | 3-Hydroxylup-20(29)-ene-23,27,28-trioic acid",-0.001654498124535872,0.004154235200585447,0.009623282171433338
23.54 min | Phthalic acid,0.04511059462121089,0.06761147239103812,-0.012847475652067925
23.54 min | 4-Hydroxyphenylpyruvic acid,0.043658104849101216,0.06783988002838766,-0.013312864609252947
23.57 min | C.I. Acid Green 50,-0.02436583478056961,0.0035384769154579838,-0.023934402614494477
23.67 min | kaempferol 3-rhamninoside,-0.0014751191226554993,0.011057692495932263,0.02568006880678936
23.7 min | Methyl salicylate O-[rhamnosyl-(1->6)-glucoside],0.04375593171957146,0.06828424307975094,-0.012834628540381006
23.7 min | glutamic acid betaine,0.0004437468309108112,0.012249535784145801,0.030861279935138288
23.73 min | glutamic acid betaine,-0.002073215244438806,0.009022040544051745,0.03066639397209059
"23.79 min | (S)-7-(3-Amino-1-pyrrolidinyl)-1-cyclopropyl-6-fluoro-1,4-dihydro-4-oxo-1,8-naphthyridine-3-carboxylic acid",-0.004570877198073293,0.006178367291043813,0.01766854414193642
23.82 min | Neryl rhamnosyl-glucoside,-0.004577359994906364,0.0035310237836057353,0.048323193885002065
23.85 min | 6-(D-alpha-(3-Guanylureido)phenylacetamido)penicillanic acid,-0.0062443803253988414,0.012156226234894785,-0.011239502578706751
23.91 min | 19-Hydroxycinnzeylanol 19-glucoside,-0.013243189744475472,0.009447674514653587,0.019558210905506558
23.95 min | Saponin H,-0.005731801056490722,0.006355276315457505,0.04165715943709201
24.03 min | Myricanol 5-(6-galloylglucoside),0.04525708998751485,0.067657799868425,-0.012498386244314713
"24.05 min | trans-p-Menthane-1,7,8-triol 8-glucoside",0.04065327482374375,-0.03778822279695707,-0.003437402668788445
"24.07 min | (S)-2,3-Dihydro-3,5-dihydroxy-2-oxo-3-indoleacetic acid 5-glucoside",0.029309526538327513,-0.023644842028288704,-0.006007215042337156
"24.09 min | 7-Methyl-1,4,5-naphthalenetriol 4-[xylosyl-(1->6)-glucoside]",0.04500854326959145,0.06793477832338583,-0.012367372084239651
24.17 min | xi-7-Hydroxyhexadecanedioic acid,-0.004456255203143027,0.0065828209117322,0.0064556680637733056
"24.23 min | 3,5-Digalloylepicatechin",0.0469954054964098,-0.04303671535183266,-0.007026702918716405
"24.24 min | (11E,15Z)-9,10,13-Trihydroxy-11,15-octadecadienoic acid",-0.007053106291878727,0.009247382838653073,0.02917645806979837
24.31 min | Methyl nomilinate 17-glucoside,-0.032065763902821995,0.012462716570557747,0.014493388612594416
24.48 min | Pressinoic acid,0.044132014732688275,0.06829338844496861,-0.013559205442310438
"24.48 min | 2-(3,7,11-Trimethyldodeca-2,6,10-trienylsulfanyl)benzoic acid",-0.0008111832978120759,0.00531533967195585,0.045967523731206425
24.59 min | Jasmonic acid,0.0012140837940294298,0.005632311775486032,0.018882067889027597
24.61 min | 8-Acetoxy-4'-methoxypinoresinol 4-glucoside,0.04527810022143902,0.06774328317910808,-0.012808157397759598
24.79 min | Myricanol 5-(6-galloylglucoside),0.04456982908716651,0.06649637293051656,-0.012366853101058702
24.81 min | Methyl salicylate O-[rhamnosyl-(1->6)-glucoside],0.045120983287949216,0.06738111927311964,-0.01253491641231048
"24.82 min | 9,10,13-Trihydroxystearic acid",0.04711700657738382,0.06193819065894008,0.005294491453398374
24.85 min | (±)-Naringenin,0.01242755853239388,0.007318958379392788,-0.005801211435349493
25.08 min | Kaempferol,-0.002449657240516017,0.002188470278099935,-0.004156357341201207
25.22 min | Medicagenic acid,-0.0022102779672367387,0.0049173037648753614,0.0069597139697590215
"25.23 min | (Z)-5,8,11-trihydroxyoctadec-9-enoic acid",-0.015430890266652843,0.014625248169401946,0.027796556915835945
25.25 min | Phthalic acid,0.04516033880651245,0.06735481340847223,-0.012880293364016252
25.32 min | Traumatic acid,-0.0006052420571535713,0.00576438529767416,0.022687088581456665
"25.4 min | (Z)-9,12,13-trihydroxyoctadec-15-enoic acid",0.0033138597506240514,0.015511973285466212,0.001754882915015199
"25.4 min | (11E,15Z)-9,10,13-Trihydroxy-11,15-octadecadienoic acid",-0.003890535682752807,0.007167572052962178,0.009455749905764192
25.51 min | Traumatic acid,-6.812145343928145e-05,0.005204031348729518,0.009718283978919497
25.61 min | 4-Hydroxy-3-(3-methyl-2-buten-1-yl)benzoic acid,-0.008148553486775864,0.0037563491207589107,-0.008081171716153055
25.69 min | 3'-Prenylapigenin 7-[rhamnosyl-(1->6)-glucoside],0.045077684144842825,0.06772514667875659,-0.012629187765416815
25.69 min | Protobassic acid,-0.004002360285019903,0.006847905936517141,0.010515132962517031
"25.75 min | (S)-10,16-Dihydroxyhexadecanoic acid",0.03437424160265374,0.04177572222894725,0.007102537431507849
25.8 min | (7'R)-(+)-Lyoniresinol 9'-glucoside,0.05250528126962241,0.060715430230314574,-0.014018609830406328
25.88 min | beta-D-3-[5-Deoxy-5-(dimethylarsinyl)ribofuranosyloxy]-2-hydroxy-1-propanesulfonic acid,0.01621132611889817,-0.0218170235719456,-0.002862419885742562
25.91 min | Medicagenic acid,-0.004640057420886857,0.0067890039419961825,0.019686358151389305
26.02 min | Phenylpyruvic acid,0.04499402697890525,0.06707815286982831,-0.012737650939510172
26.06 min | Dodecanedioic acid.mol,0.017225516294727405,0.023615790799291526,0.01623476904825925
26.06 min | 6-[Ethyl-(3-isobutoxy-4-isopropylphenyl)amino]nicotinic acid,-0.0028886946863823657,0.0019877225735311418,0.05391065917121445
"26.13 min | Viniferin 3&apos;,5&apos;-diglucoside",0.04531044462672215,0.06763262251593954,-0.012973616102912887
26.14 min | beta-D-3-[5-Deoxy-5-(dimethylarsinyl)ribofuranosyloxy]-2-hydroxy-1-propanesulfonic acid,0.0024061929213165406,-0.01231086956792572,-0.009120083026996406
"26.27 min | (5R,6S)-3-(2-Carbamoyloxyethylsulfanyl)-6-(1-hydroxyethyl)-7-oxo-4-thia-1-azabicyclo[3.2.0]hept-2-ene-2-carboxylic acid",0.007395001502139263,-0.0013641356021351493,0.006755957390463314
26.28 min | (Â±)-3-Hydroxynonanoic acid,0.017177165955673826,0.007756661774071153,0.030804234036263305
26.29 min | Thelephoric acid,-0.001665169838585295,-0.006792167672403292,-0.02156637431567764
26.35 min | 8-Hydroxypinoresinol 8-glucoside,0.0444695674593962,0.06652077746694612,-0.01163195770308927
26.45 min | Ranelic acid,-2.1437596981917345e-05,-0.02155540438164259,-0.019408304949848066
26.5 min | Benzoylmalic acid,-0.02016120957523812,-0.02131968895120543,0.024082064668388865
26.52 min | Monoisobutyl phthalic acid,0.011695826276827718,0.016063752386759098,-0.012427608452042771
26.52 min | (R)-5-Diphosphomevalonic acid,0.0027688675608450205,0.0005551052042282491,0.005262203924986484
26.55 min | Thelephoric acid,-0.01107496242133366,-0.011029315287496158,-0.005841464626339101
26.57 min | 13-Hydroxy-9-methoxy-10-oxo-11-octadecenoic acid,-0.013103153618699322,0.011583058444037547,0.03067538438042714
26.63 min | 8-Acetoxy-4'-methoxypinoresinol 4-glucoside,0.04500280482685546,0.06719251026276477,-0.01247177341304426
26.72 min | Ranelic acid,-0.014529187349795426,-0.003269583120423981,0.0037060735403816
26.74 min | 2-[(4-Benzamidophenyl)sulfonylamino]acetic acid,0.003657102958698912,-0.00860436308744152,-0.003779526646622018
26.76 min | Traumatic acid,0.009661024423118777,-0.029739934785335757,-0.011760193911079896
26.79 min | Isonuatigenin 3-[rhamnosyl-(1->2)-glucoside],-0.00381745697272283,0.0016037316601260222,0.049237158446303685
26.83 min | Hexadecanedioic acid,0.04945154606939493,0.06214280048296497,-0.010628208115077531
26.83 min | Thelephoric acid,-0.005166147714852679,-0.002365590252599543,0.009563686845536526
26.9 min | 3-Hydroxycapric acid,0.03897984753155325,0.0608361943508897,-0.010412599043014299
26.97 min | Ranelic acid,0.009002438008651895,0.001681261287128336,-0.005024545367375081
26.97 min | Cucurbic acid,-0.0004037516363784325,0.005688868697023354,0.008690006816135356
27.03 min | 2-[(4-Benzamidophenyl)sulfonylamino]acetic acid,0.011041269970610475,0.007551678634481598,0.006678704731736487
27.09 min | (R)-3-Hydroxy-5-phenylpentanoic acid,0.017221845760068535,-0.000250297359813808,-0.014087625204961355
27.24 min | Ranelic acid,-0.008533612918497106,0.01901611982427108,0.014998086621481754
"27.25 min | 1,11-Undecanedicarboxylic acid",0.02508310967565034,0.04700643916665249,0.011096119171271419
27.3 min | Protobassic acid,-0.004851526183583764,0.006485313433955994,0.024007518028119207
27.33 min | Maslinic acid 3-O-b-D-glucoside,-0.005743934023874497,0.0042291562365031595,0.027514631880123566
"27.52 min | 3-Hydroxylup-20(29)-ene-23,27,28-trioic acid",-0.0018395830379766304,0.004690220698171292,0.006032767606156396
27.53 min | Ganoderic acid beta,-0.0032848029965997587,0.006956695828619865,0.012992597000335934
27.62 min | 7-Aminocephalosporanic acid,-0.007638335504209427,-0.00989033848051763,-0.0033642461592835425
27.63 min | 2-[(4-Benzamidophenyl)sulfonylamino]acetic acid,-0.0111894117778341,0.006200432923328475,0.005696336680929249
"27.66 min | (2R)-2-{(1R)-2-Oxo-1-[(2-thienylacetyl)amino]ethyl}-5,6-dihydro-2H-1,3-thiazine-4-carboxylic acid",-0.012220094203360045,-0.0030332625216244677,0.02219369462441983
"27.68 min | 9,10,13-Trihydroxystearic acid",0.0007727014349451425,0.0348242669598816,0.03622056046790116
27.7 min | 8-Hydroxyluteolin 8-glucoside 3'-sulfate,-0.0013434946402529262,0.010319754485052776,0.010065290106519837
27.74 min | Bassic acid,-0.004835940402216576,0.006956187553217311,0.01593740425184314
27.76 min | Ellagic acid arabinoside,-0.012516063508553573,-0.005558995221961082,-0.003831156409295425
27.77 min | uric acid citrate,-0.002511481598461635,-0.008428251922794918,-0.0010656192528362507
27.82 min | Bismuth Subsalicylate,-0.002178750541865782,-0.009682508865794918,0.004519375319838735
27.87 min | 7-Aminocephalosporanic acid,0.001543707368512617,-0.007659350979925722,-0.0016835152127202206
27.93 min | 3-Hydroxycapric acid,0.03592681632331611,0.0333784746184756,0.014552818430391449
"27.94 min | (S)-10,16-Dihydroxyhexadecanoic acid",0.032584764379267606,0.024477459105574154,0.006453954901114901
"27.98 min | (5R,6S)-3-(2-Carbamoyloxyethylsulfanyl)-6-(1-hydroxyethyl)-7-oxo-4-thia-1-azabicyclo[3.2.0]hept-2-ene-2-carboxylic acid",0.010928922870760568,0.008816436608931411,0.003405836059409527
27.99 min | Hexadecanedioic acid,0.0022446800544066374,0.012328530471275098,0.04222255414743361
28.01 min | uric acid citrate,-0.005802230620825494,0.012338318774157949,-0.001081732068289963
28.01 min | Gossypetin 8-glucoside 3-sulfate,-0.0005049659517242862,-0.011876089846345198,-0.008990324049234834
28.06 min | Medicagenic acid,-0.004743319585564064,0.004852309447338468,0.04156939332626164
28.08 min | Orotidylic acid,0.007329347271089903,0.008031167788068321,-0.007026245493134385
"28.12 min | 3,7-Dimethylquercetin",0.04533239514043625,0.06776170781776183,-0.01279051515865185
28.14 min | Prehumulinic acid,-0.019188415380960253,-0.005439824731910158,-0.010271797468617639
28.15 min | Hydroxy-2-naphthalenylmethylphosphonic acid tris-acetoxymethyl ester,0.01174753110928581,0.005048174505584671,-0.0002499499694462307
"28.15 min | (4aS,6aS,6bR,9R,10R,11R,12aR)-10,11-dihydroxy-9-(hydroxymethyl)-2,2,6a,6b,9,12a-hexamethyl-1,3,4,5,6,6a,7,8,8a,10,11,12,13,14b-tetradecahydropicene-4a-carboxylic acid",-0.0045817513160170435,0.007173110361793873,0.024966295256752282
"28.16 min | 2',7-Dihydroxy-4'-methoxy-8-prenylflavan 2',7-diglucoside",-0.004411808960782067,0.008708006718725929,0.04017952313078989
28.26 min | Octadecanedioic acid,0.03310262830958613,0.059606128364065515,-0.00336704483017413
28.26 min | 1-Palmitoyl Lysophosphatidic Acid,0.003052312848906553,0.011921609286405664,0.033301009540743685
28.28 min | Gossypetin 8-glucoside 3-sulfate,-0.00254997380335604,-0.010618471616839695,-0.009434968428684432
"28.32 min | 5-Amino-1-[carboxy(methyl)amino]pentane-1,1,2,2,3,3,4,4,5-nonacarboxylic acid",-0.009859611709838642,0.0032760647603514285,0.008647571860850219
"28.34 min | (S)-10,16-Dihydroxyhexadecanoic acid",0.0445003390241795,0.0676495593445274,-0.013342278042478953
28.49 min | Fasciculic acid A,0.013765249518092854,0.009768157212281003,-0.0016396313441070737
28.54 min | 1-Oleoyl Lysophosphatidic Acid (sodium salt),0.009610835325074972,0.018425505588163964,0.0023267835061701906
"28.57 min | 5-Amino-1-[carboxy(methyl)amino]pentane-1,1,2,2,3,3,4,4,5-nonacarboxylic acid",0.004402232714878283,0.013155391494976715,0.00046078703646639294
28.65 min | Orotidylic acid,-0.009725155261741404,0.006902743844533065,0.011189585964409084
28.67 min | 12-Hydroxydodecanoic acid,0.037876735821841395,0.05587568631867055,-0.009997691185327881
28.67 min | Ranelic acid,0.007948400262905771,0.0006219497132056276,0.015241185078022709
"28.82 min | Succinic acid, sulfo-, 1,4-dioctyl ester",-0.002086753991545435,-0.004150392915149525,-0.008085696157645294
"28.82 min | 5-Amino-1-[carboxy(methyl)amino]pentane-1,1,2,2,3,3,4,4,5-nonacarboxylic acid",-0.004037872087670102,0.009393405646532862,0.006948984487176324
28.9 min | [2-(hexadecanoyloxy)-3-[octadec-11-enoyloxy]propoxy]({[2.3.4.5.6-pentahydroxycyclohexyl]oxy})phosphinic acid,-0.009496994394585997,0.0031661414441219947,0.002428398730800187
28.9 min | Gossypetin 8-glucoside 3-sulfate,-0.004516522095422741,0.006488898096262945,0.002227800191743837
28.94 min | 8-Hydroxyluteolin 4'-methyl ether 8-glucoside-3'-sulfate,0.015064075048767092,-0.014074572524428126,-0.007493502793268852
"29.04 min | 1-Acetyl-3,14,20-trihydroxywitha-5,24-dienolide 3-glucoside",-0.02976895644578378,0.012804520497486083,0.026325349665705308
29.09 min | [2-(hexadecanoyloxy)-3-[octadec-11-enoyloxy]propoxy]({[2.3.4.5.6-pentahydroxycyclohexyl]oxy})phosphinic acid,-0.008457727923611522,0.002934112391266691,-0.004412588449822912
29.18 min | 8-Hydroxyluteolin 4'-methyl ether 8-glucoside-3'-sulfate,-0.005760709566679622,-0.008627500629770694,-0.014078469632322684
29.19 min | Orotidylic acid,-0.0014203068588315086,0.0022266172842320088,0.002528379844644484
29.22 min | Medicagenic acid,-0.005131490505160429,0.007205948637439955,0.025917052934617105
29.31 min | Octadecanedioic acid,0.0320250864405308,0.055768272112050786,0.011114094885275812
"29.42 min | (S)-10,16-Dihydroxyhexadecanoic acid",0.018437603266844384,0.03539227910958755,-0.004702980569554093
29.43 min | 8-Hydroxyluteolin 4'-methyl ether 8-glucoside-3'-sulfate,0.0163357922138316,-0.0010883444105515296,-0.013787826118336758
29.47 min | Phosphoaminophosphonic acid-adenylate ester,0.0016019764186001476,-0.002188106424843238,0.006645742529480877
29.49 min | 8-Hydroxyluteolin 8-glucoside 3'-sulfate,0.005355494809386089,-0.005511183702228465,-0.008835069877319142
29.51 min | Bassic acid,-0.0037869597746739837,0.0066398335534126485,0.01649844773219367
29.55 min | Corchorifatty acid F,-0.000550497817432711,0.011148352401422422,0.006007616233716144
29.56 min | Sanguisorbic acid dilactone,-0.00430807625377586,-0.008333634869619183,0.004988547599384545
"29.58 min | 3,12-dihydroxy-4,6a,6b,11,12,14b-hexamethyl-1,2,3,4a,5,6,7,8,9,10,11,12a,14,14a-tetradecahydropicene-4,8a-dicarboxylic acid",-0.005030352651206586,0.006747986818351467,0.026480984679314274
29.59 min | Bismuth Subsalicylate,0.0027235242535382314,0.004800882387073414,0.009191981419727671
29.67 min | 8-Hydroxyluteolin 4'-methyl ether 8-glucoside-3'-sulfate,-0.00452030466192013,-0.001650775442350338,0.0021355323421002525
"29.69 min | 12-Oxo-2,3-dinor-10,15-phytodienoic acid",0.009593297965781669,0.042015851478915324,0.027702741678643818
29.75 min | 8-Hydroxyluteolin 8-glucoside 3'-sulfate,-0.0026753961791643583,0.012822471607531246,0.004870410853691863
29.86 min | Oleanolic acid 3-[glucosyl-(1->4)-xyloside],-0.00024445450267056925,0.004223918194465093,0.0057590053604894085
29.88 min | Hexadecanedioic acid,0.04218865922788723,0.0633400191061244,-0.01206852023199587
29.89 min | Corchorifatty acid F,-0.003463579376554099,0.008240432267423284,0.010409483977164636
"29.89 min | (2'E,4'Z,7'Z,8E)-Colnelenic acid",-0.00445829069281251,0.007449734734966616,0.006557152816041099
29.96 min | 8-Hydroxyluteolin 4'-methyl ether 8-glucoside-3'-sulfate,-0.011730680763516996,0.000734587297465435,0.004201599911456135
30.0 min | 8-Hydroxyluteolin 8-glucoside 3'-sulfate,-0.009432300279327293,0.00111085586239033,0.012699678434525581
30.04 min | Ranelic acid,0.03178984421855737,0.04148493636698468,-0.013480259001798632
"30.08 min | Succinic acid, sulfo-, 1,4-dioctyl ester",-0.01471466482912158,0.0007815164136936868,-0.009207511718987467
30.1 min | 8-[3-oxo-2-[(E)-pent-2-enyl]cyclopenten-1-yl]octanoic acid,-0.00668655901931126,0.0065321385976880066,0.008693567358735737
30.2 min | 1-Oleoyl Lysophosphatidic Acid (sodium salt),0.03094270272293412,0.045870695358644784,0.006799167406471919
30.22 min | Octadecanedioic acid,-0.010450239527476082,-0.008113179994747848,-0.010182894619965749
30.23 min | Corchorifatty acid F,-0.004763552096125898,0.006934322679028115,0.009075504007787907
30.27 min | Hexadecanedioic acid,0.04713168988676406,0.05933485422764281,-0.004671861280048312
30.34 min | [2-(hexadecanoyloxy)-3-[octadec-11-enoyloxy]propoxy]({[2.3.4.5.6-pentahydroxycyclohexyl]oxy})phosphinic acid,-0.01580673064210251,0.003623361459148845,0.007926493545494595
"30.37 min | Succinic acid, sulfo-, 1,4-dioctyl ester",-0.015416380654976147,0.0020494305487583674,0.0028129263543011417
30.47 min | Ursodeoxycholic acid 3-sulfate.mol,0.03267718101556909,-0.022594276667688613,-0.009210118780041856
30.51 min | Monoethylhexyl phthalic acid,0.016378129069248532,-0.026998400944838814,-0.012022698557514082
30.52 min | Uridine diphosphate glucuronic acid,-0.014366396029908664,0.011311047062530109,0.0015439443112063142
30.55 min | 3-Oxohexadecanoic acid,0.042345340534343204,0.06717857727576722,-0.004823138087079764
30.55 min | Bassic acid,-0.004868047904860754,0.006415187422370999,0.02160374237412053
30.62 min | Oleanolic acid 3-[glucosyl-(1->4)-xyloside],-0.0001876640760500794,0.00426931316312593,0.0020279114271081655
30.68 min | [2-(hexadecanoyloxy)-3-[octadec-11-enoyloxy]propoxy]({[2.3.4.5.6-pentahydroxycyclohexyl]oxy})phosphinic acid,-0.005040794676698854,0.010651108269888774,-0.006787149947759035
30.71 min | Uridine diphosphate glucuronic acid,0.004890741673230316,-0.009535386936615176,-0.006758048722741173
30.71 min | 2alpha-Hydroxypyracrenic acid,-0.00465635074338705,0.006690926100062348,0.01817360717972106
30.73 min | Monoethylhexyl phthalic acid,0.006523704104579621,-0.005424143879737646,-0.011662640080305332
30.75 min | Gambogic acid,-0.03892397634420712,0.01177950548065734,-0.005133469168026215
"30.76 min | (2'E,4'Z,7'Z,8E)-Colnelenic acid",-0.0050148603640611,0.007661882409087433,0.009268748993184736
30.76 min | alpha-Linolenic acid,-0.03945612976082343,0.010848611197443564,-0.012808694985434337
"30.82 min | Succinic acid, sulfo-, 1,4-dioctyl ester",-0.0067699244269529,0.0005646001304699182,0.001554869750618641
30.88 min | Maslinic acid,-0.005410538751805434,0.0068274297880123016,0.020127894601583318
30.89 min | Uridine diphosphate glucuronic acid,0.015222145416914423,0.014389752253672988,0.0047982596495036505
30.91 min | [2-(hexadecanoyloxy)-3-[octadec-11-enoyloxy]propoxy]({[2.3.4.5.6-pentahydroxycyclohexyl]oxy})phosphinic acid,-0.01285653362295021,0.005662965372880321,0.0005032751429257859
30.92 min | 3-O-trans-Feruloyleuscaphic acid,-0.0035503897216798107,0.004342190386317233,0.05532080761243105
30.96 min | Monoethylhexyl phthalic acid,-0.0159085765609566,0.0004367819693792696,-0.005142214674183025
31.08 min | 2-Hydroxyhexadecanoic acid,0.019014141502735813,-0.0068762206021763216,-0.0035848474182725303
31.12 min | Gambogic acid,-0.017024532993155823,0.001821867684392133,-0.011073280426739518
31.25 min | [2-(hexadecanoyloxy)-3-[octadec-11-enoyloxy]propoxy]({[2.3.4.5.6-pentahydroxycyclohexyl]oxy})phosphinic acid,0.004948417843246058,-0.01517024574945076,-0.0002541101471545275
31.32 min | Oleanolic acid 3-[glucosyl-(1->4)-xyloside],-0.004454913664458692,0.006443013142798335,0.015593759323628439
31.42 min | Ganoderic acid beta,-0.0036170452323445613,0.005787108108948355,0.02380734634004749
31.43 min | 2-Hydroxyhexadecanoic acid,0.04533690377593914,0.06766779154878448,-0.012722853240644276
31.45 min | Monoethylhexyl phthalic acid,-0.0022438461683712014,0.020559960284714247,0.02225639028055341
31.46 min | Palmitic Acid,0.027939149894128025,-0.033591692558481025,-0.010570438194557467
31.46 min | Maslinic acid,-0.004455222665521315,0.007170916147136301,0.021760247696786778
31.55 min | alpha-linolenic acid,0.010397464562599774,0.03351264414678862,0.016929272614840497
31.61 min | Valerenic acid,0.021899953321655098,-0.001238867608176359,-0.01339016842797298
31.66 min | [2-(hexadecanoyloxy)-3-[octadec-11-enoyloxy]propoxy]({[2.3.4.5.6-pentahydroxycyclohexyl]oxy})phosphinic acid,0.004020772175684172,-0.0061552878228685595,-0.004244220849238138
31.7 min | Glucoconvallasaponin B,-0.01892348356146918,0.0013179619455260972,-0.007578333488120926
"31.76 min | 12-Oxo-2,3-dinor-10,15-phytodienoic acid",0.04269921993697792,0.06351138702939635,-0.011508307829924801
"31.76 min | 2,4-Di-tert-butylphenol",0.04197523148461726,0.06391202177979871,-0.00826788542153733
31.79 min | Glycyrrhetinic acid,-0.008172729763124416,0.0011892080060037415,0.04393173770617358
31.95 min | ISOPALMITIC ACID,0.030089129950937876,-0.036687570950118396,-0.00918251012773049
31.96 min | [2-(hexadecanoyloxy)-3-[octadec-11-enoyloxy]propoxy]({[2.3.4.5.6-pentahydroxycyclohexyl]oxy})phosphinic acid,-0.022752280289736294,0.006035871901984143,-0.010722003496817172
"31.99 min | cis-9,10-Epoxystearic acid",0.020044175822115533,-0.008855901589608875,0.0014460164608393199
32.04 min | Maslinic acid,-0.005279446209864827,0.007057285126361079,0.037921370827796966
32.06 min | maslinic acid (3-O-trans-p-Coumaroyl-),-0.002806272231119811,0.004058151107920049,0.0231258026727232
"32.09 min | (2S,3S,4S,5R)-6-[2-(3,4-Dihydroxyphenyl)-7-hydroxy-4-oxo-3-sulfooxychromen-5-yl]oxy-3,4,5-trihydroxyoxane-2-carboxylic acid",-0.00321038934386171,0.00718689240527878,0.001035888221269042
32.28 min | 2-Hydroxymyristic acid,0.043691539224449114,0.0673894986947376,-0.013131873376097336
32.3 min | [2-(hexadecanoyloxy)-3-[octadec-11-enoyloxy]propoxy]({[2.3.4.5.6-pentahydroxycyclohexyl]oxy})phosphinic acid,-0.011451261908359796,0.029134159800410758,6.693826334250929e-06
32.31 min | Maslinic acid,-0.005513400813063056,0.007453352177876156,0.04054594493260719
"32.39 min | cis-9,10-Epoxystearic acid",0.04441940992010053,0.0684521409226667,-0.012616333280497462
32.42 min | Protobassic acid,-0.004975230316758723,0.006963964888568691,0.022159979187706024
32.44 min | 3alpha-O-trans-Feruloyl-2alpha-hydroxy-12-ursen-28-oic acid,0.027643504300700707,0.04618104779769405,0.010157023328675848
32.57 min | 2alpha-Hydroxypyracrenic acid,-0.004319108375582492,0.0024625338979464453,0.02557745626359184
32.79 min | [2-(hexadecanoyloxy)-3-[octadec-11-enoyloxy]propoxy]({[2.3.4.5.6-pentahydroxycyclohexyl]oxy})phosphinic acid,-0.01617327052409847,0.016718749274709746,-0.00645723466978959
"32.8 min | 2,4-Di-tert-butylphenol",-0.014024471788843008,-0.02633072462593217,-0.011334806125419946
32.87 min | Ganoderic acid DM,-0.010377710656910238,-0.0015104816552410697,0.006592654247881854
32.94 min | 2-Hydroxyhexadecanoic acid,0.04415106422766364,0.0642664671411924,-0.00896640871494711
"32.99 min | (2S,3S,4S,5R)-6-[2-(3,4-Dihydroxyphenyl)-7-hydroxy-4-oxo-3-sulfooxychromen-5-yl]oxy-3,4,5-trihydroxyoxane-2-carboxylic acid",0.000325509442748706,-0.006171767118681327,0.004030045101438902
"33.05 min | 9-hydroxy-10,12-octadecadienoic acid",0.040826949537952156,0.06699822583650852,-0.007245590774509798
33.08 min | 3-Oxohexadecanoic acid,0.045417528702314094,0.06583006351801582,-0.011771823429949414
33.09 min | Polyglycerol esters of fatty acids,0.00034860196439958876,-0.01011631153100824,-0.00597211678489737
33.13 min | 10-Hydroxymyristic acid methyl ester,0.0462376282049218,0.0628979966603013,-0.013268345155280836
33.16 min | Corosolic acid,-0.004191947484130761,0.006226588013889271,0.013362423934874698
33.18 min | 12-Hydroxyoctadecanoic acid,0.04242930846413375,0.06286454742584922,-0.010081866607389942
33.25 min | Dodecanoic acid,0.0451629923729149,0.06396047625747299,-0.012860918313444714
33.57 min | 12-Hydroxyoctadecanoic acid,0.04480696329710969,0.06719032202882429,-0.01265440000615197
33.58 min | maslinic acid (3-O-trans-p-Coumaroyl-),-0.0052837310230361536,0.0037951789505135222,0.03530076886127626
"33.59 min | cis-9,10-Epoxystearic acid",0.02964594426427209,0.044246262783375026,-0.009304692859188479
33.63 min | Glycyrrhetinic acid,-0.005637920698825567,0.00719658609644901,0.021008367970252875
33.66 min | maslinic acid (3-O-trans-p-Coumaroyl-),-0.004361810769618251,0.002599103073459093,0.02609828973955628
33.72 min | 3-Oxooctadecanoic acid,0.026153689998436588,0.0400342107613734,-0.008443884425287646
33.74 min | Oleic acid,-0.010516671990747588,0.02734993811367786,-0.02341022977116216
33.87 min | 3-Oxohexadecanoic acid,0.004745173614117462,0.017546869584607414,-0.003675373445707325
33.9 min | 10-Hydroxymyristic acid methyl ester,0.03421911151227656,0.06457957120103533,-0.017035093506557252
33.95 min | 6-[Ethyl-(3-isobutoxy-4-isopropylphenyl)amino]nicotinic acid,0.044816410664532465,0.06714608209964444,-0.013464540839552012
"33.97 min | cis-9,10-Epoxystearic acid",0.045343126202876116,0.06776103195833788,-0.0128200654760767
33.98 min | (2s)-2-[[(2s)-2-Acetamido-5-[[n-(Methylcarbamoyl)carbamimidoyl]amino]pentanoyl]-Methyl-Amino]-3-Phenyl-Propanoic Acid,0.03914954456381844,0.061838354190953765,-0.0006715181278506933
34.0 min | N-Undecylbenzenesulfonic acid,0.003650082589092233,-0.01074143507652034,-0.008334752697053579
34.03 min | 5-Tetradecenoic acid,0.04529023923935253,0.06720615328983695,-0.010045923798281287
34.17 min | Maslinic acid,-0.004410283145454707,0.0033025194182372593,0.05054556048931691
34.18 min | 3-Oxohexadecanoic acid,-0.0003960938983040707,0.005636802729687438,0.001350860444605936
"34.21 min | cis-9,10-Epoxystearic acid",0.041703748297521506,0.061484937604364506,-0.014638524725881648
34.22 min | 10-Hydroxymyristic acid methyl ester,0.004364398880153796,0.012758405381210836,0.03411477831863276
34.22 min | Glycyrrhetinic acid,-0.00956444363915218,0.0027644666026646987,0.01985464442403406
34.24 min | Polyglycerol esters of fatty acids,0.013888593429938884,0.02078264582631865,0.010152058599938455
34.3 min | Sativic acid,0.014324301022975853,-0.006366992864564995,-0.016401288122306533
34.43 min | 2-amino-3-[hydroxy-[2-hydroxy-3-[octadec-9-enoyl]oxypropoxy]phosphoryl]oxypropanoic acid,0.016489153616054564,-0.0017329978726657294,-0.004054361986582204
34.49 min | Humulinic acid A,-0.0054661039873424985,0.0003063205767102137,0.002781844152598716
34.62 min | 16-Hydroxyhexadecanoic acid,0.045668717633192815,0.06753873725573296,-0.012341584040826924
34.65 min | 3-hydroxypristanic acid,0.043085143103283964,0.06461391220595179,-0.010436724950606428
"34.76 min | 9-hydroxy-10,12-octadecadienoic acid",0.04280842186848054,0.06414149529108314,-0.013582308151497987
34.78 min | Tetracosahexaenoic acid,-0.022601372280240374,0.004102884046658224,-0.023059370847616542
34.83 min | alpha-Linolenic acid,0.0006163660550782328,0.015970880887596323,0.0027103912040801993
34.88 min | Humulinic acid A,0.01349818508391057,-0.018744675661628313,-0.008149135438787475
35.0 min | 3-Oxohexadecanoic acid,0.04029396043988901,0.06092472881915715,-0.012353867960655995
35.03 min | Oleanolic acid,-0.021266223378374274,0.010107521167243975,0.00813854857435153
"35.07 min | cis-9,10-Epoxystearic acid",0.04581035214604397,0.0671739139875689,-0.012924770471012198
35.14 min | maslinic acid (3-O-trans-p-Coumaroyl-),-0.0040905706627493285,0.00197676073708938,0.02885730105247801
35.44 min | 2-Hydroxyhexadecanoic acid,0.0008307964312137228,0.013142451710927584,-0.008395248407472659
35.58 min | Protobassic acid,-0.012176485647446934,-0.0024128624063552632,0.02079393227735839
35.59 min | Myristic acid,0.04604705777806928,0.06670469762722551,-0.013059178542080175
35.64 min | Lucidenic acid K,0.04148124137275227,0.06360210465781915,-0.012359411380613545
35.74 min | Oleanolic acid,-0.029692017302528833,0.0025687267285665104,-0.005472860492473998
35.79 min | Arachidonic acid,0.022495718185856745,0.04471325248491914,0.01356568560966705
35.8 min | 3-Oxooctadecanoic acid,0.04663496090976579,0.06590703622517044,-0.012196538554675795
35.82 min | maslinic acid (3-O-trans-p-Coumaroyl-),-0.005205089924103847,0.0018534699730422385,0.03352330128256657
35.85 min | Thelephoric acid,-0.0017312267302493668,0.001793187570670067,0.005735779945880178
35.91 min | Lucidenic acid K,0.03880757024408277,0.06253722663879689,-0.01832421623282987
36.18 min | Linoleic acid,-0.00555981357804627,-0.004752360472111555,-0.009448732103017424
36.37 min | Linoleic acid,0.030385962511960286,0.05747859716985722,-0.013461577430075259
36.39 min | Orotidylic acid,-0.012665893180101114,0.0029470707282433397,-0.01655762590900183
36.41 min | Fasciculic acid A,-0.0035548620751671423,0.005055963918157192,0.026125240661734533
36.43 min | Palmitic acid,0.008414502960212332,-0.02432657422368765,-0.006375384984530469
36.56 min | N-Undecylbenzenesulfonic acid,0.013499678622304976,-0.019692709748694075,-0.003839395357332036
36.59 min | Cerebronic acid,-0.006817776292583357,-0.004816380829928323,-0.0009832268440485995
36.97 min | Palmitic acid,0.03562654814426527,-0.013334047512332753,-0.017438643926936632
36.98 min | Pentadecanoic acid,0.043036030892396646,0.056660620512573465,3.66947129286336e-06
37.02 min | beta-Elemonic acid,-0.012004183100478228,-0.0021720354914753354,-0.006959676418704779
37.09 min | Thelephoric acid,0.012966645031790418,-0.0008481066995375655,-0.008384956364952437
37.19 min | Sanguisorbic acid dilactone,0.006173888675914078,-0.0013620443032174461,-0.006989156797643157
37.27 min | 2-Hydroxy-22-methyltetracosanoic acid,-0.0016732788278126982,0.002125239234640979,0.02737593935792181
37.28 min | Cyclohexaneundecanoic acid,0.04555665806442699,0.05881615820308175,-0.010972821970195
37.31 min | 3-Oxohexadecanoic acid,0.04303009747524905,0.06790233915776675,-0.010287421299098312
37.33 min | 2(R)-hydroxydocosanoic acid,0.008322449036581718,-0.01488513918237528,0.0016690433784123763
37.37 min | (R)-3-Hydroxy-Octadecanoic acid,0.04622631783714083,0.06720079662915567,-0.011050029847054102
37.49 min | 2-Hydroxy-22-methyltetracosanoic acid,0.0003097159575614578,0.010228201349777232,0.05603418275949164
37.61 min | Cerebronic acid,-0.001957754375958132,-0.001540632692047426,-0.0033692931228549547
37.63 min | Lucidenic acid K,-0.00032882721217053447,0.01914952268947968,-0.017985601052061262
"37.65 min | 9-hydroxy-10,12-octadecadienoic acid",0.043706571463032626,0.06535385564522238,-0.011651318405615209
37.74 min | 2(R)-hydroxydocosanoic acid,0.02329011874594352,0.033114063593937065,0.0038015149016410585
"38.15 min | Benzene-1,2,3-tricarboxylic acid",-0.0033352930153098966,0.007264265872496838,-0.004271571444333751
38.22 min | Dehydrochorismic acid,-0.007001420852504226,-0.0029704967699387,0.004698920950318271
38.22 min | 2-Phosphonopropionic acid,-0.018481675056176847,-0.011980333977590914,-0.01966386221685097
38.23 min | Palmitic Acid,-0.009226486513597103,-0.0033109655606732512,-0.009512589759168704
38.3 min | (2R)-2-Acetamido-3-[[(2R)-2-acetamido-2-carboxyethyl]disulfanyl]propanoic acid,-0.013320554748034634,-0.010916936207859627,0.0020553119135934207
38.33 min | Benzoylmalic acid,-0.008462922244086611,-0.007659467622729946,0.000702934541682493
38.44 min | (R)-2-hydroxystearic acid,0.004137806721988923,0.03494510456248516,0.009450662762698443
38.44 min | Oleic acid,0.004109789016975893,-0.0031683418875209867,-0.009398575630197489
"38.51 min | Benzene-1,2,3-tricarboxylic acid",0.007544630749253421,-0.0009041217812932559,0.008660276754313734
38.55 min | 2(R)-hydroxydocosanoic acid,0.011378828851394346,0.003127423012856491,0.0536466903211201
38.55 min | Ranelic acid,-0.005636589807371011,0.012343637739991984,-0.0025104234381741353
"38.56 min | (2R)-2-{(1R)-2-Oxo-1-[(2-thienylacetyl)amino]ethyl}-5,6-dihydro-2H-1,3-thiazine-4-carboxylic acid",-0.006378272090175882,0.008050823840047077,-0.003081292652018247
38.56 min | Bismuth Subsalicylate,0.010684595444624677,0.0015472182688479965,-0.0030642227439073846
38.59 min | Lucidenic acid K,0.03679559259096711,0.057205009967210015,-0.0052943183350171235
38.59 min | 5-((7-(Benzyloxy)quinazolin-4-yl)amino)-4-fluoro-2-methylphenol,0.0071685851815897535,-0.007795758115001035,-0.010109111884167236
38.6 min | Palmitic Acid,0.046856717896615274,0.0601986331619068,-0.013201526247194131
38.61 min | 2-[(4-Benzamidophenyl)sulfonylamino]acetic acid,0.014762463905931715,0.01400907240673916,-0.004312541893001888
38.61 min | 2-Phosphonopropionic acid,-0.009197605553932552,-0.017848944946639238,-0.023645125594059832
38.62 min | (R)-5-Diphosphomevalonic acid,0.0003662522837828961,-0.010425552496762486,0.0013931177131341966
38.64 min | Orotidylic acid,0.019797205733717634,-0.0015654578538112373,0.011114514723669689
38.65 min | 3-Furoic acid.mol,0.0015395200533451017,-0.02814369595302007,-0.02521048778030785
38.66 min | 2-Amino-4-[(2-amino-2-carboxyethyl)disulfanyl]butanoic acid,0.0016217482482674352,0.009572698475210263,-0.002005124051043362
38.68 min | Gallagic acid,0.01583429002126964,0.010769762349024917,-0.016362322181788975
38.68 min | Polyglycerol esters of fatty acids,-0.007123601121292976,-0.005306784148872879,-0.011962580889033155
38.78 min | Oleic acid,0.04639508163977905,0.06691838580282486,-0.012951854140558314
38.9 min | (R)-5-Diphosphomevalonic acid,0.012311478141106716,0.026430339353520373,-0.010048046178540614
38.91 min | Polyglycerol esters of fatty acids,-0.0004901306546249079,-0.006124022782588806,-0.003839202396422462
38.98 min | Dehydrochorismic acid,0.014055561025189149,0.02935081136508405,0.004569014992830592
39.03 min | N-Undecylbenzenesulfonic acid,-0.0055322094960962385,-0.0028281252262200222,-0.008227492444644893
39.05 min | Polyglycerol esters of fatty acids,0.003671496999547528,-0.0018798505426804153,0.04316154548168658
39.08 min | Polyglycerol esters of fatty acids,0.02630836853803263,-0.024973861568822302,0.002869779815210114
39.08 min | Ganoderic acid Mi,-0.026117462801118166,0.00553598480437102,-0.016222777031508213
39.1 min | Tsugaric acid A,-0.026503624313031195,0.005202271651258816,-0.014681806080889658
39.12 min | Gallagic acid,-0.0016542202200902365,0.007912265815279844,-0.011595052841414053
39.18 min | 2-Oxo-3-hydroxy-4-phosphobutanoic acid,-0.0030977833843537474,0.000904320625136549,0.012528215344211566
39.23 min | Benzoylmalic acid,-0.0025212644323445205,-0.0069995056653542964,-0.007865882873735719
39.29 min | (R)-5-Diphosphomevalonic acid,-0.008428342167551311,-0.007705783000267828,-0.001696497463377057
39.31 min | Bismuth Subsalicylate,0.0006666688593556174,0.01552697714530836,-0.013278039607939506
"39.44 min | Benzene-1,2,3-tricarboxylic acid",-0.008843746139712658,0.0002796054125815506,0.0008500236185979481
"39.47 min | (2R)-2-{(1R)-2-Oxo-1-[(2-thienylacetyl)amino]ethyl}-5,6-dihydro-2H-1,3-thiazine-4-carboxylic acid",0.010463514093915945,-0.0034980540772092026,0.009836572952813885
39.49 min | Cerebronic acid,0.0007492972471494016,0.00849275008675339,0.04655729194762333
39.54 min | Polyglycerol esters of fatty acids,-0.009486585162364466,-0.0005204055301611868,-0.007897553612718794
39.65 min | Gossypetin 8-glucoside 3-sulfate,-0.0013776167992782438,-0.0019384307286160977,-0.002838072905269438
39.67 min | Bismuth Subsalicylate,-0.005794281216891087,-0.0022726731191804518,-0.004378185197843067
39.7 min | 2-Amino-4-[(2-amino-2-carboxyethyl)disulfanyl]butanoic acid,-0.008857780850845876,-0.003425248969397721,-0.007718195417140591
39.7 min | Dehydrochorismic acid,-0.026017517536583268,0.005569736634990386,-0.0037864006664391934
39.71 min | 2-Phosphonopropionic acid,-0.009908172167895326,-0.017350023381237624,-0.023015566308916803
39.72 min | 2-[(4-Benzamidophenyl)sulfonylamino]acetic acid,-0.015016705970417715,-0.0137743151548437,0.012387755189140034
39.72 min | (R)-5-Diphosphomevalonic acid,0.000824585105609261,-0.019611405344392097,-0.003425215466058252
39.74 min | Orotidylic acid,-0.000277154384233644,-0.007604999697476447,-0.00875597151856682
39.74 min | uric acid citrate,-0.025251482655858384,0.00014942904188005023,0.0017699781568201315
"39.8 min | (2R)-2-{(1R)-2-Oxo-1-[(2-thienylacetyl)amino]ethyl}-5,6-dihydro-2H-1,3-thiazine-4-carboxylic acid",-0.01131435870118109,0.0007510357465365237,-0.01326745223450086
39.87 min | Polyglycerol esters of fatty acids,-0.015872351718845018,-0.00018130461428859547,-0.0074661589142995255
39.92 min | Thelephoric acid,0.0045722962959141985,-0.015829021281207518,-0.005471279215055288
39.94 min | Bismuth Subsalicylate,0.017708154945313172,-0.004602726686488766,0.011446179041106695
39.97 min | (R)-5-Diphosphomevalonic acid,-0.01456769218525096,0.0017335387300385328,0.00024754225719460254
40.04 min | 2-Amino-4-[(2-amino-2-carboxyethyl)disulfanyl]butanoic acid,0.008065051878357802,-0.014899407412883254,-0.0026720285969153283
40.08 min | Polyglycerol esters of fatty acids,-0.014110753076597319,0.0020907130646305137,-0.00028732221573797296
"40.08 min | Propanoic acid, 3-((((2-(1,1-dimethylethyl)-5-methoxy-6-benzothiazolyl)amino)thioxomethyl)thio)-",-0.007522551444391136,0.002223301901032524,0.013691117118391754
