Feature_Label,PC1,PC2,PC3
2.51 min | 2-Hydroxyadipic acid,0.03207670023043972,-0.010694241630112076,-0.013418087891213739
2.51 min | Keto-3-deoxy-D-manno-octulosonic acid,0.005979247257943755,-0.016457319806956083,0.0036145952371981656
2.52 min | Citric acid,-0.0035060784069926155,-0.010054252552988668,-0.014632441825192515
2.52 min | D-Glucuronic acid,0.028117399227223658,-0.04481425106685374,0.014841292405549598
2.52 min | D-(-)-quinic acid,0.043527652904463116,-0.034967104388380826,-0.02459534602005387
2.52 min | Glutaconic acid,0.020580711049348575,-0.044601242994983824,-0.024288904677984745
2.52 min | Citric acid,0.015468349284223037,-0.03931436649356845,-0.022118966498735758
2.52 min | Tartaric acid,0.007095492139010049,-0.032733968797649796,0.042133948756995325
2.52 min | Nb-trans-Feruloylserotonin glucoside,0.02541287275332534,-0.00793020897278915,-0.011109017617349122
2.53 min | cis-Aconitic acid.mol,0.027420535650813278,-0.032868571866202234,-0.018552867508096205
2.53 min | Galactonic acid,0.04430260006789628,-0.040170268839675324,-0.027797365393610645
2.53 min | Ureidopropionic acid,-0.0027755738403456246,-0.021718213709498595,-0.007306488044825742
2.54 min | Arabinonic acid,0.008997706121532355,-0.03994257799334959,-0.04961353263999256
"2.54 min | 2,3,4,5,6,7-Hexahydroxyheptanoic acid",0.04056757867208989,-0.015893470291073426,0.0028272251911344677
2.55 min | L-Glutamic acid,-0.03151097903275552,0.021585052647054247,0.018570423747920013
2.57 min | Ascorbalamic acid,-0.022948006363718944,0.01143720186704423,-0.01782558192860913
2.58 min | L-2-Amino-4-methylenepentanedioic acid,-0.027514502952412697,0.0070963670482344955,-0.018361972191902283
"2.59 min | 4',5,6-Trimethylscutellarein 7-glucoside",-0.00915682735428887,0.003163040998392126,-0.014998488473476262
2.71 min | 3-Hydroxy-3-carboxymethyl-adipic acid,0.03597097657006264,-0.029971410965854973,-0.026538932031932323
2.71 min | L-Malic acid.mol,0.00936009390101529,-0.006873883962155276,0.01633938385260793
2.74 min | Shikimic acid,0.03769476921885293,-0.03488379836885604,-0.02137078476638553
2.76 min | Caftaric acid,0.013756392261700195,-0.023945255018149904,-0.017217258384362943
2.78 min | Nb-trans-Feruloylserotonin glucoside,0.025360461733910527,0.008382956136211806,-0.012775471959565562
2.82 min | l-ascorbic acid,0.014958547432761508,-0.025825780427510544,-0.015701821261787024
2.91 min | ISOPALMITIC ACID,-0.01814313104216039,-0.01747996753120253,0.06598015112395189
2.92 min | Stearic acid,-0.02102015505808393,-0.017692178121520023,0.07281893257781653
2.94 min | Pipecolic acid,-0.024625198550906394,0.015895682921672056,0.007526042761190025
2.96 min | 3-Hydroxyhippuric acid sulfate,-0.013550232762444134,0.003076902466901915,0.017874566207370702
2.97 min | 2-Keto-6-aminocaproic acid.mol,0.024934659096896808,-0.0344315108691845,-0.029221645595257358
3.0 min | N-Acetylglutamic acid,0.012578869741142376,-0.020859348799387698,-0.01653440300330543
3.03 min | 2-[[(1R)-2-[Bis(carboxymethyl)amino]cyclohexyl]-[(2S)-2-[bis(carboxymethyl)amino]-3-(4-isothiocyanatophenyl)propyl]amino]acetic acid,0.012804658433014425,-0.0056459211097513685,-0.01825621663558702
3.03 min | 2-Methylcitric acid,-0.002889860586659904,-0.002493891702237166,-0.041982526224314594
3.04 min | Ascorbic acid,0.009572181358521635,-0.03092011215071783,0.030673609794753524
3.05 min | N-Formyl-L-glutamic acid,0.035991997310579546,-0.023172572964842875,-0.009943705060080162
3.05 min | 4-O-Methylglucuronic acid,0.018000931401768727,-0.04237629956309225,0.021609253304888505
3.05 min | (Z)-3-(1-Formyl-1-propenyl)pentanedioic acid,-0.003508600969240061,0.0019417431831223997,-0.0485937176968097
3.07 min | 3-Methyluric acid,-0.007915849321214403,0.00036569820809651405,-0.013761154167641577
3.08 min | Uric acid,0.003488408293182124,-0.007155684893472798,0.008541903167479116
3.08 min | DEHYDROASCORBIC ACID,0.0164353453020208,-0.03606998240994776,-0.026320162999399942
3.13 min | Lycoperdic acid,-0.014192548740460964,0.010179387085151396,-0.016871678523271993
3.13 min | 2-Methylcitric acid,0.023588225249580236,-0.03508427751300168,-0.01474465684131005
3.19 min | 3-Oxalomalic acid,-0.020360663930472735,-0.0044097836836916445,-0.03057245354238327
3.2 min | Daucic acid,-0.030195785684855366,0.004203256560881757,-0.02709433422445383
3.23 min | Aminoadipic acid,0.0049693685368959305,-0.03649062349585404,-0.028993230156898087
3.24 min | Formiminoglutamic acid,-0.014141258968517853,0.019345250295423017,-0.007783072060981568
"3.28 min | 2,3-dihydroxy-Valeric acid.mol",-0.0014029592879595322,-0.023201767799406175,0.029358616871308783
3.29 min | Apigenin 6-C-arabinosyl-8-C-glucoside,0.03537101801915635,0.00024192426744417244,-0.02377004949318784
3.34 min | CITRIC ACID,-0.0038990415833808118,-0.008565480059807916,-0.010588813700314044
3.34 min | 3-Methyluric acid,-0.014891787202274584,0.0013863428162021712,-0.026172535627699865
3.34 min | 4'-Methylepicatechin 3'-sulfate,-0.009265420788954419,-0.0032436855695370023,-0.005032442895394489
3.34 min | 2-Hydroxy-2-methyl-butanedioic acid.mol,-0.007822957005387307,-0.01272604612412866,0.003387408029025895
3.35 min | Glutaconic acid,-0.0015099974432342283,-0.00763663722822735,-0.016619244518610972
3.36 min | Pyrroline hydroxycarboxylic acid,-0.017455496649909835,-0.0026808979843507092,0.02227279947713783
3.45 min | Gallocatechin-(4alpha->8)-gallocatechin-(4alpha->8)-gallocatechin,0.008241051352593266,-0.03063306403261532,0.029834740630284316
3.52 min | Keto-3-deoxy-D-manno-octulosonic acid,-0.027621636607145977,0.020823095818641016,0.029712605369062055
3.53 min | 2-Methylcitric acid,-0.030936152280653276,0.01635381055280851,0.02504483415408846
3.6 min | Glutamic acid glutamate,0.01327241567316298,-0.02978918031645178,-0.05311719486102748
3.62 min | Palmitic acid,-0.018277768926450996,-0.015497430010098982,0.06157253549802092
3.64 min | Stearic acid,-0.021504367733269324,-0.011386246165501764,0.06480300370512118
"3.69 min | 2-[(3S)-3-[[(2S)-1-(Carboxymethoxy)-1-oxo-4-phenylbutan-2-yl]amino]-2-oxo-4,5-dihydro-3H-1-benzazepin-1-yl]acetic acid",0.021371322859083615,-0.04206486326414021,-0.0031307608911665813
3.74 min | 4-(Phenylamino)benzoic acid,-0.0009614238257320824,-0.0027872411077715107,-0.016798274688882654
3.8 min | Methylmalonic acid,-0.0029733743133516116,-0.019106617205422425,0.0025639944214895668
3.89 min | 3-Dehydroquinic acid,0.022290110510860675,-0.0333879182957107,-0.013003870849386463
4.0 min | Palmitic acid,-0.016488046046503543,-0.014953841034546904,0.06027999770413064
4.01 min | 2-O-Galloylgalactaric acid,0.006572744902309671,-0.015505107208565372,-0.014501099648856201
4.05 min | Stearic acid,-0.021482563651569787,-0.016656469545083784,0.07323971043574598
4.07 min | D-Glucuronic acid 1-phosphate,0.015843888272131658,-0.012811948924064882,-0.007876003553447971
4.08 min | Methylmalonic acid,-0.013154945102827253,0.005505625021431868,0.02654880546423902
4.09 min | Imidazoleacetic acid ribotide,0.0018911430794514093,-0.022124730199303052,-0.057609525956408704
4.18 min | Caryoptosidic acid,-0.0007961956389447966,-0.0055748870655109245,-0.03360304846111884
4.19 min | 2-Hydroxy-2-methyl-butanedioic acid.mol,0.014730841356237773,-0.037844654210263784,0.025884374446008634
4.2 min | Fumaric acid,0.006852073835728986,-0.02804555837968232,0.036794878865312235
"4.2 min | (5R,6S)-3-(2-Carbamoyloxyethylsulfanyl)-6-(1-hydroxyethyl)-7-oxo-4-thia-1-azabicyclo[3.2.0]hept-2-ene-2-carboxylic acid",0.012497923807408436,-0.0314239083094458,-0.024123169029255462
4.25 min | Palmitic acid,-0.015561519702269726,-0.01271353820996213,0.04703954795679764
4.29 min | 2-Hydroxyadipic acid,-0.02317605016232198,0.011331413078753062,0.0021413287531320806
4.39 min | Neuraminic acid.mol,-0.011026729382774736,-0.00011048184496604262,-0.05282408069185416
4.39 min | Stearic acid,-0.02122391572909575,-0.017342817338246715,0.07076693383504222
4.41 min | 2-O-p-Coumaroylhydroxycitric acid,0.06962392709072708,0.022566349229386388,0.01194544846155439
4.44 min | Palmitic acid,-0.016056830029147866,-0.017885711600674724,0.06138141158838542
4.46 min | Allantoic acid,0.06138307918157746,0.006936015781384659,0.0010084659202093873
4.46 min | Fukiic acid,0.06375426838276121,0.0004148709843183681,0.0036773747444835817
4.53 min | Luteolin 7-O-(6''-O-malonyl)-beta-D-diglucoside,0.020158275426998083,0.020190756333882745,-0.0067695653591076654
4.7 min | Stearic acid,-0.020546155624184947,-0.012955038013158738,0.06704831456140999
4.74 min | Palmitic acid,-0.017366161708269285,-0.01344231693304437,0.056584823728798084
4.77 min | 2-Hydroxyadipic acid,-0.017998184492592544,-0.01192396303060677,-0.012789465197838502
5.0 min | [Gallocatechin(4alpha->8)]2catechin,0.015298069437669199,-0.03518729928236826,0.047129497332554116
5.02 min | Stearic acid,-0.02191713815871515,-0.012824891764062112,0.06680674064160158
5.02 min | Palmitic acid,-0.01773527355389005,-0.017805177200784915,0.06257351470637208
5.23 min | Palmitic acid,-0.01613345509307791,-0.012781228226000701,0.05533883030855106
"5.31 min | 1H-Indole-3-carboxylic acid, 1-methyl-, (1-(2-((methylsulfonyl)amino)ethyl)-4-piperidinyl)methyl ester",-0.0006353655090842469,0.003933149884982333,-0.005820074763499866
5.34 min | Quercetin 3-arabinoside 7-glucoside,0.017399936915866086,-0.03380013843058279,0.03769284589921924
"5.36 min | Myricetin 3,3'-digalactoside",0.014748493129840709,-0.02884184972259353,0.028699501992945596
5.37 min | Stearic acid,-0.01995613134622393,-0.016720994349154153,0.06616532403004048
5.43 min | Palmitic acid,-0.01654383450499678,-0.01794971132365864,0.060398107775828165
5.56 min | Gallic acid hexoside,0.025804213092870208,0.014838530843771208,0.007026800404727255
5.65 min | Stearic acid,-0.019845485334969052,-0.0164664343517836,0.06716489970383
5.68 min | Palmitic acid,-0.017819550091599558,-0.017459753983005397,0.0645700224746094
5.88 min | Stearic acid,-0.020876936821713366,-0.010688515001069975,0.06135923674584859
5.89 min | Palmitic acid,-0.012515005649606255,-0.003021644913196154,0.029776234010737836
5.93 min | Oxoadipic acid.mol,0.021738799848690978,-0.025345961458654923,-0.03603765604702525
5.97 min | GALLIC ACID,0.02688128381026982,0.025674952608921147,-0.009334274882655187
5.98 min | Larixinic Acid,0.027607317037025517,0.024349673896849194,-0.006096003308345163
6.03 min | Palmitic acid,-0.01550311329882729,-0.018790459707732247,0.06137561371596518
6.12 min | Stearic acid,-0.021073519414146365,-0.017284591682794018,0.07068055289085531
6.26 min | Palmitic acid,-0.016808462361150783,-0.01607095259876323,0.059539541568048984
6.27 min | Methylenediphosphonic acid,-0.011456583327566279,0.017273594782877207,0.00942258069556735
6.38 min | Stearic acid,-0.0212224069683724,-0.014141338117714267,0.0705329895344508
6.59 min | Palmitic acid,-0.017450832862680912,-0.015571738187973637,0.06320135223658743
6.6 min | Stearic acid,-0.020195006052797188,-0.011952136593595515,0.06295231677332774
6.65 min | Methylenediphosphonic acid,-0.014258474402097661,0.0183533908822244,-0.012426759716771686
6.84 min | Stearic acid,-0.017104687294917424,-0.011677118466585874,0.06483898199635825
6.86 min | Palmitic acid,-0.016109418393086588,-0.01421813950590535,0.062296079404975224
7.07 min | Stearic acid,-0.019096711592031183,-0.0161420792413846,0.06723853451606271
7.11 min | Palmitic acid,-0.015326042674417709,-0.017236466731311594,0.06244845074365287
7.36 min | Palmitic acid,-0.016089448036445735,-0.015205320351012705,0.05520728677457015
7.39 min | Stearic acid,-0.020211793179729837,-0.01270147186294842,0.06263904481724054
7.59 min | Palmitic acid,-0.01635082864899224,-0.018239341599446953,0.06249425095935172
7.62 min | Stearic acid,-0.01889914228455034,-0.01387742162603591,0.06406851802218291
"7.64 min | Benzo(a)naphthacene-2-carboxylic acid, 5,6,8,13-tetrahydro-8,13-dioxo-3-(2-hydroxypropyl)-7-methoxy-1,6,9,14-tetrahydroxy-",-0.022380671602995436,0.03570876069364426,-0.017735436683996856
7.7 min | (2S)-3-[3-[(4-Carbamimidoylbenzoyl)amino]propanoylamino]-2-[(4-ethylphenyl)sulfonylamino]propanoic acid,-0.01580954704835507,-0.00010881344365151614,0.010200755334662043
"7.84 min | (1RS,2RS)-Guaiacylglycerol 1-glucoside",0.006422865154394019,-0.024071915225039604,0.02325553650170558
7.86 min | Stearic acid,-0.01879580983835606,-0.015081918087583721,0.06509183712671504
7.87 min | (2S)-3-[3-[(4-Carbamimidoylbenzoyl)amino]propanoylamino]-2-[(4-ethylphenyl)sulfonylamino]propanoic acid,-0.022055248423910156,-0.010482454868347778,0.0411140646432122
7.91 min | Dimethyl fukiic acid,-0.009806748204852575,-0.021533880360131756,0.03346760763524114
8.03 min | Palmitic acid,-0.01688972293730889,-0.017788586073442067,0.06300417487053549
8.06 min | Stearic acid,-0.014290214485963824,-0.008895998609809483,0.03969990688999683
8.12 min | Dimethyl fukiic acid,-0.006862767407412758,0.005103899844060557,0.003024957447154122
"8.17 min | (1RS,2RS)-Guaiacylglycerol 1-glucoside",0.01062810297266529,-0.011829527527892738,-0.017392619919331286
8.21 min | Ethylvanillin glucoside,0.013780180414231588,-0.01764598879680124,-0.014047107220265417
"8.22 min | (1RS,2RS)-Guaiacylglycerol 1-glucoside",0.013965036292079019,-0.017695463686149104,-0.012712147812001987
8.27 min | Stearic acid,-0.020909377475934212,-0.016894222360756574,0.07029468508362326
8.28 min | Gallocatechin-(4alpha->8)-catechin-(4alpha->8)-catechin,0.02358480686576021,-0.028271561527202664,0.04993983342913073
8.31 min | (3-{[3-(2-Amino-2-Oxoethyl)-1-Benzyl-2-Ethyl-1h-Indol-5-Yl]oxy}propyl)phosphonic Acid,-0.008175827762245982,0.003504142267154762,-0.018669435111987775
8.39 min | Palmitic acid,-0.01728805878025749,-0.015393845930190001,0.06273716106313257
8.42 min | 3-(5-(4-(1H-Imidazol-1-yl)phenyl)-1-(4-carbamoyl-2-methylphenyl)-1H-pyrrol-2-yl)propanoic acid,-0.011350581379662952,-0.0015382840711589965,-0.01670775622140757
"8.51 min | Benzoic acid + 2O, O-Hex",0.04226246878258457,-0.035339205047472066,0.019031014551570826
8.57 min | Phenolphthalein glucuronide,0.05298465243118195,0.02343960322210246,-0.0012848226366715238
8.62 min | Cinnamic acid,0.005921315730315828,-0.018575023474320974,-0.02705696129901736
8.67 min | Palmitic acid,-0.015170888273298745,-0.013617660416487511,0.04903593282124098
8.71 min | Stearic acid,-0.01952684027155172,-0.011093528148302828,0.05878640681010217
8.74 min | GALLIC ACID,0.053368394736561145,0.030097253878128144,0.005759401912587267
8.76 min | Vanillic acid + O-sulfonateHex,0.018464749460412766,-0.01888084591483881,0.03868549431711515
8.77 min | Allantoic acid,0.054812149671094254,0.02709496840968932,0.004305927453534751
"8.9 min | Epicatechin-(2beta->7,4beta->6)-catechin",0.05458098711353079,0.047965628141795016,0.0045319260365317676
"8.92 min | 4-Hydroxy-5-(3',4'-dihydroxyphenyl)-valeric acid-O-methyl-O-glucuronide",-0.031043609080370665,0.04903316943395165,0.012784351989490305
"8.92 min | (2S)-2-[[4-[(2,4-Diaminopteridin-6-yl)methyl]-2,3-dihydro-1,4-benzothiazine-7-carbonyl]amino]hexanedioic acid",-0.030205788285187413,0.04662603536567039,-0.00032074817059348306
8.96 min | (3-{[3-(2-Amino-2-Oxoethyl)-1-Benzyl-2-Ethyl-1h-Indol-5-Yl]oxy}propyl)phosphonic Acid,-0.0229623045208705,0.025079695333033024,-0.02254696360554751
"8.96 min | 2,3-Butanediol apiosylglucoside",-0.016526788648599255,0.01263523084698736,-0.025390742445557616
8.96 min | Procyanidin trimer C1,0.03551682157022643,0.03863914070692322,0.03569351324050319
9.03 min | Delphinidin 3-glucoside,0.004681755699596602,-0.01920623503872231,-0.005802089450296324
9.05 min | Stearic acid,-0.018218111876448066,-0.013249990657872062,0.05795064081809198
9.07 min | trans-Caffeic acid [apiosyl-(1->6)-glucosyl] ester,-0.004302730959989403,-0.00830056915228086,-0.012121813317649867
9.08 min | Palmitic acid,-0.013660488208128017,-0.014463926771012967,0.05006330122321312
9.15 min | 2-Amino-3-phosphonopropionic acid.mol,0.033164649689644,-0.006995617398804658,-0.009753933879403088
"9.19 min | 4-Hydroxy-5-(3',4',5'-trihydroxyphenyl)-valeric acid-O-methyl-O-glucuronide",-0.0228484823726918,0.009186418488459488,-0.014542803633132512
9.19 min | 4'-O-Methylepicatechin 7-O-glucuronide,-0.01835479841744501,0.00854461937082754,-0.021934093913912097
"9.2 min | Quercetin 4',7-diglucoside",0.05130017947198311,-0.02246414742871808,0.043391571332643854
"9.21 min | (2S)-2-[[4-[(2,4-Diaminopteridin-6-yl)methyl]-2,3-dihydro-1,4-benzothiazine-7-carbonyl]amino]hexanedioic acid",-0.027273905475160027,0.04825464071228503,0.00463393219454238
9.21 min | Epicatechin-(4beta->8)-gallocatechin,0.044021310970410205,-0.027611815196721897,0.04632706037607604
"9.22 min | 4-Hydroxy-5-(3',4'-dihydroxyphenyl)-valeric acid-O-methyl-O-glucuronide",-0.029061930356657308,0.04685606771104501,0.002452781799691404
"9.23 min | 1-(3,4-Dimethoxyphenyl)-1,2-ethanediol 1-O-b-D-glucoside",-0.010641136312065987,0.016726291966220698,0.02147159954907027
"9.25 min | 4-Hydroxy-5-(3',4'-dihydroxyphenyl)-valeric acid-O-methyl-O-glucuronide",-0.02980057060697001,0.04523484361180646,0.010107275285166646
9.29 min | Pavetannin D1,-0.019996060800454192,0.03911826036519695,-0.014229621077946644
9.31 min | Procyanidin trimer C1,0.03490055579606458,0.040399625888011284,-0.004387767059325579
9.4 min | Stearic acid,-0.015941723535619227,-0.016866675882654066,0.05947289865381256
9.41 min | Palmitic acid,-0.014513287653531706,-0.017234184350352243,0.054952287525726465
"9.42 min | 4-Hydroxy-5-(3',4'-dihydroxyphenyl)-valeric acid-O-methyl-O-glucuronide",-0.009777304460056972,0.01249809730077749,-0.004505030856399402
9.49 min | GALLIC ACID,0.043869536398530244,-0.013362816327271645,-0.006809319190498206
9.5 min | Isopropyl apiosylglucoside,-0.0015117815491719653,-0.02045336591199526,-0.03153276678185814
"9.53 min | 4-Hydroxy-5-(3',4'-dihydroxyphenyl)-valeric acid-O-glucuronide",0.0406030136306273,-0.03924103797415199,-0.017778385704590255
"9.54 min | Benzoic acid, 2-[[3-(2-quinolinylmethoxy)phenyl]amino]-",0.06124131488025735,0.004153959396751481,-0.004761469077263832
"9.56 min | (1RS,2RS)-Guaiacylglycerol 1-glucoside",-0.0018089503635337944,-0.02170177272508181,0.02266611684664106
9.57 min | PANTOTHENIC ACID,0.006463477947809591,-0.021733863434705274,-0.04599978446309066
9.58 min | Pavetannin D1,-0.0250167184025126,0.04474980750700835,-0.009322653635766393
9.58 min | 2-[[(1R)-2-[Bis(carboxymethyl)amino]cyclohexyl]-[(2S)-2-[bis(carboxymethyl)amino]-3-(4-isothiocyanatophenyl)propyl]amino]acetic acid,0.032153746158888996,-0.026586730586163555,0.010401953418590152
9.63 min | 3-Methylellagic acid 2-(4-galactosylglucoside),-0.010627365564581718,-0.006451766171847014,0.0377422069038247
9.64 min | 4-Hydroxy-5-(phenyl)-valeric acid-O-sulphate,0.01526966214719648,-0.019764042466849038,-0.011486370736259525
9.64 min | [Gallocatechin(4alpha->8)]2catechin,0.020106679175112302,-0.03549932168726905,0.04614512191859204
9.64 min | Erythronic acid.mol,0.006177455639547583,-0.015026591765615613,-0.009495232159555765
"9.66 min | Propanoic acid, 3-((((2-(1,1-dimethylethyl)-5-methoxy-6-benzothiazolyl)amino)thioxomethyl)thio)-",-0.014643506428605586,-0.013433671799906653,0.04657911332698217
"9.67 min | 3-Methoxy-4,5-methylenedioxybenzoic acid",0.011972673256139653,-0.03174600566980878,-0.03072045400305928
9.7 min | Leucodelphinidin 3-[galactosyl-(1->4)-glucoside],-0.010605711796807478,0.0032988051627894236,0.02135300983639773
9.71 min | Epicatechin-(4beta->8)-gallocatechin,-0.019449067948213543,0.032569681391960176,-0.011440530091614689
9.74 min | Gentisic acid,-0.00975835668901831,-0.008015216664267282,0.015350439246608512
9.76 min | Kaempferol 3-gentiobioside 7-rhamnoside,0.05632518791973572,-0.004803564089841867,-0.0001032371523734542
9.77 min | Furaneol 4-(6-malonylglucoside),-0.009291045721101033,0.0050150330440669084,0.03075521036929732
9.78 min | VANILLIC ACID,-0.009240994373692512,-0.001307628763586068,0.036908998041270964
9.79 min | Quercetin 3-(4''-acetylrhamnoside) 7-rhamnoside,0.03021607871156863,-0.030141334177760395,0.012839960773283724
9.8 min | Gallocatechin-(4alpha->8)-gallocatechin-(4alpha->8)-gallocatechin,0.010339789462591986,-0.028884812988165916,0.022993798828837595
9.8 min | Gallocatechin-(4alpha->8)-gallocatechin-(4alpha->8)-gallocatechin,0.012481601042052114,-0.03396806858824953,0.034330878803393604
9.83 min | Hesperetin 7-glucoside,-0.028139445181062518,0.016267475772550107,0.0038822820670972704
9.83 min | Stearic acid,-0.01765365553860753,-0.018291928890938756,0.06614468558730263
9.85 min | L-Ascorbic acid 2-glucoside,0.050919134327742754,-0.02681393019342082,0.02356704261503109
9.85 min | epigallocatechin,0.04134775899501545,-0.03380856772327925,0.023214677071067287
9.86 min | Ichangin 4-glucoside,0.0012201714203349612,-0.006672870979956219,-0.009017618317393228
9.86 min | Caffeic Acid,0.0418827652194761,-0.03478565423739687,0.022598134046891594
9.86 min | Fertaric acid,0.05438845743451902,-0.004074117238598787,-0.00026995112827101777
"9.86 min | 3,4,5-Trimethoxycinnamic acid",0.042198489584410484,-0.033280702527084795,0.027217596414415634
9.87 min | Lucuminic acid,-0.003155925906682288,0.0028530568532282516,-0.047103841174541396
9.9 min | Palmitic acid,-0.015560396095176577,-0.018129072289943947,0.060001068431931835
9.92 min | Geniposidic acid,0.01282891238887391,-0.020833211074340885,-0.005984182926981999
9.93 min | Ethylvanillin glucoside,-0.0003833855067101002,-0.0023484173812159176,-0.04126775669446598
"10.01 min | 3,4-Dimethoxyphenyl ?-D-glucoside",0.01989563183386681,-0.022815795848617513,0.01634329742454595
10.01 min | Xanthurenate-8-O-beta-D-glucoside,0.032555587626840694,-0.02983056528570468,-0.007041840603159221
10.03 min | (E)-Resveratrol 3-glucoside 4'-sulfate,-0.010011219984557822,-0.00022455818082354602,-0.00927014684073354
10.04 min | Hamamelitannin,0.013430688514029003,-0.02176371657233109,-0.014145403595487977
10.06 min | Epicatechin-(4beta->8)-gallocatechin,0.03528942934410752,-0.02808587006471148,0.04754310470658148
"10.07 min | Quercetin 4',7-diglucoside",0.04123721263128131,-0.023519197408870294,0.04206547846378832
10.07 min | GALLIC ACID,0.05456085752755454,-0.0005593301968635581,0.0007105321316832121
10.08 min | Homovanillic acid sulfate,0.04535914233181408,0.007053151377745965,-0.010953698578095038
10.12 min | (R)-Pantothenic acid 4'-O-b-D-glucoside,-0.02534806312617388,0.023341150230946656,0.018584285211068433
10.13 min | Quercetin-3'-glucuronide,0.02412617842646288,-0.0316149246739398,-0.015039820618477948
10.15 min | Furaneol 4-(6-malonylglucoside),0.06573716660623387,0.011553007983822758,0.006658666231268263
10.16 min | Fertaric acid,0.05248132937452603,-0.007083172518136723,-0.0008665200217605259
10.16 min | Caryoptosidic acid,0.041241230763097776,-0.004581078668327054,0.0010970055165664253
10.22 min | Gentisic acid,-0.024071587031467445,0.03197620124958309,0.02343914098748062
10.23 min | Chicoric acid,0.016963263682182664,-0.024306041217219364,-0.012813448369133312
10.24 min | 3-Carboxylic acid-picumast,-0.02940596373334673,0.03152768865911149,-0.009824455382012534
10.27 min | Dimethyl fukiic acid,0.03105135775896325,-0.024785769977414874,0.049486571586615714
"10.28 min | 4-Hydroxy-5-(3',4',5'-trihydroxyphenyl)-valeric acid-O-methyl-O-glucuronide",-0.004433514632614106,0.021086585458785268,0.009635352942724208
"10.28 min | 3,4-Dimethoxyphenyl ?-D-glucoside",-0.00596993063572669,0.0045942981111119245,0.015461769360613043
10.3 min | Phlorisobutyrophenone 2-glucoside,-0.00735748528600753,0.027823087318896007,-0.015282435567789675
10.38 min | 2-trans-O-Feruloylglucaric acid,-0.0029031951721333192,0.0004473324000646437,-0.04762732546531676
"10.4 min | 2,3-Diaminosalicylic acid",0.0001318505234587647,0.018752570589667155,-0.010669952398652906
10.43 min | Geniposidic acid,0.06268958657440525,0.00882620195983346,0.009396258623545654
10.43 min | 3-[[(2S)-3-(4-Phenylphenyl)-2-(phosphonomethylamino)propanoyl]amino]propanoic acid,0.06368841962929893,0.006491484432447492,0.004496489903901529
10.45 min | Ferulic acid,0.06283364286250845,0.0019810972600862865,0.004022828892624075
"10.46 min | 1-[(4-Amino-3-methylphenyl)methyl]-5-(2,2-diphenylacetyl)-6,7-dihydro-4H-imidazo[4,5-c]pyridine-6-carboxylic acid",-0.012468373392888341,0.025535000563569724,-0.0032923063451391374
10.47 min | (-)-epicatechin-3'-O-glucuronide,0.02673703553106112,0.020985405318010623,0.019689039567319124
10.48 min | Geniposidic acid,0.06394568728965527,0.0030227484571965857,0.005474040081344158
10.49 min | 3-[7-[3-(4-Acetyl-3-hydroxy-2-propylphenoxy)-2-hydroxypropoxy]-4-oxo-8-propylchromen-2-yl]propanoic acid,-0.01321263574731266,0.026301651662772867,-0.00492781947670612
10.5 min | Galactaric acid,-0.01082186574318239,0.03127491408230229,-0.003418664727648132
10.51 min | Stearic acid,-0.01694434735618751,-0.0137242002123112,0.06423763394401531
"10.53 min | Tetrahydro-2,5-furan-diacetic acid",0.019657395106472113,-0.039102184325980005,-0.03868913679299676
10.53 min | Quercetin 3-galactoside,0.04324792424291687,-0.002927830405698197,-0.01101108446612381
10.56 min | Kaempferol 3-sophorotrioside,-0.010539000089658818,-0.015698491154597757,-0.018609504289845202
10.59 min | Xanthurenic Acid,0.011230977078877125,-0.008258751580014781,-0.02199603181385428
10.64 min | Hamamelitannin,0.04213436864656064,-0.030588548629708924,0.0047934718672786505
10.64 min | (E)-Resveratrol 3-glucoside 4'-sulfate,0.03286350190375645,0.027306155178653976,0.010082816792001098
"10.64 min | Benzoic acid, 2-[[3-(2-quinolinylmethoxy)phenyl]amino]-",-0.012425916855268431,0.038148414009221136,0.011447033124372674
"10.65 min | 2-Hydroxy-3,4-Dimethoxybenzoic Acid",-0.0128432574697728,0.03740275889614331,0.01586789635643439
10.67 min | Gallocatechin-(4alpha->8)-gallocatechin-(4alpha->8)-gallocatechin,0.01362416812432746,-0.030649596983512935,0.022825958171389545
10.7 min | Epicatechin-(4beta->8)-gallocatechin,0.03979195104448754,-0.024246532667669057,0.030995050652311035
10.71 min | 2-trans-O-Feruloylglucaric acid,-0.019624786849328977,0.018636955974496834,0.02093377474157899
10.73 min | 8-Hydroxyluteolin 4'-methyl ether 8-glucoside-3'-sulfate,0.009122772502088629,-0.03520500370919078,0.042682966791883034
10.75 min | L-Malic acid.mol,0.03078302646363819,0.030127423311933334,0.014818650229505959
10.75 min | Chenodeoxycholic acid disulfate,-0.007194020553984831,0.025343023745254312,-0.006202040595418524
"10.8 min | 6-(4-carboxy-2-hydroxyphenoxy)-3,4,5-trihydroxyoxane-2-carboxylic acid",0.03548284834575904,0.022484032608433846,0.004109886072553741
10.82 min | Ethyl (S)-3-hydroxybutyrate glucoside,0.025234466849561887,-0.016971275613523892,0.027251195857739382
10.85 min | [Gallocatechin(4alpha->8)]2catechin,0.03138648160970041,-0.0410810811069706,0.041109332995059
10.87 min | [Gallocatechin(4alpha->8)]2catechin,0.026031664392796503,-0.03999326035827378,0.04538607902876994
10.88 min | Palmitic Acid,-0.014627373663566586,-0.015849099153023405,0.05500051561753224
10.89 min | Stearic acid,-0.012377983913238324,-0.01746849481211993,0.04882801064128874
10.9 min | Molludistin 2''-rhamnoside,-0.012061845426055045,-0.007935903872867626,-0.019627377132622498
"10.94 min | (7,8-Dihydro-5-((E)-((a-(3-pyridyl)benzylidene)aminooxy)ethyl)-1-naphthyloxy)acetic acid",-0.01728837971256469,0.02293436070173906,-0.010043147026572764
"10.95 min | LUTEOLIN-3',7-DIGLUCOSIDE",0.006851445283904354,-0.021270051325033377,-0.01738600487815474
"10.95 min | (1RS,2RS)-Guaiacylglycerol 1-glucoside",0.03343417018205344,0.018824131531930705,0.014571741351899639
"10.95 min | 4-Hydroxy-5-(3',4'-dihydroxyphenyl)-valeric acid-O-methyl-O-glucuronide",-0.016640802807912893,0.033831813110643136,-0.008262398642204042
"10.95 min | 3-(4-Hydroxy-3-methoxyphenyl)-1,2-propanediol 2-O-(galloyl-glucoside)",-0.009610462817431744,0.03438511614652041,-0.00941477720072603
10.97 min | Caryoptosidic acid,-0.011544067716504815,-0.011127297519955281,-0.006543923733835999
11.0 min | Cinnamtannin A2,0.0036421518219170662,0.029856581427941037,0.00914890198361376
"11.04 min | Myricetin 3-(3'',4''-diacetylrhamnoside)",-0.02918308746836525,0.012350607626283842,-0.0266535812037669
"11.06 min | 4-Hydroxy-5-(3',4',5'-trihydroxyphenyl)-valeric acid-O-methyl-O-glucuronide",-0.025714693471764374,0.007073547317108486,-0.015842745480513093
11.07 min | Quinic acid,0.034560424006044956,-0.021195006277376027,-0.016912690762163562
11.07 min | Epicatechin-(4beta->8)-gallocatechin,0.048138922980669095,-0.02165130782985934,0.021983936177002287
11.08 min | Caffeic Acid,0.02744616002673399,-0.033929714774332084,-0.027305996885488872
11.1 min | (S)-3-{4-[2-(5-Methyl-2-phenyl-oxazol-4-yl)-ethoxy]-phenyl}-2-propylamino-propionic acid,-0.0014756499349709601,-0.024901408171929686,-0.03648368111008689
11.11 min | Phlorisobutyrophenone 2-glucoside,0.0006908684679190838,-0.021056493907619062,0.01770685371637756
11.11 min | (-)-epicatechin-3'-O-glucuronide,0.02861107843344255,0.038177749286837315,0.01143394081101388
11.13 min | [Gallocatechin(4alpha->8)]2catechin,0.016923152884558854,-0.0350391664040838,0.035564570466351905
11.14 min | Caffeic acid 3-O-glucuronide,-0.003004749478759011,0.0005909068072812514,-0.04904735657216945
11.15 min | Glucocaffeic acid,0.017020465384428533,-0.03531189565110912,-0.03080506434174532
11.15 min | Gallocatechin-(4alpha->8)-gallocatechin-(4alpha->8)-gallocatechin,0.007380282977990488,-0.027262912735204484,0.023294316920018203
11.18 min | Hamamelitannin,0.037121950176435915,0.02535867375273382,0.00756639639358274
11.19 min | (E)-Resveratrol 3-glucoside 4'-sulfate,0.03192244823332216,0.03251851243956332,0.007966396212268466
11.19 min | Ethyl (S)-3-hydroxybutyrate glucoside,0.007213663137015567,-0.028222419476716283,-0.012559240154704564
11.21 min | Cinnamtannin II,-0.016760762455939774,0.04176455526721178,0.021308655191789268
"11.22 min | 2,3-Butanediol glucoside",0.007998758142982799,-0.03476837880131204,-0.031461316632019586
"11.23 min | 4-Hydroxy-5-(3',4'-dihydroxyphenyl)-valeric acid-O-methyl-O-glucuronide",0.06539804148000677,0.01042877249855828,0.01624258076536908
11.24 min | Phenylpyruvic acid,0.03337690371873584,-0.040840299497125546,-0.024493609178095926
11.25 min | Isovitexin 2''-O-[4-hydroxy-(E)-cinnamoyl-(->6)-beta-D-glucopyranosyl] 4'-O-beta-D-glucopyranoside,-0.004888567721178864,-0.007327946943583963,0.014579214823198128
11.26 min | 1-Hexanol arabinosylglucoside,-0.019271938628555564,-0.00882667656456128,0.0035434208453980457
11.26 min | Stearic acid,-0.016231830009224412,-0.011662844616571029,0.054854589967138066
11.28 min | 2-trans-O-Feruloylglucaric acid,-0.004361007856220347,0.003549039110402221,-0.04709788813128745
"11.31 min | 1-(3,4-Dimethoxyphenyl)-1,2-ethanediol 1-O-b-D-glucoside",-0.014474983955736773,0.01513335141162141,0.008549653071193299
"11.33 min | 1-(3,4-Dimethoxyphenyl)-1,2-ethanediol 1-O-b-D-glucoside",-0.012004883977544149,0.02000423374295764,0.0016230988218794732
"11.35 min | (2R,3S)-Piscidic acid",0.035603162046859343,0.023844863669234787,0.003468216098908
11.39 min | Gallocatechin-(4alpha->8)-catechin-(4alpha->8)-catechin,0.0383598795631114,-0.022651667903329738,0.050900096292708995
11.39 min | 5-Hydroxy-6-methoxycoumarin 7-glucoside,-0.0002085807495273582,-0.00013761324181182986,-0.04911216642145356
11.4 min | Caffeic acid 3-O-glucuronide,-0.012107056353558895,0.028002164251209834,0.0036891465587429225
"11.4 min | Epigallocatechin-(4b,8)-epicatechin-3-O-gallate ester",0.039890236591516456,0.03776466283284837,0.008741486390357154
"11.41 min | Benzoic acid + 2O, O-Hex",0.02317679099048865,-0.027962767238971644,-0.025528747736950776
11.44 min | glutamic acid betaine,-0.013641865400319945,0.023343775937481,-0.013285278206821759
"11.47 min | 1-(3,4-Dimethoxyphenyl)-1,2-ethanediol 1-O-b-D-glucoside",0.0064517334566572436,0.007217582169304137,0.01636643918998407
"11.47 min | Benzoic acid + 1O, O-Hex",0.024951352854869404,-0.02172616778284767,0.03621895254039596
11.47 min | Cymorcin diglucoside,0.0487666888482512,-0.011409110003868564,0.014877686246236962
"11.47 min | NCGC00381247-01!3-ethenyl-4-[2-(3,4,5-trihydroxybenzoyl)oxyethyl]-2-[3,4,5-trihydroxy-6-(hydroxymethyl)oxan-2-yl]oxy-3,4-dihydro-2H-pyran-5-carboxylic acid",0.06838681414442596,0.021904614032141213,0.007388159631164807
11.48 min | Galactaric acid,-0.010483434197050613,0.030064553273490648,-0.005475230728622318
11.49 min | Arthoniaic acid,-0.013249723585024104,0.01400555130663848,-0.016303830857214107
"11.52 min | Myricetin 3,3'-digalactoside",0.0016868755777074407,-0.005697777771316674,0.02505030775238983
"11.53 min | 4-Hydroxy-5-(3',4'-dihydroxyphenyl)-valeric acid-O-methyl-O-glucuronide",-0.0150114801048549,0.02744669426335142,0.0026290640537995347
11.57 min | Cinnamtannin A2,-0.029475176665604418,0.05227642503130675,0.015996162775487606
"11.58 min | 2-Hydroxy-3,4-Dimethoxybenzoic Acid",0.00417422293878909,-0.011255321401592435,0.009033926912028058
11.58 min | (-)-epicatechin-3'-O-glucuronide,-0.007864827779984566,-0.012651306975428203,-0.0216668835799112
11.59 min | (-)-epicatechin-3'-O-glucuronide,-0.010348883786980513,-0.01488372018553555,-0.02154407243656925
11.6 min | Cinnamtannin A2,-0.021860044915302992,0.0633448779751415,0.01017447582075391
11.61 min | EPICATECHIN,0.003659625811642468,0.06532927603423011,0.014241409203910496
11.62 min | alpha-D-Galactopyranuronosyl-(1->4)-alpha-D-galactopyranuronosyl-(1->4)-D-galacturonic acid,-0.008194849777348669,-0.0058720892853393976,-0.017004311749187408
11.63 min | Naringenin,-0.0016449594485378593,-0.017255778866420008,-0.013927837439031565
"11.66 min | 4-Hydroxy-5-(3',4',5'-trihydroxyphenyl)-valeric acid-O-methyl-O-glucuronide",-0.020106129855418518,0.01342228827550733,-0.0053411516642656335
11.66 min | Geniposidic acid,-0.0021819848170196534,0.002577586637403435,0.023190976390086732
11.67 min | Procyanidin B2,0.005570897597345135,0.07289388667411303,0.02639974105875104
11.67 min | (-)-Epigallocatechin 3-p-coumaroate,0.003913707661140506,0.06776656338218805,0.03033499405147155
11.68 min | Procyanidin trimer C1,-0.0006300610129913673,0.01676535464231005,0.0019396641396504553
11.75 min | Hamamelitannin,0.03802973334064469,-0.024158619910407315,0.00163773335522853
11.8 min | naringenin-7-O-glucuronide,0.02923176873633779,-0.017235712124606176,-0.004348000354666867
11.82 min | Fulvic acid,0.007459276173558209,-0.006729190297567656,-0.013812334040594683
11.83 min | 2-trans-O-Feruloylglucaric acid,-0.003810347424246416,-0.0006858004581950585,-0.04739294819445479
"11.83 min | Benzenebutanoic acid, 4-((3-(4-acetyl-3-hydroxy-2-propylphenoxy)propyl)thio)-gamma-hydroxy-beta-methyl-, (R*,S*)-",-0.0122963927214709,0.02370368186252611,0.013654823221364814
11.84 min | Gallocatechin-(4alpha->8)-gallocatechin-(4alpha->8)-gallocatechin,0.006870923165029256,-0.026319410902754917,0.022901249195696083
11.85 min | (+)-Chebulic acid,0.04410735190875002,-0.0346004769817908,0.019278634371607522
11.85 min | [Gallocatechin(4alpha->8)]2catechin,0.026370147813146526,-0.03603039745509113,0.04188554119745705
11.86 min | Laccaic acid D,-0.015349026793269478,-0.01164886476728336,0.035562872658166024
11.86 min | 3'-Methoxyfukiic acid,0.027102724795805257,-0.006000529846671378,-0.007309241113281557
"11.86 min | Epigallocatechin-(4b,8)-epicatechin-3-O-gallate ester",0.06203851774475375,0.029337997136786156,0.008525673212215269
11.92 min | Cinnamtannin B2,-0.019285313873502085,0.03393770628429691,-0.016358505006390453
11.93 min | Epicatechin-(4beta->8)-gallocatechin,0.03841977610530729,-0.016413211500346293,0.049717458330283605
"11.96 min | 1-[5-(2-Cyclopropyl-5,7-dimethylimidazo[4,5-b]pyridin-3-ylmethyl)thiophen-2-yl]cyclopent-3-ene carboxylic acid",-0.008340370786043605,-0.012038354231999882,0.009924925744496306
11.97 min | Procyanidin trimer C1,-0.0035352659453081977,0.0020830186837047524,-0.04718560309504016
11.97 min | Procyanidin trimer C1,0.012127148254075695,0.017997950768756626,-0.024805964119291226
11.98 min | Pavetannin B6,-0.011488298449082291,0.057206763650141976,-0.0123627233723178
"11.99 min | Epicatechin-(2beta->7,4beta->6)-catechin",0.05402652156493742,0.04022562989292336,0.0010823480998472797
12.0 min | 2-trans-O-Feruloylglucaric acid,-0.010893915122674585,0.0328699625425179,0.0007468692938140049
12.01 min | 5-Hydroxy-6-methoxycoumarin 7-glucoside,-0.0031773013363653635,0.000333809515627481,-0.04683899270791454
12.02 min | Genipinic acid,-0.007840323222987021,-0.0001708235629425628,-0.05387455776317075
12.03 min | Vanilpyruvic acid,0.021256438838483004,-0.03830632708579622,0.03323859726557516
12.06 min | Chenodeoxycholic acid disulfate,-0.019362989528928645,0.03556382582441896,-0.0038052699424892234
12.06 min | epigallocatechin,0.04369179241204851,-0.03928689396344283,0.036219516641153846
12.07 min | (-)-epicatechin-3'-O-glucuronide,0.03298129650350795,0.03135758312144427,0.010409207787339662
"12.1 min | 4-Hydroxy-5-(3',4'-dihydroxyphenyl)-valeric acid-O-glucuronide",0.0204705703701685,-0.04119396362261613,-0.03271448843684927
12.1 min | 1-Salicylate glucuronide,0.016683153722692426,-0.03539481111407053,0.002350555036716223
12.1 min | Gallocatechin-(4alpha->8)-catechin-(4alpha->8)-catechin,0.03881536965339734,-0.021875051368275555,0.05195769216721705
12.11 min | 2-Glucosyloxy-4-methoxycinnamic acid,0.020464748244097556,-0.039906918042023114,-0.0324381835036499
12.11 min | Cinnamtannin A2,-0.025906990201347038,0.04683031541865004,-0.015358662988173184
12.11 min | Apigenin 6-C-glucoside 8-C-arabinoside,0.06269527394282211,0.03963189010634852,0.02038307937167962
12.11 min | Hamamelitannin,-0.004712187173443797,0.009917031636019263,-0.0011735168710494514
12.11 min | Procyanidin B2,0.0590246194025006,0.04692487028719272,0.01685856903883014
12.12 min | Hamamelitannin,0.04731273642706889,-0.01712956261050776,0.0018248685859509502
12.12 min | (E)-Resveratrol 3-glucoside 4'-sulfate,0.047000163444337786,-0.0182043394405164,0.0021261432121467377
"12.12 min | 4-Hydroxy-5-(3',4',5'-trihydroxyphenyl)-valeric acid-O-methyl-O-glucuronide",-0.0030112363783093617,0.002470655093808909,-0.0473214423562136
12.12 min | Caffeic acid 3-O-glucuronide,-0.009564555019008261,0.020205506577668925,-0.025684488543404233
"12.13 min | 3,4-di-O-galloylquinic acid",0.05123131990062205,0.031050165387906295,0.006898010945071328
"12.15 min | 4-Hydroxy-5-(3',4'-dihydroxyphenyl)-valeric acid-O-methyl-O-glucuronide",0.0633227733437051,-0.0003672131435924549,0.028204869257042388
12.15 min | Cinnamtannin A2,0.0007835342236302196,0.03095989851858333,-0.014402433648977198
12.16 min | [Epicatechin-(4beta->8)]2-epicatechin 3'''-gallate,0.041972448977740974,0.034030548554480046,0.00903815958583065
12.16 min | 1-Salicylate glucuronide,-0.007722601538126503,-0.01594859014378031,0.03600765669409416
12.18 min | Cinnamtannin A2,-0.030450114854005266,0.053077864216154756,0.005480287324802187
"12.21 min | (5Z)-4-[2-[2-(3,4-dihydroxyphenyl)ethoxy]-2-oxoethyl]-5-ethylidene-6-[(2S,3R,4S,5S,6R)-3,4,5-trihydroxy-6-(hydroxymethyl)oxan-2-yl]oxy-4H-pyran-3-carboxylic acid",-0.029501423080255027,0.015124610156227786,0.013945813572567156
12.22 min | [Gallocatechin(4alpha->8)]2catechin,0.02209274869312535,-0.03610401292545868,0.03186015165297332
"12.23 min | 3-(4-Hydroxy-3-methoxyphenyl)-1,2-propanediol 2-O-(galloyl-glucoside)",0.02028357027912625,0.028337416222922653,-0.007760241665703574
12.23 min | 2-trans-O-Feruloylglucaric acid,-0.005865841825177858,0.004945806736029057,-0.05004085818077976
12.24 min | 3-Hydroxysuberic acid.mol,-0.0051090940181067164,-0.008199552045915359,-0.046261823394795655
12.24 min | Quercetin 3-galactoside,0.016887982037624653,-0.029699574696691742,-0.01959924742752356
12.24 min | 3-[7-[3-(4-Acetyl-3-hydroxy-2-propylphenoxy)-2-hydroxypropoxy]-4-oxo-8-propylchromen-2-yl]propanoic acid,-0.015446223028087545,0.022539728056614215,-0.005013594804070342
"12.25 min | Benzoic acid + 2O, O-Hex",0.025780198788723736,-0.028203358166454355,-0.015131435263856081
12.26 min | Phlorisobutyrophenone 2-glucoside,0.009638554631072868,-0.02820141722492049,-0.027426456620004817
"12.26 min | 4-[2-[2-[3-Acetamido-2,5-dihydroxy-6-(hydroxymethyl)oxan-4-yl]oxypropanoylamino]propanoylamino]-5-amino-5-oxopentanoic acid",-0.007990952988959753,-0.01722604958959845,0.03432585248974185
12.26 min | 3-Hydroxyphloretin 2'-O-xylosyl-glucoside,-0.013742572672451787,0.02581553596640112,-0.011954917855315205
12.26 min | Catechin 7-sulfate,0.044578669873308635,0.041637889993115865,0.006160770542835236
12.27 min | 3-Methyl-3-butenyl apiosyl-(1->6)-glucoside,-0.013565918265957278,0.009231266554946344,0.015398536673833257
12.27 min | [Gallocatechin(4alpha->8)]2catechin,0.024677330114141784,-0.03597541413743877,0.0350456924257721
"12.28 min | (E)-4-(1,2,3,6-Tetrahydro-2,6-dioxo-1,3-dipropyl-9H-purin-8-yl)cinnamic acid",-0.006594337248903516,-0.0012240728089830616,0.02410639293706756
12.28 min | trans-Caffeic acid [apiosyl-(1->6)-glucosyl] ester,-0.012660609719066072,0.006264184736563149,0.02509854316290891
12.29 min | Procyanidin trimer C1,0.05029566940097317,0.0074600640803452745,0.006742386874602392
12.31 min | dihydroquercetin,0.015432512571105476,-0.014626660657550724,0.0023750852833906927
12.32 min | 4-Hydroxybenzoic acid,-0.016532985385889085,-0.00415500844728181,0.0487280852209497
"12.34 min | Benzoic acid + 1O, O-Hex",-0.0019493283807177411,-0.01665507549372742,0.03384027133610223
12.34 min | 4'-Methyl-(-)-epigallocatechin 3'-glucuronide,0.05835590255403484,0.015803656559281856,0.014351807786810769
12.35 min | Todatriol glucoside,0.041912000137033244,-0.015947265928823198,-0.015345265441593993
12.36 min | Methyl salicylate O-[rhamnosyl-(1->6)-glucoside],-0.005876677853226219,0.008937789890478495,-0.036521760674024246
12.36 min | 4-(Phenylamino)benzoic acid,0.009830536072925162,0.004465291263838282,-0.018835056446874745
"12.36 min | 2-[4-(3-Hydroxypropyl)-2-methoxyphenoxy]-1,3-propanediol 1-glucoside",-0.0019632925969194953,0.027653454725156585,0.004282748369761061
12.37 min | ent-Epicatechin-(4alpha->8)-ent-epicatechin 3-gallate,0.0049421861021076855,0.04023018484577903,-0.00531107689270287
12.38 min | Mono-trans-p-coumaroylmesotartaric acid,-0.01219309631681995,0.036457724500948425,0.0035412389826104274
"12.4 min | Epicatechin-(2beta->7,4beta->6)-catechin",-0.01627646668550583,0.0605781881701726,-0.0076139407382792195
12.41 min | 2-O-p-Coumaroylhydroxycitric acid,-0.01297159853402743,0.03625861595053469,0.0015829080176755109
12.44 min | Methyl 7-epi-12-hydroxyjasmonate glucoside,0.03147484338213756,-0.031817520222055334,0.021121378304510184
12.45 min | Hamamelitannin,0.04329503222668567,0.013216043078804978,0.000854399269726003
12.47 min | 5-(4-Carboxybutylperoxy)pentanoic acid,-0.005747175910957658,0.0016304389272272849,-0.04841992136980677
12.48 min | Hamamelitannin,0.04108318345789334,0.023329864005918865,0.005429112286984187
12.49 min | (E)-Resveratrol 3-glucoside 4'-sulfate,0.04280335688110975,0.01114496258904393,0.0007683300080928715
12.51 min | Phenylpyruvic acid,-0.004588522063716282,-0.00916479484502785,-0.01545339784323139
12.51 min | Quinic acid,0.0020225982292334864,-0.0163386597890706,-0.019513476901293757
12.53 min | Phloroacetophenone 6'-[xylosyl-(1->6)-glucoside],0.04796570495966515,-0.00702648090886771,-0.01771489471480649
12.54 min | Cinnamtannin II,-0.02759491779947486,0.0539593909670941,0.012489355418013333
12.55 min | Cinnamtannin II,-0.026178535742112246,0.05730513229330719,-0.0023404960854536824
12.58 min | (-)-epicatechin-3'-O-glucuronide,0.03844062080181961,0.019646589792407406,0.01382106099544615
"12.59 min | Quercetin-3,4'-O-di-beta-glucoside",0.03816352836070483,-0.02243051205830964,-0.00411723148430559
12.6 min | Procyanidin trimer C1,-0.004653853418511506,0.06920350325796608,0.02035599416972928
12.6 min | 2-Hydroxybenzaldehyde O-[xylosyl-(1->6)-glucoside],0.026104846570513707,-6.544217128418787e-05,-0.029991634285259413
12.61 min | Glucocaffeic acid,0.009055825744496548,-0.03820617741714011,-0.018019679435938036
12.64 min | 1-Hexanol arabinosylglucoside,-0.006948870798717901,-0.01121230689262357,0.01519332552914776
12.68 min | Cinnamtannin A2,-0.02629868752690175,0.05940993284468438,0.016476945557349607
12.68 min | Methyl salicylate O-[rhamnosyl-(1->6)-glucoside],-0.01871954966060907,-0.0010757128562134274,-0.012059330652000254
12.68 min | Cinnamtannin A2,-0.0061821584920688,0.050869627692685236,0.024442101094874605
12.68 min | Epigallocatechin gallate,-0.007856512442716141,0.007483494461445682,0.011140964496620893
12.69 min | Cinnamtannin A2,-0.02867760012933466,0.05019115323292875,0.025904020728867574
"12.71 min | (1xi,3xi)-1,2,3,4-Tetrahydro-1-methyl-beta-carboline-3-carboxylic acid",-0.014817090147339954,0.008182323686025044,0.009553198491822889
12.72 min | 4-Methoxycinnamic acid,0.0449320376359091,0.016516648362064328,0.0413429555203158
12.72 min | Phlorisobutyrophenone 2-glucoside,0.02230644085214032,-0.02068993095904421,0.03261140841440411
12.73 min | 3'-Methoxyfukiic acid,0.037713536086455335,-0.013983468766140818,-0.025481239486816343
"12.73 min | 4-Hydroxy-5-(3',4',5'-trihydroxyphenyl)-valeric acid-O-methyl-O-glucuronide",-0.0065363531959888475,0.00993645770142895,0.01767695431997589
12.74 min | Lucuminic acid,-0.012361124839808004,0.021195960443876668,0.012561320721323623
12.75 min | Ethyl (S)-3-hydroxybutyrate glucoside,0.036989705049667976,0.01749659276796895,0.014700737425331524
12.79 min | D-(-)-quinic acid,0.03861751922701678,-0.039356957382883875,-0.019121640976738255
12.8 min | Peonidin 3-(6''-malonyl-glucoside) 5-glucoside,0.042585219507070275,0.03300115829092992,0.007406856023710367
12.81 min | EPICATECHIN,0.041493259257965404,0.053565537531273855,0.026225788876922198
12.81 min | Epicatechin,0.014428672308760788,0.05085421446394233,0.03644544535963919
12.81 min | 4-Hydroxybenzoic acid,-0.021169078271871433,0.02513831566072768,0.04385845447078006
12.81 min | 6-Methylcoumarin,0.05261206307345137,0.05747978449112243,0.022103658437921548
12.81 min | 4-Hydroxyphenylpyruvic acid,0.05621747704855011,0.05089221262223904,0.021280858430130018
12.81 min | Phenylpyruvic acid,0.05955492675021443,0.04283649777487283,0.01753988220056939
12.81 min | Pyrroline hydroxycarboxylic acid,0.043178085455577615,0.054041444666064156,0.026522824564762636
12.82 min | Monoisobutyl phthalic acid,0.05369017348551158,0.056301196924450035,0.022029963305751857
12.83 min | 2-trans-O-Feruloylglucaric acid,-0.011618243974480464,0.031197995364620413,-0.01786378388867705
12.84 min | 2-Keto-6-aminocaproic acid.mol,0.015323107176416986,-0.02090634568004623,8.214292209263945e-05
12.88 min | 5-Hydroxy-6-methoxycoumarin 7-glucoside,-0.0033210849772491815,0.0019600593937325566,-0.04705550300957845
12.9 min | Cinnamtannin II,-0.030132715565675674,0.05377221934263472,0.019422193467917594
12.9 min | Cinnamtannin II,-0.030760152215510653,0.04802842408722395,0.02782259210845506
12.91 min | Acaciabiuronic acid,0.0009649401903012718,-0.019919519750467952,-0.010325359577732767
12.93 min | Gallocatechin-(4alpha->8)-catechin-(4alpha->8)-catechin,0.043056296436939034,-0.021809792814886615,0.047172975581149065
12.94 min | Lignosulfonic acid,0.01320681316204844,-0.021226281249772393,-0.007622582958065988
"12.94 min | Catechin 3',4'-diglucoside",-0.01467082412802263,0.011447441203079322,0.011835461195312235
12.95 min | Epifisetinidol-(4beta->8)-catechin,0.013594360013174378,0.04842007138020203,0.01763589626869419
12.95 min | Gentisic acid,-0.005936976229040866,0.015213477418971288,0.015741458363498242
12.95 min | Phlorisobutyrophenone 2-glucoside,0.0031946067251829905,-0.02382593317745392,0.02431851067287903
12.95 min | Phloroacetophenone 6'-[xylosyl-(1->6)-glucoside],-0.01740799569893717,0.01254697388725572,0.009494136854524719
12.95 min | Epigallocatechin gallate,0.017558158569813485,-0.020365822351203988,-0.01060908691159935
12.95 min | GALLIC ACID,0.030667718491659838,0.029382376451945972,0.013355292980172401
12.98 min | epigallocatechin,0.04299382309637906,0.039474541948779,0.008766519897923238
"12.98 min | NCGC00381310-01!(2S,3S,4S,5R,6S)-5-[(2S,3R,4R,5S,6S)-4-acetyloxy-3,5-dihydroxy-6-methyloxan-2-yl]oxy-6-[2-(3,4-dihydroxyphenyl)-5-hydroxy-4-oxochromen-7-yl]oxy-3,4-dihydroxyoxane-2-carboxylic acid",0.02153181560381484,0.04285038722629835,0.006862390020499973
12.98 min | Luteolin,-0.014725192964557477,0.0218237124787818,0.0394095215997348
"12.99 min | 3-(4-Hydroxy-3-methoxyphenyl)-1,2-propanediol 2-O-(galloyl-glucoside)",0.05146248634504425,-0.01409773862010292,-0.00035392933390777654
13.05 min | Epicatechin-(4beta->8)-gallocatechin,0.006235693509394099,-0.028944129942515447,0.0359422218474857
13.06 min | Phenylpyruvic acid,0.030588195115910575,-0.0464218555201462,-0.023937735908760336
13.07 min | trans-o-Coumaric acid 2-glucoside,0.03158031731931747,-0.04768920631140627,-0.028193703073654184
13.07 min | Methyl 7-epi-12-hydroxyjasmonate glucoside,0.03731279708667878,-0.021530513059469163,0.01725574703924849
13.08 min | Cinnamtannin B2,-0.02534379975113866,0.05299592481354396,-0.013466227196799116
13.12 min | Caffeic acid 3-O-glucuronide,-0.010567240327079229,0.02018985468550236,-0.03244883487447827
13.12 min | Lucuminic acid,-0.005931398733077459,-0.015179825190455774,0.030557117356553472
13.12 min | Kaempferol 3-O-feruloyl-sophoroside 7-O-glucoside,-0.008587674071807947,-0.010669782647290498,-0.019377406677332273
13.13 min | Caftaric acid,0.012633014215252595,-0.03434672493712691,0.04531836134975654
13.13 min | [Epicatechin-(4beta->8)]2-epicatechin 3'''-gallate,0.056023844800495735,0.043245726666404756,0.00974959721277561
13.13 min | Homogentisic acid,0.0005377063906191728,-0.012161302013437571,-0.001948416513361884
13.14 min | Ethyl (S)-3-hydroxybutyrate glucoside,0.046942185019634056,0.011195148151368517,0.021615979554245723
13.14 min | 3-Methyl-3-butenyl apiosyl-(1->6)-glucoside,0.031338314305549994,-0.03410372466187841,-0.019400732207227513
"13.15 min | Epicatechin-(4beta->6)-epicatechin-(2beta->7,4beta->8)-epicatechin",-0.02346918430458307,0.058587826717484325,-0.011572239592586648
13.18 min | Caffeic Acid,0.02714199794349063,-0.0233882499704737,0.00014092152091659349
13.2 min | Phlorisobutyrophenone 2-glucoside,0.046129368321638706,0.01159280624507419,0.01755814130161972
13.21 min | 5-O-Feruloylquinic acid,-0.0006789950699176686,-0.014141390579253106,-0.01863434258078643
13.23 min | Cinnamtannin II,-0.018256407775007123,0.0657348935721749,0.018498032160377487
13.23 min | Gentisic acid,-0.010275793706038294,-0.0001628011206293377,0.002478217088148015
13.24 min | Cinnamtannin II,-0.020570683617217308,0.05625952281483618,0.028897907906094263
13.25 min | 2-trans-O-Feruloylglucaric acid,-0.011907491839419599,0.034369723429237074,-0.00260028726337219
"13.26 min | Benzoic acid + 1O, O-Hex",-0.0012792135922379505,-0.01831186019586169,0.029630901837263968
13.26 min | Procyanidin trimer C1,-0.0109690564271818,0.053156952389055837,0.003650645165105744
13.26 min | Procyanidin trimer C1,-0.015790232976112855,0.055383580687783894,0.008304012799689477
13.29 min | Cinnamtannin III,-0.026179467049692488,0.05097818039285308,0.022508533548602126
13.29 min | ent-Epicatechin-(4alpha->8)-ent-epicatechin 3-gallate,0.0396998290127227,0.04142622613022936,0.006427040554114983
13.29 min | Epicatechin-(4beta->8)-gallocatechin,0.05373477479920057,-0.026417533612255267,0.03568377657276695
13.31 min | Cinnamtannin A2,-0.018655281046328305,0.05568064690790602,0.0079507053517525
13.32 min | Cinnamtannin III,-0.018103279865507284,0.0596548181569743,0.014777041897904132
13.33 min | Caffeoylmalic acid,-0.0040894032310227,-0.00914448495508157,-0.019060730249156
"13.33 min | Benzoic acid + 1O, 1MeO, O-Hex",0.021023826382380168,-0.0364669191600104,-0.03327113854275224
13.34 min | 7-DESHYDROXYPYROGALLIN-4-CARBOXYLIC ACID,0.04482581766813958,0.030006478103351348,0.0052953994319901105
13.34 min | Furaneol 4-(6-malonylglucoside),0.024928314609761994,-0.04003086022146535,-0.03711475948358593
"13.34 min | 3-Pyrrolidinecarboxylic acid, 4-(1,3-benzodioxol-5-yl)-1-(2-((2,6-diethylphenyl)amino)-2-oxoethyl)-2-(4-propoxyphenyl)-, (2R,3R,4S)-",-0.016574701064115408,0.007978541486330743,0.024208703883601256
13.35 min | Dihydrocaffeic acid 3-O-glucuronide,-0.004838547106952809,-0.011104787448263771,-0.006027728407033354
13.39 min | Caffeic acid 3-O-sulfate,0.014339803569401927,-0.04351573765099794,0.006665626201316283
13.39 min | Cinnamtannin A2,-0.017162398576489542,0.05959434731405873,0.016857298609243884
13.4 min | Pavetannin B6,-0.007894038677860761,0.02164904122764754,-0.0041178209150366605
13.4 min | Cinnamtannin A2,-0.011057881603977294,0.046110430054745605,0.008828627438658445
13.43 min | Procyanidin B2,-0.016859896556664075,0.04673602857971003,0.007054009275435931
13.44 min | Apigenin 6-C-glucoside 8-C-arabinoside,-0.019094742527022035,0.05062460586119209,0.007466163281838572
13.44 min | 5-Hydroxy-6-methoxycoumarin 7-glucoside,-0.002099508192610341,-0.00021024182612157575,-0.04796452046143444
"13.47 min | LUTEOLIN-3',7-DIGLUCOSIDE",0.03835930466038021,-0.02182358827176187,-0.01034357363096301
"13.48 min | trans-p-Menthane-1,7,8-triol 8-glucoside",-0.01139337215465179,-0.009754282546238066,-0.02090641090095389
13.5 min | 2-O-Acetyl-trans-coutaric acid,0.03366742340195704,-0.021296926653369182,-0.03303744361402486
13.5 min | 1-Hexanol arabinosylglucoside,-0.007452651789212979,-0.006754717333317414,-0.026651629013526898
"13.51 min | Epicatechin-(4beta->6)-epicatechin-(2beta->7,4beta->8)-epicatechin",-0.003258334136154342,0.03386487335494504,0.007879918167982919
"13.52 min | 3-(4-Hydroxy-3-methoxyphenyl)-1,2-propanediol 2-O-(galloyl-glucoside)",0.0340240717683464,0.0031351732884648226,-0.03012583729378046
13.52 min | Cinnamtannin A2,-0.011435680185430014,0.033754646106430676,0.002359551514589382
13.53 min | 3'-O-methyl-(-)-epicatechin,0.008545849441465213,0.012536634793054474,-0.028323057561926095
"13.54 min | QUERCETIN, DIHYDRO-",0.03580981774266068,0.024219882256800263,0.00014652634192157847
13.54 min | 3-Methyl-3-butenyl apiosyl-(1->6)-glucoside,-0.013386623270103884,0.008460210597981261,0.009165817464440059
13.56 min | Naringenin,-0.002947484963247694,-0.0009059375292661331,-0.03446111284119471
13.56 min | Phenethyl 6-galloylglucoside,-0.002773067450547524,-0.0009975480599426925,-0.03398725215566228
13.61 min | GALLIC ACID,0.010983626184765052,0.005591444385788165,0.002848539840626468
"13.61 min | Quercetin 3-(3'',6''-di-p-coumarylglucoside)",0.024547633934628246,-0.025122599499973208,0.0353649596666829
13.62 min | Hydroxyferulic acid,0.025521431582164692,-0.015853462530006544,-0.01857249543540711
13.63 min | Geniposidic acid,0.06333378991402709,0.012154290118001636,0.003778670755049741
13.64 min | N-[4'-hydroxy-(E)-cinnamoyl]-L-aspartic acid,-0.010271698996465396,0.010621240083963205,0.00346748336182175
13.65 min | 5-Hydroxy-6-methoxycoumarin 7-glucoside,-0.004359686949397606,0.0025134109439415484,-0.04615272723518768
13.65 min | Methyl salicylate O-[rhamnosyl-(1->6)-glucoside],-0.0016382347828194977,-0.0018456303919170548,-0.0324447772550809
13.66 min | D-Malic acid p-coumarate,0.017438663645941467,-0.01483023778697285,-0.020701454918476036
13.66 min | Cinnamtannin B2,-0.024368081588550312,0.047258353644150035,-0.031630090989200534
13.66 min | beta-D-Glucopyranosyl-11-hydroxyjasmonic acid,0.026896709423650345,-0.042405463152266086,-0.032604630098263435
13.67 min | (-)-epicatechin-3'-O-glucuronide,0.03309406642642093,0.013364820185761508,0.025297953481126623
13.7 min | 4'-Methyl-(-)-epigallocatechin 3'-glucuronide,0.05376834642608182,-0.023090946061783742,-0.006953903439121832
13.71 min | Cinnamtannin III,-0.024331915593770365,0.05482799215697766,0.024391859865948575
13.71 min | Pavetannin B6,-0.0036713154163351153,0.0024997916727678127,-0.047912434088893736
13.73 min | 1-Octen-3-yl glucoside,0.003878359640721505,-0.027946776027326134,0.03420058424938529
13.73 min | Cinnamtannin III,-0.010980365660519199,0.05166962682940805,0.021133107724918547
13.73 min | (7'R)-(+)-Lyoniresinol 9'-glucoside,0.0027462014425249505,0.011684303736925295,-0.01704326587999003
13.74 min | Kaempferol 3-[2''-glucosyl-6''-acetyl-galactoside] 7-glucoside,-0.0005952456130000271,0.01750118015084493,0.0008056591149170563
13.74 min | Valproic acid glucuronide,-0.005637118443455872,0.002405908483818263,0.03636065839354336
13.75 min | Epigallocatechin-3-gallate,0.051936581169187104,0.02949652545512489,0.005881166268910059
13.75 min | Gallocatechin-(4alpha->8)-catechin-(4alpha->8)-catechin,0.042804346793417734,-0.03065372889024184,0.0390899096736511
"13.76 min | NCGC00380654-01_C21H28O13_(2E)-3-[4-({2-O-[(2S,3R,4R)-3,4-Dihydroxy-4-(hydroxymethyl)tetrahydro-2-furanyl]-beta-D-glucopyranosyl}oxy)-3-methoxyphenyl]acrylic acid",0.010918520686592608,-0.02169063646996862,-0.011623771318724592
"13.77 min | 4-Hydroxy-5-(3',4'-dihydroxyphenyl)-valeric acid-O-glucuronide",0.021438695031222442,-0.05533683196031855,0.027191674623197815
"13.78 min | 6,7-Dihydroxycoumarin",-0.0011100288199136722,-0.0038634694633001873,-0.05516935963266275
13.79 min | Torachrysone 8-(2-apiosylglucoside),-0.0022157634548433535,0.003501128304176285,0.03315573323918475
"13.79 min | Epigallocatechin-(4b,8)-epicatechin-3-O-gallate ester",0.05591538181395141,-0.011819299067335247,0.0038043823607704906
13.8 min | Corchoionol C 9-glucoside,0.02009264111215173,-0.021964979163048768,-0.039527479581591765
13.82 min | 3-Methyladipic acid,-0.005636452068318933,-0.003784290664254288,-0.0162116494227408
13.82 min | Glucocaffeic acid,-0.004781219787314506,-0.005828439726943629,-0.023464939316962644
13.82 min | Cinnamtannin II,-0.01687171094568635,0.05667708148199429,0.015192696926964322
"13.84 min | 3,4-Dimethoxyphenylacetic acid.mol",0.007024431417749116,-0.006355589936735052,-0.018009363671078436
13.85 min | Ethylvanillin glucoside,-0.007249118784594201,-0.011879161951216407,-0.0035320625543755766
13.86 min | Platyconic acid A,0.0002775145077578666,-0.01612790855069779,-0.018901012978904695
13.87 min | 1-Salicylate glucuronide,0.005047742232629916,-0.013487143171517535,0.007694511878118456
"13.87 min | 6-Feruloylglucose 2,3,4-trihydroxy-3-methylbutylglycoside",0.002313303353309414,-0.004601162904793654,-0.0029259354972648714
13.87 min | GALLIC ACID,0.013661807271347663,0.012701605663775954,0.01361054896063124
"13.88 min | (4S,7S,12Br)-7-[[(2R)-2-acetylsulfanyl-3-phenylpropanoyl]amino]-6-oxo-2,3,4,7,8,12b-hexahydro-1H-pyrido[2,1-a][2]benzazepine-4-carboxylic acid",0.01232127747362275,-0.03257033837274114,0.005309098883718175
"13.9 min | 3,4,5-Trimethoxycinnamic acid",0.0048898874496071274,0.016690154768256135,-0.020624652488149372
"13.91 min | (Z)-Resveratrol 3,4'-diglucoside",-0.010762496805674416,-0.0011948675011799004,0.007015302974075997
13.91 min | Pavetannin B6,-0.01058477632135134,0.020231324586487884,0.0016987665815604788
13.91 min | Cinnamtannin II,-0.01658322636502469,0.06510504017939013,0.01846897611866808
13.92 min | 4'-O-Methylepicatechin 7-O-glucuronide,0.008784981359323285,-0.006375986145275473,-0.014424438953242486
13.92 min | 5-Hydroxy-6-methoxycoumarin 7-glucoside,0.004725769583981745,-0.020413335832747213,-0.01736761233474812
13.94 min | Peonidin 3-(6''-malonyl-glucoside) 5-glucoside,0.05386706004750909,-0.014210181366250083,0.004196365586151027
13.94 min | Isolariciresinol 9-O-beta-D-glucoside,-0.0011721491684167226,-0.006029603857792859,-0.036758965583154585
13.96 min | VANILLIC ACID,-0.016114081299008896,0.0187868588385268,-0.03407905716359876
13.98 min | Methyl salicylate O-[rhamnosyl-(1->6)-glucoside],-0.017138152329888783,0.015148134794710924,-0.01079723228709952
13.99 min | Phthalic acid,0.007082653517771607,0.0002306259690808486,0.02452655875478625
14.03 min | (-)-erythro-Anethole glycol 1-glucoside,0.02004062310133816,0.0118578093974078,0.02582029923046324
14.05 min | Caffeic Acid,0.004155283021889647,-0.0211481360417949,-0.05349791525739972
14.05 min | Quercetin 3-O-(6''-acetyl-glucoside),0.024216784638050083,0.021621200683810477,0.002958960337626423
"14.06 min | 6S,9R-Dihydroxy-4,7E-megastigmadien-3-one 9-[apiosyl-(1->6)-glucoside]",-0.030802420684108833,0.030224791218698085,0.006859025582706385
14.07 min | [Epicatechin-(4beta->8)]2-epicatechin 3'''-gallate,0.058180247551534406,0.04490102434179825,0.009047727835037394
14.08 min | Cinnamtannin B2,-0.028588853712140396,0.0548884079680346,-0.007738573347075875
14.08 min | 4-[(2-{Bis[(pyridin-2-YL)methyl]amino}ethyl)amino]-2-(6-hydroxy-3-oxo-3H-xanthen-9-YL)benzoic acid,-0.007513159007670668,0.045593149446628664,0.014389720132739587
14.08 min | beta-D-Glucopyranosyl-11-hydroxyjasmonic acid,0.020731784224535595,-0.04092703740705414,-0.02765139012503648
14.09 min | Glucocaffeic acid,0.006793512461751932,-0.002486156219097379,-0.013994198312762498
14.1 min | Valproic acid glucuronide,-0.0173036254661797,0.03433025753023672,0.011788477088504555
14.11 min | ent-Epicatechin-(4alpha->8)-ent-epicatechin 3-gallate,0.04488236316487167,0.03496888908002732,0.009126296762975113
14.11 min | (E)-4'-Methylresveratrol 3-glucoside,-0.008543847905395913,0.009649457696325569,0.0021621238533638737
"14.13 min | (4S,7S,12Br)-7-[[(2R)-2-acetylsulfanyl-3-phenylpropanoyl]amino]-6-oxo-2,3,4,7,8,12b-hexahydro-1H-pyrido[2,1-a][2]benzazepine-4-carboxylic acid",-0.008941585938967931,0.003233477976085783,0.01219136074702651
"14.13 min | ent-Epiafzelechin(2a->7,4a->8)epiafzelechin 3-(4-hydroxybenzoic acid)",-0.022419889554481005,0.026291613499544515,-0.020075572601448308
"14.15 min | 7-(1,5-dimethyl-3-(phenoxymethyl)-1H-pyrazol-4-yl)-3-(3-(naphthalen-1-yloxy)propyl)-1H-indole-2-carboxylic acid",-0.029075047606674717,0.023332820210146963,0.03238798131220197
"14.16 min | (Z)-Resveratrol 3,4'-diglucoside",0.0015999605163853916,-0.014302550026778169,-0.011217017883797208
14.17 min | 2-O-p-Coumaroylhydroxycitric acid,-0.010958005687409423,0.027204372533992476,0.026149957398813786
14.18 min | Procyanidin B2,0.04183064867042314,0.0713137566475865,0.020563009032249377
14.18 min | Gibberellin A39,-0.016672038214748084,-0.011646048967921692,-0.028272195285219202
14.18 min | 5-Hydroxy-6-methoxycoumarin 7-glucoside,-0.008654328374784222,0.007782740645463072,-0.0430314694171766
14.2 min | Ellagic acid glucoside,0.04951976555669793,-0.012892651268563425,-0.0019185609019690816
14.22 min | 2-trans-O-Feruloylglucaric acid,-0.003593690165492713,0.002207023328600056,-0.048063913359417565
14.23 min | Corchoionol C 9-glucoside,0.008170441766521807,-0.036953526236610676,0.027395816964579944
14.23 min | Cinnamtannin A2,-0.005483369857185609,0.07273137968946489,0.015774505700785247
14.23 min | Cinnamtannin A2,-0.013673275671151832,0.06344058678286649,0.028307929913071284
14.23 min | 2-Methylcitric acid,-0.003739227101847523,0.002992732104316981,-0.047713573144278605
14.24 min | Pavetannin D1,-0.027433771014172374,0.05467883354714887,-0.012863533754162805
14.25 min | barceloneic acid A,-0.02483252136357504,0.04557445722118286,-0.003916583622292108
14.25 min | Methyl salicylate O-[rhamnosyl-(1->6)-glucoside],0.02869620851083415,-0.018264168060855353,0.011117719696386578
14.27 min | Cinnamtannin A2,-0.0034547366448743314,0.05025855903597618,0.02008002587528571
14.3 min | 4-Hydroxybenzoic acid,-0.0187217757067662,0.0354874720580124,0.023384357141520304
14.31 min | EPICATECHIN,0.00029394476393012915,0.044804859325032066,0.006371359409992267
14.31 min | Procyanidin trimer C1,0.00018168972549975472,0.06794171381263041,0.019048000697173596
14.32 min | Epicatechin,-0.009489936900383066,0.04080355838483284,0.009874629928939872
14.32 min | Monoisobutyl phthalic acid,-0.004392505606158935,0.04499491278168875,0.007014820342629128
14.32 min | Phthalic acid,-0.0004239538985939052,0.03513122437753154,0.019363805783973686
"14.33 min | 2-Hydroxy-3,4-Dimethoxybenzoic Acid",-0.009606545029532718,0.01924233389677555,-0.04824552333222126
"14.34 min | 3-(4-Hydroxy-3-methoxyphenyl)-1,2-propanediol 2-O-(galloyl-glucoside)",0.05797506416488988,-0.017700753456509618,-0.0018925588759502604
"14.34 min | 2,6-Dimethoxy-4-methylphenol",-0.019610357220476934,0.03769150392342732,0.01009908821912857
14.35 min | Gibberellin A55,-0.016991512033253605,0.042435964394617914,0.0134476262183599
14.35 min | p-Hydroxyphenylacetic acid,-0.020594032327754825,0.03578685881051134,0.026507267158303517
14.35 min | 4-[(2-{Bis[(pyridin-2-YL)methyl]amino}ethyl)amino]-2-(6-hydroxy-3-oxo-3H-xanthen-9-YL)benzoic acid,-0.015810828413551716,0.03915270576687341,0.011508133523102001
14.36 min | Pavetannin B6,-0.01572293925281351,0.03434776460009845,0.007325916947137268
14.36 min | Epigallocatechin Gallate,0.0522715547664762,-0.021504757375591595,0.002955967500527186
14.37 min | Mono-trans-p-coumaroylmesotartaric acid,0.007919815803863438,-0.03078636955004834,0.032495015502029954
14.37 min | 2-O-Acetyl-trans-coutaric acid,-0.011952420219682326,0.022878310269157202,-0.003832113684571611
14.38 min | Procyanidin trimer C1,-0.010314678029546194,0.05103206517199845,0.008319062294065668
14.38 min | 5-Hydroxy-6-methoxycoumarin 7-glucoside,-0.010185520341698395,0.016021026274507525,-0.009573835502900028
14.39 min | Procyanidin trimer C1,-0.01012850493449705,0.04203730168464863,0.025203303546244237
14.4 min | Torachrysone 8-(2-apiosylglucoside),-0.002166562113278078,-0.0013443465959318912,-0.018679201705024445
14.41 min | Lucuminic acid,-0.004505989359105523,-0.00031705383061685034,0.01885474921241933
14.46 min | Furocoumarinic acid glucoside,-0.01939065516225556,0.04082960095609287,-0.0038727375983773835
14.47 min | Cinnamtannin II,-0.007505344788995309,0.06968245418779949,0.016548505765177666
14.48 min | Phenethyl 6-galloylglucoside,0.0016159381206533572,-0.013911857231814859,-0.014367889769050922
14.48 min | Procyanidin trimer C1,-0.010517926813195582,0.02630063627867824,-0.005077915163882031
14.51 min | Quinic acid,-0.0016926028860817632,-0.013158933472657536,-0.007952685321389864
14.51 min | Cinncassiol C1 19-glucoside,0.023217055990275657,0.061596916200859296,-0.005391782060259112
14.52 min | Vanilpyruvic acid,0.005800281142629058,-0.026220701783403688,0.03253794904301537
14.53 min | Linalool oxide D 3-[apiosyl-(1->6)-glucoside],0.02660664129439705,0.04555249091851818,-0.0086340030120726
"14.54 min | (Z)-Resveratrol 3,4'-diglucoside",-0.025248859045116426,0.04408818615393758,0.015326930437660294
14.54 min | Linalool oxide D 3-[apiosyl-(1->6)-glucoside],0.025104325778758183,0.04884150118437631,-0.009871581344081693
"14.55 min | (4E)-8-hydroxy-4-(1-hydroxypropan-2-ylidene)-10-oxatricyclo[7.2.1.0Â¹,â�µ]dodecane-8-carboxylic acid",0.057563975481316226,0.0006098638852977005,-0.016679499086458733
14.56 min | Epicatechin 3-O-(3-O-methylgallate),0.01344482163074631,0.04165274455358504,0.0019724616479924583
"14.57 min | NCGC00385542-01!3-oxo-3-[[(2R,3S,4S,5R,6S)-3,4,5-trihydroxy-6-[5-hydroxy-3-(4-hydroxyphenyl)-4-oxochromen-7-yl]oxyoxan-2-yl]methoxy]propanoic acid",0.015605555207231248,-0.0017373117277938816,-0.00436523786989092
14.62 min | 4'-Methyl-(-)-epigallocatechin 3'-glucuronide,0.05135695081684207,-0.03652507238754262,-0.010750840911061984
14.62 min | Epicatechin 3-O-gallate-(4beta->6)-epicatechin 3-O-gallate-(4beta->8)-catechin,0.04654297016507214,0.03775509690775137,0.007912018532530733
"14.63 min | LUTEOLIN-3',7-DIGLUCOSIDE",-0.00011489390919828053,-0.010393138971414681,0.011482347125513928
14.63 min | Ethyl 3-hydroxyoctanoate O-[glucosyl-(1->6)-glucoside],0.01575337915458886,0.018750471165948957,-0.030746571622614582
14.63 min | naringenin-7-O-glucuronide,0.04280263113648464,0.027102345692073627,0.005401679803703364
14.63 min | Shikimic acid,-0.008099910163549733,7.749431910448539e-05,-0.005479839321515833
14.64 min | 3-Hydroxyphloretin 2'-O-xylosyl-glucoside,-0.005991619748093733,-0.003802700892124028,0.021494781410722957
14.67 min | Torachrysone 8-(2-apiosylglucoside),0.02656140280324054,-0.00045702591788090123,-0.01080321148902298
14.68 min | 2-O-p-Coumaroylhydroxycitric acid,-0.010008881673761183,0.020996607307882144,-0.04329982906782059
14.68 min | Epicatechin 3-O-gallate-(4beta->6)-epicatechin 3-O-gallate-(4beta->8)-catechin,0.048730969752818334,0.039918199354863494,0.007107369407450868
14.68 min | Epicatechin 3-O-gallate-(4beta->6)-epicatechin 3-O-gallate-(4beta->8)-catechin,0.044808326861052954,0.037095559097502104,0.009086282581590733
14.69 min | Cinnamtannin B2,-0.020277999406989374,0.046984501196482995,0.0010574196597940868
14.72 min | [Epicatechin-(4beta->8)]2-epicatechin 3'''-gallate,0.06778143209542584,0.032201929074396556,0.007274265279434147
14.72 min | Quercetin 3-O-(6''-acetyl-glucoside),-0.0028714806699413607,0.002374074949366001,-0.00028437284912915205
14.74 min | [Epicatechin-(4beta->8)]2-epicatechin 3'''-gallate,0.06363116811800401,0.037172921090913386,0.0071854956652426085
"14.74 min | (2E)-2-(2-Thioxo-4-oxo-3-ethylthiazolidine-5-ylidene)-4-oxo-5-[1-[4-(2,2-diphenylvinyl)phenyl]-2,3-propanoindoline-5-ylmethylene]thiazolidine-3-acetic acid",-0.0010706375133513264,0.014226656512842445,0.018619302804323737
14.77 min | Marmesin rhamnoside,-0.0034584563015626377,-0.021470857468027113,-0.028593623307555573
14.77 min | Gibberellin A93,-0.002407364088069295,-0.022764549816961167,-0.03432131299115613
14.77 min | Cinnamtannin A2,-0.018997391925446364,0.04965837015600661,0.015495891408407089
14.78 min | Cinnamtannin A2,-0.01765455993885079,0.04898900101909834,0.006834873920212743
14.78 min | Phenylacetic acid,-0.015494963277013916,0.011321575078582667,0.008817227464689504
14.81 min | Epifisetinidol-(4beta->8)-catechin,0.013914411023309987,0.0546946245638614,0.011724335068764842
14.81 min | Gentisic acid,-0.010671995470198158,0.008236183889410111,-0.004905567178013511
14.81 min | Naringenin,-0.003869485777949971,-0.006950524433249838,-0.01782968538882317
14.82 min | 2-Glucosyloxy-4-methoxycinnamic acid,0.05298926399672252,-0.03652827788498337,0.014253459213421811
"14.82 min | (2R,6x)-7-Methyl-3-methylene-1,2,6,7-octanetetrol 2-glucoside",0.0018226523044453929,-0.011981470200310419,-0.013367299248646823
14.84 min | (-)-epicatechin-3'-O-glucuronide,0.017037485455454283,-0.014049483222113121,0.047555476915354916
14.85 min | 5-Hydroxy-6-methoxycoumarin 7-glucoside,-0.007017055750975518,0.006471638620620908,-0.01762611370621631
14.85 min | N-Phenylacetylaspartic acid,-0.006099733137382647,-0.013602741019290305,0.022737524060432692
14.87 min | Caffeoylmalic acid,0.010960927256944567,-0.034074295451451596,0.046102584895192845
14.87 min | Torachrysone 8-(2-apiosylglucoside),-0.0187309325671575,0.031824499631982785,0.015604508952859322
14.87 min | Phenylpyruvic acid,0.009430061544215239,-0.033931472069955636,0.047130101049679664
14.88 min | 4'-O-methyl-(-)-epicatechin-3'-O-beta-glucuronide,0.04094995421555612,-0.015925812691140073,0.005714430850838501
14.88 min | 4'-O-Methylepicatechin 7-O-glucuronide,0.022349428371948834,-0.03118742526847373,0.026119341880962405
"14.89 min | Benzenebutanoic acid, 4-((3-(4-acetyl-3-hydroxy-2-propylphenoxy)propyl)thio)-gamma-hydroxy-beta-methyl-, (R*,S*)-",-0.015006005707800637,0.02964202221283238,0.022145681664811366
"14.89 min | (7,8-Dihydro-5-((E)-((a-(3-pyridyl)benzylidene)aminooxy)ethyl)-1-naphthyloxy)acetic acid",0.0020576689251429743,0.007248975085145678,0.00034138747280556923
"14.89 min | 3,3'-Digalloylprocyanidin B2",0.04420800188886727,0.038514098914534015,0.007027148382952621
"14.9 min | 3,3'-Digalloylprocyanidin B2",0.0488937327753754,0.04907116906013035,0.010909416434878796
"14.91 min | 7,8-Dihydrovomifoliol 9-[apiosyl-(1->6)-glucoside]",-0.0018377991691067566,-0.012225535901644076,0.030029870668384036
14.92 min | 4-Hydroxy-5-(dihydroxyphenyl)-valeric acid-O-sulphate,-0.014718456180365828,0.02760896693451315,-0.0022322537991007383
14.93 min | (-)-Epigallocatechin 3-(3-methyl-gallate),0.006113548134675203,-0.018455683990724548,-0.03166482569314042
14.94 min | ent-Epicatechin-(4alpha->8)-ent-epicatechin 3-gallate,0.06509905444244991,0.0228600098936786,0.007723976651593354
"14.94 min | Epigallocatechin-(4b,8)-epicatechin-3-O-gallate ester",0.06929875155187795,0.013646558369982595,0.002627999104069622
"14.95 min | LUTEOLIN-3',7-DIGLUCOSIDE",0.00854811256649187,-0.026894236493343802,0.003978271253857121
14.96 min | Procyanidin B2,0.016893687844775143,0.07646033001162347,0.02427800849860535
14.96 min | Apigenin 6-C-glucoside 8-C-arabinoside,0.007902798664495338,0.07116833849336124,0.0206091042978451
14.96 min | Procyanidin dimer B4,-0.0010757700269853978,0.06192502579818271,0.035848221328302184
14.98 min | Kaempferol 3-gentiobioside 7-rhamnoside,-0.005752832769108683,-0.011060438336201281,-0.02266838978941514
"15.0 min | (Z)-Resveratrol 3,4'-diglucoside",-0.007914659685847678,-0.003773524603275203,0.016797780794058102
15.0 min | Tazarotenic acid,-0.0010977779868583633,-0.0013912124596270426,-0.04433552968416867
15.0 min | Procyanidin trimer C1,-0.009562239591152889,0.06196638154571123,0.011304099455830852
15.02 min | eriodictyol-7-O-glucoside,0.013256674211132538,-0.005676068690773394,-0.016745657893489006
"15.02 min | Epigallocatechin-(4b,8)-epicatechin-3-O-gallate ester",0.056861489160351185,0.015264366334962256,0.0012388680407883874
15.02 min | Procyanidin trimer C1,0.0053001176984301115,0.03986963978779453,0.022635140625467263
15.04 min | 4-[4-[hydroxy-(4-hydroxy-3-methoxyphenyl)methyl]-3-(hydroxymethyl)oxolan-2-yl]-2-methoxyphenol,0.02274254078513494,-0.021729153958098303,-0.02468764576476349
"15.04 min | 3-(1,1-Dimethylallyl)scopoletin 7-glucoside",0.019909800997082137,-0.01883191901227941,-0.021856896306618058
15.04 min | Isoketocamphoric acid,0.012899207631547168,0.008405958726309797,-0.025475683306925526
15.04 min | Pavetannin D1,-0.024935654275845428,0.049891638015607524,-0.010052109773358601
15.06 min | Cinnamtannin II,-0.017780875718216318,0.05139987053753858,0.015759287790434874
15.07 min | 3'-O-methyl-(-)-epicatechin,-0.0016462252914391344,0.004192739660428315,-0.04212867713396306
15.07 min | trans-Ferulic acid,-0.026286576337628778,0.007570940877479123,-0.012103501454843547
15.07 min | Cinnamtannin II,-0.01803685911029976,0.04999138148564992,0.006706440536915139
15.07 min | Peonidin 3-(6''-malonyl-glucoside) 5-glucoside,0.06926032923553635,0.013950473139098422,0.0024851197987446364
15.09 min | Torachrysone 8-(2-apiosylglucoside),-0.013201715854641373,0.027640356162765414,0.01654792773694169
15.1 min | ent-Epicatechin-(4alpha->8)-ent-epicatechin 3-gallate,0.05455555794316427,0.047526307791531455,0.01123156534004714
"15.1 min | Benzoic acid + 1O, 1MeO, O-Hex",-0.0024792325179463256,-0.007794060972497819,0.02756456927344747
15.1 min | Cinnamtannin A2,-0.015628936865896937,0.06172631904888408,0.011752099973301115
15.1 min | Homogentisic acid,0.010601420181916059,-0.035591447152547334,0.053094095656878074
"15.11 min | Benzenebutanoic acid, 4-((3-(4-acetyl-3-hydroxy-2-propylphenoxy)propyl)thio)-gamma-hydroxy-beta-methyl-, (R*,S*)-",-0.013591880583493317,0.012105086591560973,-0.0012600111974248704
15.11 min | [Epicatechin-(4beta->8)]2-epicatechin 3'''-gallate,0.04848900925215988,0.04105106878167535,0.004711693385118938
"15.11 min | 4-[2-[2-[3-Acetamido-2,5-dihydroxy-6-(hydroxymethyl)oxan-4-yl]oxypropanoylamino]propanoylamino]-5-amino-5-oxopentanoic acid",-0.01601771232704767,0.00910084183012317,0.012544464660849816
15.12 min | Furaneol 4-(6-malonylglucoside),-0.013875003623380037,0.00931729744558203,0.020886726466414214
15.12 min | Cinnamtannin A2,-0.018659280565531317,0.06254304090476064,0.02199532669483822
15.13 min | 4'-O-Methylepicatechin 7-O-glucuronide,0.05912146609201772,0.01750643895245468,0.024000239236149207
"15.15 min | isorhamnetin-3-glucoside-4'-glucoside (Isorhamnetin 3,4'-diglucoside)",0.028699233599327755,-0.036706536876718064,-0.004876298404472058
15.15 min | [Epicatechin-(4beta->8)]2-epicatechin 3'''-gallate,0.04983090125135692,0.04076508846467905,0.0078200193295796
15.16 min | Aloesol 7-glucoside,-0.008239421317666716,-0.006829635359893575,0.020896421021584826
"15.17 min | Quercetin 4',7-diglucoside",0.043957649117383694,-0.035433120437981656,0.0005493069712381456
"15.19 min | Feruloyl quinic acid (isomer of 886, 888)",0.003125822426481982,-0.027937515607323642,-0.02266276311562582
"15.2 min | 7,8-Dihydrovomifoliol 9-[apiosyl-(1->6)-glucoside]",0.019000188430800376,-0.016748621149126952,-0.005172509420986355
15.22 min | Epicatechin 3-O-gallate-(4beta->6)-epicatechin 3-O-gallate-(4beta->6)-epicatechin 3-O-gallate,0.0434664809701082,0.0392632465769302,0.009605770123046397
15.22 min | Caffeoylmalic acid,-0.006342622265581045,0.008206929652167766,-0.04528371567631726
15.23 min | 3-Hydroxyphloretin 2'-O-xylosyl-glucoside,0.009397781776587994,0.03961318984699251,0.026195945826267893
"15.25 min | (2R,6x)-7-Methyl-3-methylene-1,2,6,7-octanetetrol 2-glucoside",0.046928164505228215,-0.02423148651323558,0.004053002262541761
15.27 min | Quercetin 3-O-(6''-acetyl-glucoside),0.009906192280051226,-0.016228802406853485,0.01919440065057299
"15.28 min | Flavonol base + 4O, O-Hex-dHex-Pen",-0.01623158630224689,0.03556679825399083,0.019435692788894766
15.29 min | Cinnamtannin B2,-0.01401575239847312,0.03127152430766258,0.0010450243736646336
15.33 min | Lucuminic acid,0.036060738345613505,0.02895493818595381,0.008729350426036933
15.33 min | Cinnamtannin B2,-0.021258725962002078,0.05314550106057941,-0.00033037395569731335
15.34 min | Epicatechin Monogallate,0.047934548599259205,0.03853746812383084,0.008451759652258854
15.35 min | (-)-epicatechin,0.04967166501069108,0.038660667807691416,0.00886675053284869
15.35 min | Cinnamtannin III,-0.016234995307245984,0.04628943130539789,0.008993120756089516
15.35 min | Cinnamtannin III,-0.013047741945679842,0.04121451674342914,0.017638345476247874
15.37 min | Pavetannin B6,-0.025545169694723577,0.05530450303195743,-0.011750035859724365
15.4 min | (-)-Epigallocatechin 3-(3-methyl-gallate),0.000496996101480763,-0.01145620296531944,0.015245323624446161
15.44 min | 3-Methyl-3-butenyl apiosyl-(1->6)-glucoside,0.00494974956250448,-0.0012125737787868046,-0.0470745517292074
15.44 min | (7'R)-(+)-Lyoniresinol 9'-glucoside,-0.008919861278252316,-0.0203070976215621,-0.008016175832792308
15.44 min | eriodictyol-7-O-glucoside,0.02289432758489167,-0.0287750433583755,-0.00629820600367137
"15.44 min | (5R,6R)-3-(2-Acetamidoethylsulfanyl)-6-ethyl-7-oxo-1-azabicyclo[3.2.0]hept-2-ene-2-carboxylic acid",0.01102476204811996,-0.033503484101873864,0.047026263453348545
15.45 min | Epigallocatechin gallate,0.05671560226916529,-0.012870024787928747,-0.003392693276202656
"15.46 min | 3-Methoxy-4,5-methylenedioxybenzoic acid",0.022659819748045987,-0.02019327570618305,-0.022827508016904943
"15.49 min | 6,6'-Methylenebis(2,2-dimethyl-4-methanesulfonic acid-1,2-dihydroquinoline)",-0.0008325373220691538,-0.01067593007054126,0.013771301800154793
"15.51 min | 3,5-Dicaffeoyl-4-succinoylquinic acid",0.012024979046558653,-0.006735820581275163,-0.0031498158205361536
15.51 min | (Â±)-threo-1-(p-Hydroxyphenyl)propylene glycol 4'-glucoside,-0.009348778872451469,-0.0007178490168230107,0.014078421508091068
15.52 min | Procyanidin B2,0.03998939674627165,0.043583040749815505,0.008646919016170122
15.52 min | {1-[2-(4-Carbamimidoyl-benzoylamino)-propionyl]-piperidin-4-yloxy}-acetic acid,0.04224528617585368,0.03887572931800132,0.0204351575539897
"15.53 min | (2R,6x)-7-Methyl-3-methylene-1,2,6,7-octanetetrol 2-glucoside",0.006690236039611854,-0.020477396879201946,-0.019515202728246417
15.54 min | Pavetannin D1,-0.01810430753604678,0.036194216363144814,-0.004998819177565856
15.58 min | Fertaric acid,0.018250361270553128,-0.03783817726965285,0.02332307893292954
"15.59 min | (2S,3S,4S,5R,6R)-6-(3-benzoyloxy-2-hydroxypropoxy)-3,4,5-trihydroxyoxane-2-carboxylic acid",-0.025195575118663827,0.018446369356780356,-0.005702894631382525
15.61 min | Epigallocatechin gallate,0.02521751524615884,-0.014279051575343373,0.027378999217221936
15.61 min | Linalool oxide D 3-[apiosyl-(1->6)-glucoside],-0.004349727899309557,0.029957491500142288,-0.0009884646259815351
15.61 min | Ellagic acid arabinoside,0.03438540742881633,0.026736241379419098,0.007179103617088752
"15.62 min | 3-(3,4,5-Trimethoxyphenyl)propanoic acid",0.003792836313317224,-0.028688721048124304,-0.03673801742887477
15.62 min | (7'R)-(+)-Lyoniresinol 9'-glucoside,-0.007068467260876163,-0.014503443673781343,-0.013803016085238448
"15.63 min | 9-(2,3-dihydroxypropoxy)-9-oxononanoic acid",-0.008264584170898126,0.008753245304698478,-0.004494716819723643
15.63 min | Neryl rhamnosyl-glucoside,0.044456936652120846,0.037192886283815015,0.007218672063837094
15.68 min | Nb-trans-Feruloylserotonin glucoside,-0.010024053883998074,0.008877504121129063,0.024070619786026776
15.68 min | Epigallocatechin gallate,0.0515107151569002,-0.013279409045214297,-0.004245987804885232
15.69 min | Epicatechin 3-O-gallate-(4beta->6)-epicatechin 3-O-gallate-(4beta->8)-catechin,0.06158603132325963,0.0434935389374299,0.010114389962645931
15.7 min | Epicatechin 3-O-gallate-(4beta->6)-epicatechin 3-O-gallate-(4beta->8)-catechin,0.059656567159622226,0.042179916310274505,0.007262677174037174
15.71 min | Dodecanedioic acid,-0.009123611636768161,0.01104153750342912,-0.03301168450300287
15.73 min | Phenylpyruvic acid,0.003353562078554572,-0.022801109855501083,-0.03463415710523928
"15.74 min | (E)-3-[6-[(2S,3R,4S,5S,6R)-3,4,5-trihydroxy-6-(hydroxymethyl)oxan-2-yl]oxy-1,3-benzodioxol-5-yl]prop-2-enoic acid",-0.012609910073921987,0.023996106839609198,-0.010198154029000315
"15.74 min | Coumaroyl quinic acid (isomer of 758, 759)",0.02225664464001802,-0.038145827741904906,-0.027671820993109678
15.74 min | D-(-)-quinic acid,0.024033964695654813,-0.039308274866811564,-0.028367439591142345
15.75 min | Methyl 7-epi-12-hydroxyjasmonate glucoside,0.057880483083200575,0.01794606519074616,0.004059038669711539
15.76 min | Pavetannin D1,-0.01653773333602638,0.03229698834383018,-0.0034225424250740517
15.76 min | NCGC00380170-01_C19H26O11_5-{[4-(beta-D-Glucopyranosyloxy)benzyl]oxy}-3-hydroxy-3-methyl-5-oxopentanoic acid,0.01022122413994494,-0.01936678207702554,-0.03709453716831138
"15.77 min | Epicatechin-(2beta->7,4beta->6)-catechin",-0.02993286079306806,0.04623674336890515,-0.008631873652567916
"15.78 min | (Z)-Resveratrol 3,4'-diglucoside",-0.012184281213510556,-0.009255110152752885,0.002145782889321015
15.79 min | Cinnamtannin A2,0.02616616411498931,0.0393282359245095,-0.011245886386338845
15.83 min | Benzoyl glucuronide (Benzoic acid),-0.0011062288175326535,-0.01241266180101554,-0.02064836060060777
15.84 min | 2-Octenedioic acid,-0.00999505255375183,-0.004273418733483761,-0.007244881256004779
"15.84 min | Kaempferol 3-(2'',4''-di-(Z)-p-coumaroylrhamnoside)",-0.012577487756968634,0.02851735631498982,-0.023112210047498225
15.86 min | [Epicatechin-(4beta->8)]2-epicatechin 3'''-gallate,0.05680370903651623,0.04432813756822537,0.009380287282148623
15.88 min | Isolariciresinol 9-O-beta-D-glucoside,-0.0060185235422763605,-0.014824821243839112,-0.03141515910387791
"15.89 min | Epicatechin-(2beta->7,4beta->6)-catechin",-0.020580325950704845,0.028509768659920328,0.0075870408370240115
15.91 min | (E)-Resveratrol 3-glucoside 4'-sulfate,-0.011535374448906451,0.021557121317865864,0.019209282201168847
"15.91 min | 2',7-Dihydroxy-4'-methoxy-8-prenylflavan 2',7-diglucoside",-0.014564565298718014,0.0018079026918889835,-0.011470125853586621
15.91 min | 4'-O-Methylepicatechin 7-O-glucuronide,0.04254101805155842,-0.03187321204591009,0.02487601970037294
15.91 min | 4'-O-methyl-(-)-epicatechin-3'-O-beta-glucuronide,0.05124942879616799,-0.012863163461111693,0.028717459119893284
"15.93 min | 3,3'-Digalloylprocyanidin B2",0.0626448690133147,0.03889523828242066,0.00977659686426684
15.94 min | N-Carbobenzoxyglycyl-prolyl-4-methylcoumarinyl amide,-0.009936041740517735,0.021595130606147053,0.0008686145988938088
"15.95 min | 3,3'-Digalloylprocyanidin B2",0.06182421951579586,0.038939421880669435,0.008914329903278484
15.98 min | 4-Hydroxycoumarin,-0.000670850714327375,-0.013465976875351799,-0.014088315095793554
15.98 min | 4-Hydroxybenzoic acid,-0.0010950680008408585,-0.015201627221477837,-0.01120391958288464
15.99 min | Phenethyl 6-galloylglucoside,-0.0005476337648028766,-0.013514875123070539,-0.01385600949629978
16.0 min | (-)-Epigallocatechin 3-(3-methyl-gallate),0.04097516943072656,-0.0124100251260569,-0.0029672054248273145
16.05 min | C.I. Acid Green 3,-0.004396181502102238,-0.015895959698364232,-0.0023179490328976656
"16.05 min | Epicatechin-(2beta->7,4beta->6)-catechin",-0.01397452238605569,0.013559272137968467,-0.03146152162390538
16.08 min | GALLIC ACID,-0.024390301214737693,0.0049907989829565715,-0.019881070274956277
"16.08 min | (-)-Epigallocatechin 3,5-di-gallate",0.052018693094082934,0.030339777530145752,0.006243527042901578
16.1 min | 8-Hydroxypinoresinol 8-glucoside,-0.020261754839032583,0.040845319352628105,0.012228288992769547
16.12 min | FERULIC ACID,-0.00010852402191506111,-0.011175612384661573,0.0025370798755303837
16.12 min | eriodictyol-7-O-glucoside,-0.009874457921728506,-0.013217621965373644,-0.023058116938463935
16.14 min | Traumatic acid,-0.00469367993907205,0.005068921682440041,-0.04429698407029051
"16.14 min | (1R,3S,4S,6R)-6,9-Dihydroxyfenchone 6-O-b-D-glucoside",0.03619430867612709,-0.03598123256996282,-0.011524400429726482
16.15 min | (E)-Resveratrol 3-glucoside 4'-sulfate,-0.012104389434184687,0.022466918713504657,0.017581094336923616
16.15 min | Ethyl 3-hydroxyoctanoate O-[glucosyl-(1->6)-glucoside],0.054095380185972076,0.03702616511079055,0.006129326689461228
"16.18 min | Feruloyl quinic acid (isomer of 886, 888)",0.0003041642926088987,-0.0088043576192241,-0.04477607638401599
16.2 min | 3-Hydroxysuberic acid.mol,0.0077736404035347794,-0.019226842028778033,-0.03650053841159206
16.2 min | Kaempferol 3-gentiobioside 7-rhamnoside,-0.01217858599799773,0.03700049610854494,0.0025543535170761042
16.2 min | Linalool oxide D 3-[apiosyl-(1->6)-glucoside],0.013355597945271433,0.025388411687542273,-0.008362101672408065
16.21 min | Torachrysone 8-(2-apiosylglucoside),0.05527568727419048,-0.006556842265581439,0.0012313248416762656
16.24 min | Procyanidin C1,-0.017675877084399563,0.04515064014461781,0.004211713321278882
16.26 min | Mono-trans-p-coumaroylmesotartaric acid,-0.0031369726779731186,0.00048272137614359514,-0.04962177028234478
16.28 min | Neryl rhamnosyl-glucoside,0.0438428204374963,0.03376585187865391,0.008336013544558702
16.3 min | 3'-O-methyl-(-)-epicatechin,-0.0019198882758594033,0.003695315143336331,-0.035687583801379597
16.3 min | Isolariciresinol 9-O-beta-D-glucoside,-0.009700174812138746,-0.015752107713296114,-0.007411170441546211
16.31 min | Epicatechin 3-O-gallate-(4beta->6)-epicatechin 3-O-gallate-(4beta->8)-catechin,0.04234505294194748,0.03717504025175447,0.006311779786154053
16.31 min | Epicatechin 3-O-gallate-(4beta->6)-epicatechin 3-O-gallate-(4beta->6)-epicatechin 3-O-gallate,0.05338582818603618,0.04982067159889057,0.007643275456799825
"16.31 min | 3-(1,1-Dimethylallyl)scopoletin 7-glucoside",-0.013724596359548941,0.03335150680217692,0.011308347705712938
16.32 min | 3-Hydroxysebacic acid,0.018095040097146225,-0.014911195202827722,-0.017002505093156553
16.33 min | Epicatechin 3-O-gallate-(4beta->6)-epicatechin 3-O-gallate-(4beta->6)-epicatechin 3-O-gallate,0.05621779845698058,0.048868229965458906,0.008717869328667725
16.33 min | Tryptophol [xylosyl-(1->6)-glucoside],-0.005007361346917419,-0.010136918464101965,0.01706520338685789
16.34 min | Epicatechin,0.02204414679973139,-0.026529961991893197,0.04286361573820862
16.34 min | Epifisetinidol-(4beta->8)-catechin,0.032026355113619856,0.05786471612649206,0.013822792979000027
16.35 min | Vanillylmandelic acid,0.033360502470094505,0.023575596336484452,0.004224803044038504
"16.35 min | EPIGALLOCATECHIN 3,5-DIGALLATE",0.05717098561403448,0.021102347398882046,0.0048244458449681095
16.36 min | Epicatechin 3-O-gallate-(4beta->6)-epicatechin 3-O-gallate-(4beta->8)-catechin,0.04296915341190946,0.038704677653491004,0.003958604235031586
16.37 min | EPICATECHIN,0.04699324634050199,0.05102256007052767,0.009275454854337423
16.37 min | 2-Hydroxy-4-(2-(tosyloxy)acetamido)benzoic acid,-0.008926445307705045,-0.0023883053626272345,0.026518263360975552
16.38 min | (7'R)-(+)-Lyoniresinol 9'-glucoside,0.013388119646990774,-0.03250464097249138,0.02153521239877929
16.39 min | 2-Hydroxycinnamic acid,0.028545068095428394,0.007484970539615852,0.04017085661037831
16.39 min | 2-O-Acetyl-trans-coutaric acid,0.014643382029535995,0.0008362571525302271,-0.040825989879162576
"16.4 min | Epicatechin-(2beta->7,4beta->6)-catechin",0.027923363895596583,0.05675788751858503,0.006606600714918812
"16.4 min | Kaempferol 3-(2'',4''-di-(Z)-p-coumaroylrhamnoside)",0.010662250531493127,0.012695278812220311,-0.04416547810002505
16.44 min | Linalool oxide D 3-[apiosyl-(1->6)-glucoside],-0.010107603166903192,0.0003690554748959692,-0.027541820556665455
"16.46 min | 3,3'-Digalloylprocyanidin B2",0.05513509363848896,0.048184236219147976,0.011271372085450336
16.46 min | isovitexin,0.00022054576672387923,-0.01467568291451543,-0.018136998809448093
"16.47 min | (Z)-Resveratrol 3,4'-diglucoside",-0.01520086640418034,0.01650804857709056,0.024364471419306772
16.48 min | Gallic acid hexoside,0.014845943484332397,-0.004343082487008734,0.014886113244647566
16.49 min | Atrolactic acid,-0.0035744152427164408,0.02365892113249697,0.0027183342083399367
"16.49 min | 2,6-Dimethoxy-4-methylphenol",-0.00030528134834821553,0.02799359372648644,0.005650600995808607
"16.49 min | 3,7-Dimethylquercetin",-0.005496022472202485,-0.0028952442603894096,0.015042098878502738
16.51 min | (+)-Lysergic acid,0.03710251508327606,-0.03263436279017528,-0.02041747130789611
16.51 min | [Epicatechin-(4beta->8)]2-epicatechin 3'''-gallate,0.06064688058092397,0.03275141026178763,0.007718881121241813
16.52 min | Procyanidin B2,-0.015363326561565294,0.04480613477001121,0.0035896925212651224
16.52 min | [Epicatechin-(4beta->8)]2-epicatechin 3'''-gallate,0.05676137408527935,0.03223405338501563,0.007293353735935049
16.52 min | Isolariciresinol 9-O-beta-D-glucoside,0.016861096396377704,-0.027030784989550073,-0.0264781085193467
16.53 min | 2-Hydroxybenzaldehyde O-[xylosyl-(1->6)-glucoside],0.02067185609820054,-0.04106215660722551,-0.025369573191578124
16.53 min | Gibberellin A55,0.0006665366441871691,0.028469477881681356,0.003262948763035087
16.55 min | 7-Hydroxy-2-methyl-4-oxo-4H-1-benzopyran-5-carboxylic acid 7-glucoside,-0.0027049023950816036,-0.0023188320865745096,-0.046125657759172316
16.55 min | 8-Hydroxypinoresinol 8-glucoside,-0.009417456087652652,-0.00030622111200212244,0.01908148114529387
"16.57 min | 7-methyl-1-[(2S,3R,4S,5S,6R)-3,4,5-trihydroxy-6-(hydroxymethyl)oxan-2-yl]oxy-1,4a,5,6,7,7a-hexahydrocyclopenta[c]pyran-4-carboxylic acid",0.03626491234719818,-0.04339641496948547,-0.021368449806937164
16.58 min | 2-Hydroxy-4-(2-(tosyloxy)acetamido)benzoic acid,-0.012718010066385487,0.019334340237581172,-0.009413648298350384
16.58 min | Neryl rhamnosyl-glucoside,0.042444414154717724,0.030914756761944835,0.008247747617957915
16.59 min | Eriodictyol 7-(6-galloylglucoside),0.05201614469224914,0.027396963645643944,0.005688358089177951
16.6 min | naringenin-7-O-glucoside,0.0014902451701193416,-0.020560948440352955,-0.019406104273842612
16.6 min | 4'-O-methyl-(-)-epicatechin-3'-O-beta-glucuronide,0.038508377714071305,-0.034336702550923165,0.0427730731898726
"16.6 min | (1R,3S,4S,6R)-6,9-Dihydroxyfenchone 6-O-b-D-glucoside",0.017605283865652115,-0.003770813300279513,0.02281154136355048
16.62 min | Phenethyl 6-galloylglucoside,0.01098214018254695,-0.025431330757152586,0.052311747775221885
16.63 min | 3-(4-Hydroxy-3-methoxyphenyl)propionic acid,0.020776846020118457,0.010742700864045936,-0.023545289975595872
16.63 min | (-)-Epigallocatechin 3-(3-methyl-gallate),0.004249452877495085,-0.02454283126937261,-0.0015201442990968326
16.66 min | Suberic acid,0.03651091790803557,-0.011154429049565718,0.02297212766433697
"16.67 min | Epicatechin-(2beta->7,4beta->6)-catechin",-0.018914428148701763,0.05546319522401783,-0.014938478171956844
16.68 min | ellagic acid,0.056676884821729674,-0.004609842589766483,-0.0031802503226663927
16.68 min | Methyl salicylate O-[rhamnosyl-(1->6)-glucoside],-0.002478989590442398,-0.017055506619453396,0.028018541611704126
16.7 min | Kaempferol 3-rungioside,-0.00853947259849666,-0.005833876780110077,-0.00993332430471285
16.7 min | Caffeic Acid,-0.0024503275589887676,0.0038206699875619997,-0.04322076220479168
16.71 min | 4-Hydroxy-5-(3'-hydroxyphenyl)-valeric acid-3'-O-sulphate,0.05162811253617668,0.045047246511697295,0.008752365869137597
16.72 min | 7-Hydroxyoctanoic acid.mol,0.007732881926328431,-0.036644316761052176,-0.02251620502765849
"16.72 min | 3-(1,1-Dimethylallyl)scopoletin 7-glucoside",0.011957089314893345,-0.009364394044627264,-0.021841918526461564
16.73 min | Linalool oxide D 3-[apiosyl-(1->6)-glucoside],-0.001685762332533308,-0.01133752898943733,-0.04026528540649931
"16.74 min | 6-Feruloylglucose 2,3,4-trihydroxy-3-methylbutylglycoside",-0.005604404668254567,-0.0015561395078056287,0.020431448246815823
16.76 min | ent-Epicatechin-(4alpha->8)-ent-epicatechin 3-gallate,0.05087454306315283,0.03981529700163831,0.00905680014606022
16.76 min | Pavetannin B6,-0.004105906655195771,0.043933190257488326,-0.016023709646470756
"16.76 min | Kaempferol 3-(2'',4''-di-(Z)-p-coumaroylrhamnoside)",-0.008482653934109083,0.029475973229287442,-0.0312941145253659
16.76 min | (-)-epicatechin-3'-O-glucuronide,0.018018412775742038,-0.03272900594015449,0.04258107019862354
"16.78 min | (Z)-Resveratrol 3,4'-diglucoside",-0.005602724050942859,-0.0036269266483334476,0.019313959370025932
16.79 min | Cinnamtannin A2,-0.012160004810566217,0.057827292980123915,-0.004672060055224522
16.8 min | (-)-Catechin gallate,0.06416305968467836,0.03789497964244707,0.01125009956465063
16.8 min | EPICATECHIN,0.06498269857024615,0.03734093822513042,0.011501243769189576
16.8 min | GALLIC ACID,0.06661709650809261,0.03388194981982075,0.012142791446550888
16.8 min | 4-Hydroxybenzoic acid,0.0006151795385778286,0.003595971800851119,0.004791516026355576
"16.81 min | (3b,9R)-5-Megastigmene-3,9-diol 9-[apiosyl-(1->6)-glucoside]",0.01611223068159392,-0.03399475029236166,0.019428204911394884
16.82 min | Epicatechin 3-O-gallate-(4beta->6)-epicatechin 3-O-gallate-(4beta->8)-catechin,0.04391269173277518,0.03673274839809878,0.008417850118987703
16.83 min | Kaempferol 3-O-(2''-rhamnosyl-6''-acetyl-galactoside) 7-O-rhamnoside,0.028596963430287746,-0.005473224982190823,0.03732919782594017
"16.84 min | (3b,9R)-5-Megastigmene-3,9-diol 9-[apiosyl-(1->6)-glucoside]",0.027852159659480177,-0.034478765785280516,0.015194938978606482
16.85 min | 8-Hydroxypinoresinol 8-glucoside,0.012732356681483396,-0.018868679319745774,0.024285949987348964
16.85 min | Gallocatechin-(4alpha->8)-gallocatechin-(4alpha->8)-gallocatechin,0.04292363709259611,-0.01886444856803164,-0.005047626801616216
16.88 min | Epicatechin 3-O-gallate-(4beta->6)-epicatechin 3-O-gallate-(4beta->8)-catechin,0.05245634605151474,0.04229558300220275,0.00810230170512907
16.88 min | (7'R)-(+)-Lyoniresinol 9'-glucoside,-0.0009129446433013248,-0.020074701030989288,-0.027897285037120956
16.89 min | Quercetin 3-galactoside,0.04010430006242981,-0.023069730323357913,-0.004963795143660019
16.89 min | Ethyl 3-hydroxyoctanoate O-[glucosyl-(1->6)-glucoside],0.007840048177661534,-0.029819234189752686,0.03750231987915084
16.9 min | Phenethyl 6-galloylglucoside,0.011307307509022877,-0.02753023176820726,0.038095998829719084
16.9 min | Laricitrin 3-glucoside,0.04216766363330891,-0.028130060363181913,0.015772651060148843
16.91 min | Epicatechin 3-O-gallate-(4beta->6)-epicatechin 3-O-gallate-(4beta->8)-catechin,0.0522359026919372,0.043015521047483046,0.0073443358339791
16.93 min | Linalool oxide D 3-[apiosyl-(1->6)-glucoside],-0.00319559394860952,-0.00908576893985185,-0.0355646807480921
16.95 min | L-(-)-3-Phenyllactic acid,0.009095190526098598,-0.006598616469459393,-0.028828635963283607
"16.95 min | 3,4-Dimethoxyphenylacetic acid.mol",0.015652014004643187,-0.025190151938457098,-0.0336207568758014
16.95 min | quercetin-3-O-deoxyhexosyl(1-2)pentoside,0.008959357710353517,-0.02841848543939416,-0.02765102078617348
16.95 min | [Epicatechin-(4beta->8)]2-epicatechin 3'''-gallate,0.03279853484384586,0.03735932666300852,-0.004022797498636805
16.96 min | Gibberellin A3,0.025107845166236507,0.027876513163791902,-0.009453386076718312
"16.97 min | Benzoic acid + 1O, O-Hex",0.0052429503052741295,-0.02232962308177174,0.013101364467269446
"16.98 min | 2-Hydroxy-3,4-Dimethoxybenzoic Acid",0.04335087802225596,0.0173006313585074,0.001418716561369354
16.99 min | 4'-O-Methylepicatechin 7-O-glucuronide,0.01447231589389741,-0.03495471312903514,0.044239864718158
16.99 min | Pavetannin B6,-0.018940930672068774,0.02760802656425656,0.005825979088400482
16.99 min | Luteolin 7-O-(2-apiosyl-4-glucosyl-6-malonyl)-glucoside,-0.01108613789493684,0.025064493643382382,-0.00517731264168905
17.0 min | eriodictyol-7-O-glucoside,-0.005865012246305428,-0.02074105922140771,-0.017941814528242193
"17.01 min | 3-(1,1-Dimethylallyl)scopoletin 7-glucoside",0.017674220757971093,-0.017356729994208082,-0.023205501715753845
17.02 min | Gibberellin A105,0.033005626231532116,-0.004587757724138412,-0.044153005607345676
"17.02 min | 6-Feruloylglucose 2,3,4-trihydroxy-3-methylbutylglycoside",0.0065951964959486565,-0.002458671566567786,0.04288696471091454
17.03 min | Epifisetinidol-(4beta->8)-catechin,0.03449360646635664,0.03164781785591838,0.007883874848180466
17.03 min | Cinnamtannin II,-0.019444845620900986,0.05173965979652492,0.005963520622545912
17.03 min | Isolariciresinol 9-O-beta-D-glucoside,-0.002645752009252732,-0.0017387203759041923,-0.0454288451154319
"17.04 min | Epicatechin-(2beta->7,4beta->6)-catechin",-0.014093471481127039,0.01693264349349217,0.01329230605214762
17.05 min | Kaempferol 3-rungioside,0.04000747416016522,-0.02372207684212653,-0.006333917227007341
17.05 min | 2-Hydroxycinnamic acid,-0.008525546751199702,-0.005929286810006631,-0.015814197320408528
"17.07 min | (2S)-2-[(4-Methylphenyl)sulfonylamino]-3-[[4-oxo-5-(2-piperidin-4-ylethyl)-7,8-dihydro-6H-pyrazolo[1,5-a][1,4]diazepine-2-carbonyl]amino]propanoic acid",0.012406584353257569,-0.011705177882734192,-0.0022207614163909785
"17.1 min | 4',7-Di-O-methylcatechin",0.013559841559258316,-0.01818654432223885,-0.036228264446716577
17.1 min | Cinnamtannin A2,-0.01988972286261812,0.042742761051536904,0.01337956485259045
17.1 min | Epicatechin Monogallate,0.04720313590635253,0.03893922996128549,0.008455557094701166
17.11 min | EPICATECHIN,0.0488614656833482,0.03883865235843762,0.008426120083763452
"17.13 min | trans-p-Menthane-1,7,8-triol 8-glucoside",0.005782290199249195,-0.024624567838630426,-0.022066292180944108
17.13 min | Xanthylic acid,-0.0036363636328645547,0.004751249292274289,0.0044405452496278875
17.14 min | (-)-Epigallocatechin 3-p-coumaroate,0.02612531613107336,-0.01860055830117521,-0.010552269041994317
"17.16 min | 11,13-Dihydrotaraxinic acid glucosyl ester",0.04749807477783522,-0.03239568717107623,-0.007173579278150768
17.16 min | 6-Epi-7-isocucurbic acid glucoside,0.010782410716594895,-0.020966874807856428,-0.014092051637186595
17.17 min | Procyanidin B1,-0.010860790514338591,0.04365392626236469,0.022975430614833335
17.18 min | Monoisobutyl phthalic acid,0.03655366327840101,0.033865278367249736,0.0014300236796420457
17.18 min | Isolimonic acid,-0.003110792801385968,0.0031184877158559826,-0.03248950500946417
17.18 min | Abscisic acid; LC-tDDA; CE30,0.048458205083451056,-0.031147074752918977,-0.008122755824530155
17.21 min | Epicatechin-(4beta->8)-gallocatechin,-0.024332423880521106,0.024415025363081308,0.03487845051309363
17.22 min | 4'-O-methyl-(-)-epicatechin-5-O-beta-glucuronide,0.029254067014584436,-0.031154088436167116,-0.000774495257078125
17.22 min | [Epicatechin-(4beta->8)]2-epicatechin 3'''-gallate,0.05884763919910336,0.02839627733396642,0.008952216000370637
17.24 min | FERULIC ACID,0.0049117624078679235,-0.029835878382078344,-0.03580895640434355
17.24 min | [Epicatechin-(4beta->8)]2-epicatechin 3'''-gallate,0.06509287689766013,0.0311423910907715,0.012537858475382543
"17.27 min | 6-Feruloylglucose 2,3,4-trihydroxy-3-methylbutylglycoside",0.0006641985367352194,-0.01105191294617958,-0.026798983953481025
17.28 min | Epicatechin 3-O-gallate-(4beta->6)-epicatechin 3-O-gallate-(4beta->6)-epicatechin 3-O-gallate,0.058878447721624476,0.04480324510738428,0.007768638116367179
17.28 min | eriodictyol-7-O-glucoside,-0.0017662586470319804,-0.003400028157671367,-0.03191977623288853
17.32 min | (-)-Epigallocatechin 3-(3-methyl-gallate),0.02755491040628175,-0.026763769164114527,0.007885636274225298
17.32 min | Butyl (S)-3-hydroxybutyrate [arabinosyl-(1->6)-glucoside],-0.011312728858636729,0.013839638655125391,0.007391839555476792
17.33 min | Isolariciresinol 9-O-beta-D-glucoside,0.011134251236121157,-0.023638478282774322,-0.005332977701095999
17.34 min | Epifisetinidol-(4beta->8)-catechin,0.014718318968977611,-0.012698572989157842,-0.01975534072616008
"17.36 min | 3,3'-Digalloylprocyanidin B2",0.05017619057595743,0.044283391374107764,0.011772130563457484
17.37 min | Linalool oxide D 3-[apiosyl-(1->6)-glucoside],-0.004792307447738881,0.00725313861836023,-0.013756838514455144
"17.39 min | 2-((2'-(5-Ethyl-3,4-diphenyl-1H-pyrazol-1-yl)-[1,1'-biphenyl]-3-yl)oxy)acetic acid",0.06580183698729697,0.002636070749067396,0.0025575070394342277
17.42 min | Gibberellin A75,-0.002891079345619556,0.02849185368267359,0.011619344245527142
17.42 min | Kaempferol 3-rungioside,0.0408378096977642,-0.026216708157240778,-0.008070972935316337
17.45 min | 4'-Methyl-(-)-epigallocatechin 3-(4-methyl-gallate),0.022796230150244554,-0.04177072651614062,-0.009677008834159381
17.48 min | 4'-O-Methylepicatechin 7-O-glucuronide,0.0432492920127916,-0.030464436675098187,-0.0020040705303248753
17.48 min | Pavetannin D1,-0.017465710832433735,0.04339916385037245,0.0017139083707652758
17.48 min | Epicatechin 3-O-(3-O-methylgallate),0.020632876543458193,-0.018948582925281576,-0.013882785879889092
17.52 min | naringenin-7-O-glucoside,0.04371671478131911,-0.010400096838521881,0.010980746426163908
17.53 min | Ethyl 7-epi-12-hydroxyjasmonate glucoside,0.007194241968382352,-0.0156383280470573,0.03877142891421799
17.55 min | (S)-9-Hydroxy-10-undecenoic acid,-0.019040733667068377,0.012286198505960948,-0.01732408065354898
17.56 min | 1-[2-(Benzhydryloxy)ethyl]piperidine-4-acetic acid ethyl ester,0.005087272996444057,-0.01833056967037436,0.03266329071877551
"17.57 min | (Z)-Resveratrol 3,4'-diglucoside",0.01918945179271634,-0.02410322296789,-0.011522713829050065
17.58 min | Epicatechin-(4beta->8)-gallocatechin,-0.010626470431814361,0.032721733762843624,0.01732208760458797
17.58 min | Isorhamnetin-3-O-galactoside-6''-rhamnoside,0.009860576582376875,-0.02022135223285496,-0.017349623638447515
"17.62 min | 2-[4-(3-Hydroxypropyl)-2-methoxyphenoxy]-1,3-propanediol 1-glucoside",0.011347153764649126,-0.0333069815093975,0.04756265869762605
17.63 min | Mono-trans-p-coumaroylmesotartaric acid,-0.0029737075896792897,-0.0014159128165440009,-0.04377463603522294
"17.65 min | (7'S,8'S)-4,7'-Epoxy-3,8'-bilign-7-ene-3',5-dimethoxy-4',9,9'-triol 4'-glucoside",0.04695035681794399,-0.028995068347434372,-0.016427960230224404
17.65 min | (-)-Catechin gallate,0.04520985146143751,0.042594128675697354,0.00833067718061121
17.66 min | Marmesin rhamnoside,-0.001935152779885066,-0.003922124983842074,-0.03261187487779245
17.67 min | Butyl (S)-3-hydroxybutyrate [arabinosyl-(1->6)-glucoside],-0.008096455539278817,0.010060167808285145,0.004976846599435643
17.67 min | Linalool oxide D 3-[apiosyl-(1->6)-glucoside],1.8347305457167663e-05,0.010253265558086614,0.01014973675149433
17.67 min | Limocitrin 3-glucoside,0.038240887282234695,-0.032958476110753136,0.017801008258688793
17.69 min | Kaempferol 3-alpha-D-galactoside,0.04040619727477135,-0.022351858881913753,-0.004505131751071747
"17.69 min | Epicatechin-(2beta->7,4beta->6)-catechin",-0.023420869040835242,0.058385324225670825,-0.012008648123185663
17.75 min | Phloretin-2'-O-glucoside,0.005683165775195262,-0.01607750526628655,0.02136668144161343
"17.77 min | 3,3'-Digalloylprocyanidin B2",0.05207837639173309,0.04905138542673173,0.0040140789248814335
17.78 min | Epicatechin 3-O-gallate-(4beta->6)-epicatechin 3-O-gallate-(4beta->8)-catechin,0.057641245692093376,0.04095774496678186,0.007886810192138606
17.78 min | Epicatechin 3-O-gallate-(4beta->6)-epicatechin 3-O-gallate-(4beta->8)-catechin,0.05349739060123914,0.035572244203296154,0.0069554734173276
17.78 min | 4-Hydroxybenzoic acid,-0.0037408752029404633,-0.016077055259468835,-0.014835733339858114
17.8 min | 3-Hydroxyphloretin 2'-O-xylosyl-glucoside,0.0034363827493292627,-0.004358419499759454,0.02493631716250881
"17.81 min | NCGC00380149-01_C22H26O11_Benzoic acid, 4-hydroxy-, 1-(hexopyranosyloxy)-1,4a,5,7a-tetrahydro-7-(hydroxymethyl)cyclopenta[c]pyran-5-yl ester",-0.0008358339682567086,-0.013548321822416928,-0.017643688285824802
17.81 min | Resveratrol 4'-(6-galloylglucoside),0.06590835504787688,0.0024199193101713517,0.022121284576184674
17.82 min | Evernic acid,0.001361250058280292,0.0021996000209623923,-0.021248951479381474
17.82 min | Ethyl 7-epi-12-hydroxyjasmonate glucoside,0.025988154512845706,-0.010712749869993788,0.037849684277038186
17.82 min | 1-Hexanol arabinosylglucoside,0.05722052801222655,0.0031962594679674438,0.0027184982747279146
17.83 min | Luteone 7-glucoside,0.021598316027656154,0.005636654035894046,0.026604688209629218
17.83 min | b-D-fructosyl-a-D-(6-O-(E))-feruloylglucoside,0.0,-0.0,-0.0
17.84 min | 1-[2-(Benzhydryloxy)ethyl]piperidine-4-acetic acid ethyl ester,0.027828218563504214,-0.01130118009290792,0.05081414243855432
17.85 min | 8-Hydroxypinoresinol 8-glucoside,-0.011651763410161053,0.016409751793090364,0.019815825697513396
17.86 min | 7-[3-(4-Acetyl-3-hydroxy-2-propylphenoxy)-2-hydroxypropoxy]-4-oxo-8-propylchromene-2-carboxylic acid,-0.0015213260943689189,-0.004887150400433659,-0.0018221185758768056
"17.89 min | QUERCETIN, DIHYDRO-",0.009496197241644721,0.008050956787940466,-0.02176184839950537
17.9 min | (-)-Naringenin,0.007726291064657213,-0.00022727581109082922,0.008995139128749994
17.9 min | Tauroursodeoxycholic acid.mol,0.031983738615971626,-0.010600599246765038,0.028733791363553682
17.91 min | Ellagic acid 2-rhamnoside,0.035239962855838976,0.02516165175825751,0.006597080585731352
17.91 min | Goyaglycoside h,-0.00251770911907188,0.0008754888855942559,-0.047475632147943
"17.91 min | (3S,7E,9R)-4,7-Megastigmadiene-3,9-diol 9-[apiosyl-(1->6)-glucoside]",0.016548789317821628,-0.000907439564917232,0.039190299782833705
17.92 min | PURPUROGALLIN-4-CARBOXYLIC ACID,0.013595826092621239,0.023802068747929173,-0.00838152689213867
17.93 min | 2-Hydroxybenzaldehyde O-[xylosyl-(1->6)-glucoside],0.017615334364933066,-0.040319151322060966,0.04042417325803251
17.95 min | 1-Hexanol arabinosylglucoside,-0.01007469925646746,0.013675160589606586,0.0022017560155770002
"17.96 min | 3,3'-Digalloylprocyanidin B2",0.05546663373398091,0.04866926157127344,0.011032119804489805
"17.97 min | Epicatechin-(2beta->7,4beta->6)-catechin",-0.017341304796325157,0.04121079997658105,0.0010873852727000203
"17.97 min | 3,3'-Digalloylprocyanidin B2",0.04929557115627347,0.04490862206410708,0.0024516747553762616
17.98 min | Epifisetinidol-(4beta->8)-catechin,0.032814042505707214,0.031374043057996175,0.008285994774787406
17.98 min | Epicatechin 3-O-gallate-(4beta->6)-epicatechin 3-O-gallate-(4beta->6)-epicatechin 3-O-gallate,0.056963191810594685,0.04729935827372964,0.005217719968739526
17.98 min | Fukinolic acid,0.011849743955410785,-0.03370989478055197,-0.026789012907166464
17.98 min | Linalool oxide D 3-[apiosyl-(1->6)-glucoside],-0.013038833055909553,0.02137462201374708,-0.0018663898905275733
"17.98 min | 3,5-Dihydroxy-4-[(6-O-{[4-(2-hydroxy-2-propanyl)-1-cyclohexen-1-yl]carbonyl}hexopyranosyl)oxy]benzoic acid",0.05897825289938577,-0.003095881459175254,-0.001146738358967203
18.0 min | Isolariciresinol 9-O-beta-D-glucoside,0.024790593522802412,-0.029053636127874365,-0.00585838039205722
18.02 min | Neryl rhamnosyl-glucoside,0.05185568101263108,0.029045722305086483,0.007868069095665295
18.05 min | Kaempferol,0.03899557501434767,-0.02207154313156768,-0.003737010538694983
18.07 min | ent-Epicatechin-(4alpha->8)-ent-epicatechin 3-gallate,0.06121038076968936,0.040685078988022046,0.009583501135065259
18.07 min | (2-Naphthalenyloxy)acetic acid,-0.006423107447130973,-0.01913929900160987,0.03901817656568618
18.08 min | cis-4-Decenedioic acid,0.0062190710341081794,0.014296134265115975,-0.014444490529490895
18.08 min | 6-Methylcoumarin,-0.005695774298397938,-0.01994360945927685,0.04083058215008525
"18.08 min | (7'R,8'R)-4,7'-Epoxy-3'-methoxy-4',5,9,9'-lignanetetrol 9'-glucoside",0.056622154607609325,0.037412091763227635,0.022297414355637316
18.08 min | beta-D-3-Ribofuranosyluric acid,0.04156750354921485,0.03868691605109793,0.00840066726847625
18.09 min | 2-(5-Fluoropentyl)-2-methylmalonic acid,-0.016814418627556404,0.0008196242898565302,0.02406236779006242
18.12 min | Epicatechin 3-O-gallate-(4beta->6)-epicatechin 3-O-gallate-(4beta->8)-catechin,0.054719191652495294,0.04849979208429833,0.007528448245644931
18.13 min | Quercetin 3-(2-caffeoylsophoroside) 7-glucoside,0.0615723441721325,0.0258500325857243,0.0021952892601487125
18.13 min | 4'-Methyl-(-)-epigallocatechin 3-(4-methyl-gallate),0.004916404271594616,-0.017480587879419432,-0.029501086256396344
18.13 min | 2-Hydroxy-3-[(2-carboxyethyl)thio]-3-[2-(8-phenyloctyl)phenyl]propanoic acid,0.046789522927478726,0.03641923327217215,0.009261942348844405
18.16 min | Syringetin 3-glucoside,0.005943838460056578,-0.026935221388921238,0.03987386543491901
18.18 min | (-)-Epigallocatechin 3-p-coumaroate,0.03583468270539785,-0.01667731318692789,0.008970986873676031
18.19 min | naringenin-7-O-glucuronide,0.0214157782436492,-0.029684308654162064,-0.019584644543082796
18.2 min | 4-Hydroxybenzoic acid,-6.88505259522321e-05,-0.009196430770958717,-0.00727933873462987
"18.2 min | (2S)-2-[[4-[(2,4-Diaminopteridin-6-yl)methyl]-2,3-dihydro-1,4-benzothiazine-7-carbonyl]amino]hexanedioic acid",-0.005503577894185465,-0.00031545846873529587,-0.017604108615564155
18.2 min | quercetin,0.010684244806466535,-0.0225014725889831,-0.010200086157816122
18.23 min | 8-Hydroxypinoresinol 8-glucoside,-0.004325446492122558,-0.003055572126619835,0.0173255599980449
18.24 min | (-)-Matairesinol 4'-[apiosyl-(1->2)-glucoside],-0.01184956029840251,0.02619083122162017,0.020136928426068703
"18.26 min | 7-Hydroxy-1,4,5-trimethoxyxanthone 7-O-[b-D-glucosyl-(1->2)-b-D-galactoside]",-0.0028170051690097585,-0.004303983248045299,0.011130689349232645
18.28 min | Isorhamnetin 3-galactoside,0.016230023935649675,-0.017112504468055623,-0.00167243027359906
18.33 min | EPICATECHIN,0.04202918923020623,0.011890219136488796,0.012692942848373441
18.33 min | Isolariciresinol 9-O-beta-D-glucoside,0.03863835259712084,-0.017952674494589066,0.0425918715479826
18.34 min | Epicatechin 3-O-(3-O-methylgallate),0.0388101684956225,0.024525960194030014,0.00859501192709128
18.34 min | 1-[2-(Benzhydryloxy)ethyl]piperidine-4-acetic acid ethyl ester,0.005388797413663572,7.247463224789321e-05,0.006644183490316752
18.35 min | Ellagic acid 2-rhamnoside,0.036670619960097614,0.024646559292434932,0.00599973115499697
18.37 min | eriodictyol-7-O-glucoside,0.0038129401817840265,-0.01715506444582058,-0.020298281484890386
18.37 min | Neryl rhamnosyl-glucoside,0.032065739684284736,0.021892395994014786,0.017068033794955622
18.39 min | Apigenin 7-O-Glucoside,0.0010993069122515028,-0.014407277263197144,-0.018480072911924616
18.39 min | Linalool oxide D 3-[apiosyl-(1->6)-glucoside],0.05606039397651966,0.02441706180955526,-0.006169872744515037
18.4 min | Epicatechin 3-O-gallate-(4beta->6)-epicatechin 3-O-gallate-(4beta->6)-epicatechin 3-O-gallate,0.056558714147248126,0.04431034516391573,0.0073731381527481895
18.4 min | Epicatechin 3-O-gallate-(4beta->6)-epicatechin 3-O-gallate-(4beta->6)-epicatechin 3-O-gallate,0.049172833095761787,0.047758975622129024,0.005029651206198587
"18.42 min | 2',4',6'-Trihydroxydihydrochalcone 2'-glucoside",-0.0022484350250698915,0.002199848850975647,0.026884827709327205
18.44 min | 3-(4-Hydroxybenzoyl)epicatechin,0.016113299482404444,-0.006923889081835135,0.007516584331471005
18.44 min | Dihydroxyphenylacetic acid,-0.008456922880852695,-0.0001040552177954179,-0.04337819120270216
18.44 min | (-)-erythro-Anethole glycol 1-glucoside,-0.01695396244950261,-0.011347616578027114,0.0625234718127682
18.44 min | 4'-O-methyl-(-)-epicatechin-5-O-beta-glucuronide,0.02009836515443958,-0.04238442688608568,0.03911223613701709
"18.44 min | (2R,6x)-7-Methyl-3-methylene-1,2,6,7-octanetetrol 2-glucoside",-0.012719669530327767,-0.019677521734675175,0.03403958443693229
"18.44 min | 1-[[4-(Dimethylamino)-3-methylphenyl]methyl]-5-(2,2-diphenylacetyl)-6,7-dihydro-4H-imidazo[4,5-c]pyridine-6-carboxylic acid",-0.010993807826487116,0.020081020267234018,-0.011694803037438431
18.5 min | Kaempferol 3-glucuronide,0.03569366512112623,0.024277399372025294,0.0058631313890135615
18.51 min | Ethyl 7-epi-12-hydroxyjasmonate glucoside,0.0038130975208326813,0.00803580460121195,-0.02921627936559555
"18.54 min | Epicatechin-(2beta->7,4beta->6)-catechin",0.04435714963075652,0.04294242443584768,0.004427327325075175
"18.55 min | 6-Feruloylglucose 2,3,4-trihydroxy-3-methylbutylglycoside",0.03790826589135261,0.03231250234722104,0.01709538821780724
18.55 min | (-)-Epigallocatechin 3-(3-methyl-gallate),-0.0033717883181346086,-0.014224516351296592,-0.01716312876092378
18.56 min | 4'-O-Methylepicatechin 7-O-glucuronide,0.0331035113930828,-0.023480835334987044,-0.007022458730742388
"18.57 min | 3,5-Digalloylepicatechin",0.04454063951604044,0.031521424677356795,0.00740447044334248
18.57 min | naringenin-7-O-glucoside,0.0037344102508075445,-0.018294443917445873,-0.026478545084383524
18.57 min | 4-Hydroxycinnamic acid,-0.003570443593999811,0.0029658808465074364,-0.04575794111952979
18.57 min | Myricanene B 5-[arabinosyl-(1->6)-glucoside],0.04393510073511347,-0.034236122463898656,-0.01215152533134122
18.57 min | Benzoic acid,0.010624463197058854,-0.036934337467403204,0.05126313183631135
18.57 min | Benzoylmalic acid,0.010570887227978313,-0.03713700066231256,0.05140637727588642
18.58 min | (R)-Rutaretin 1'-(6''-sinapoylglucoside),0.01375069465511636,-0.03597389922128973,0.039370341542257624
"18.59 min | 7,8-Dihydroxycoumarin",0.015637705469381764,0.015058852955659995,-0.00806704786341474
18.59 min | Kudzusaponin SA1,0.005204342158432812,0.0007593707779119834,-0.04502090935596268
18.6 min | L-Citronellol glucoside,0.010412355089084932,0.008557006162118963,-0.01878434925294609
18.6 min | Blumenol C glucoside,0.05241628583347353,0.0024122322678421233,0.0031184969297000232
"18.61 min | 2',4',6'-Trihydroxydihydrochalcone 2'-glucoside",0.02113545933296673,-0.03195900487774072,0.03162846989671361
18.62 min | Kaempferol 3-O-arabinoside,0.040285527290113324,-0.029059331354614873,-0.012133577847339103
18.62 min | 6-Epi-7-isocucurbic acid glucoside,0.005372573087948217,-0.03382006956693531,-0.01789374149831653
"18.63 min | ORSELLINIC ACID, ETHYL ESTER",0.008170469902051801,-0.031784086161733144,-0.028740323781967548
18.63 min | Neryl rhamnosyl-glucoside,0.05875762985921545,0.008959615641135382,0.004060212794553128
18.65 min | Epifisetinidol-(4beta->8)-epicatechin-(6->4beta)-epifisetinidol,0.033338410510316246,0.030667922261085744,0.0057217069863463475
18.7 min | Epicatechin 3-O-gallate-(4beta->6)-epicatechin 3-O-gallate-(4beta->6)-epicatechin 3-O-gallate,0.052022529350274266,0.048442106295569796,0.011178024473853992
18.73 min | Gravolenic acid,0.006410982235326506,-0.03360571674050425,-0.03612084826116379
18.74 min | Torachrysone 8-(2-apiosylglucoside),-0.006823106569169159,-0.006241338062696226,-0.012958355973981402
18.75 min | Ichangin 4-glucoside,0.04814508811113898,-0.018065899620503895,-0.009888986579721495
18.75 min | (S)-Multifidol 2-[apiosyl-(1->6)-glucoside],0.047310894947418324,-0.018575544215968194,-0.009881096127907874
18.78 min | Naringenin-7-O-rutinoside,-0.006949564116540653,-0.015091656580553371,-0.025084060859972505
"18.78 min | 5-Amino-1-[carboxy(methyl)amino]pentane-1,1,2,2,3,3,4,4,5-nonacarboxylic acid",0.005999286839424113,-0.02901343679007675,-0.006968463813179345
18.79 min | 3'-O-methyl-(-)-epicatechin,0.029224433573453057,0.006987799776608128,-0.009882177145085732
18.8 min | Epicatechin 3-O-(3-O-methylgallate),0.0082729244758638,-0.028870164246174498,-0.03166556530255121
18.81 min | Epicatechin 3-O-(3-O-methylgallate),0.021938492146471606,-0.01094644968655191,0.011934030780463591
18.82 min | 3-Hydroxyphloretin 2'-O-xylosyl-glucoside,0.045069629947487914,-0.008954760789168863,0.0018950290525321187
18.82 min | Phenethyl 6-galloylglucoside,0.04047171596903156,-0.028426483620175566,0.0398367605262813
18.84 min | 4'-O-methyl-(-)-epicatechin-5-O-beta-glucuronide,0.029060219057016626,-0.033645590728733465,0.023749864753115617
18.84 min | GALLIC ACID,-0.008689771081266274,0.005523003152371109,-0.013130923774308238
18.85 min | Limocitrin 3-glucoside,0.02872816095954684,-0.02381716847395412,-0.01092021024642647
18.85 min | Kaempferol 3-O-arabinoside,0.020869014171321462,-0.02473366836980705,-0.01145878666000025
"18.87 min | 3,3'-Digalloylprocyanidin B2",0.05784711432850096,0.04559376812913192,0.009372849152896923
18.87 min | ent-Epicatechin-(4alpha->8)-ent-epicatechin 3-gallate,0.05730488611294043,0.04642120576463577,0.010519245943768555
"18.88 min | 3,3'-Digalloylprocyanidin B2",0.055434501079704275,0.04507037523484816,0.008118430788892935
18.88 min | Keto-3-deoxy-D-manno-octulosonic acid,0.012540656732601466,-0.013553598968001674,0.040194496546654176
"18.93 min | 6,6'-Methylenebis(2,2-dimethyl-4-methanesulfonic acid-1,2-dihydroquinoline)",0.006835996446317493,0.009561844985292297,-0.0031592393438734418
"18.94 min | Kaempferol 3-(2'',4''-di-(Z)-p-coumaroylrhamnoside)",0.03730173781584324,-0.0019248800796726716,-0.019201171897463655
18.99 min | eriodictyol-7-O-glucoside,0.02495879015935009,-0.021428658849685932,0.007978505324026592
18.99 min | 4'-Methyl-(-)-epigallocatechin 3-(4-methyl-gallate),0.01760046015157134,-0.02240216477785594,0.009930103161576253
19.0 min | Epifisetinidol-(4beta->8)-catechin,0.03358535758544506,0.0267111101299463,0.009201486551207018
19.01 min | Sesaminol glucoside,0.020427711795250214,0.017346271382089863,-0.012917531176249778
"19.01 min | 2',7-Dihydroxy-4'-methoxy-8-prenylflavan 2',7-diglucoside",0.0005845859187674339,-0.023613980603349672,-0.016429832532306874
19.04 min | Gallic acid,0.009044531637042155,0.02930021961047317,-0.0035796631461383534
19.06 min | Gibberellin A1 glucosyl ester,-0.004853849496626565,-0.006612555698461322,0.02872306688085594
19.07 min | Luteone 7-glucoside,0.032110244956109917,0.0016978801551722831,0.005937530147710165
"19.07 min | Epiafzelechin-(4beta->6)-epicatechin 3,3'-digallate",0.011389259748448639,-0.0010024314302443983,-0.004602794755944904
19.08 min | Formononetin 7-(6''-methylmalonylglucoside),0.042047980684884,-0.025486938427142974,-0.004862759046114784
19.13 min | Naringenin,0.047485674293251186,0.011443320662644557,0.00729753603184226
"19.13 min | 3,5-Digalloylepicatechin",0.04527200282323188,0.04115391492157684,0.00936566915492388
"19.21 min | Epigallocatechin-(4b,8)-epicatechin-3-O-gallate ester",-0.00867651364317681,-0.01108691307936363,-0.006284552529146418
19.25 min | Kaempferol 3-O-arabinoside,0.010651263568354481,-0.030271052237231144,-0.027819447247976536
19.27 min | naringenin-7-O-glucoside,0.022383745390023302,-0.005589890954848874,-0.01557467988499446
19.27 min | Homovanillic acid,0.008662959757632234,0.01838732616407276,-0.011955036568875196
19.28 min | Epicatechin 3-O-gallate-(4beta->6)-epicatechin 3-O-gallate-(4beta->6)-epicatechin 3-O-gallate,0.05835737002475374,0.0476038437889255,0.00867395314944483
19.29 min | Epicatechin,-0.0021069406329176444,0.02216384290240903,-0.017155210342655422
19.31 min | (-)-Epigallocatechin 3-p-coumaroate,0.042242286107526554,-0.020121432214005804,0.014213887759621891
"19.33 min | 6,6'-Methylenebis(2,2-dimethyl-4-methanesulfonic acid-1,2-dihydroquinoline)",0.006049009929456249,0.0062742008161504985,-0.002551997977880822
19.33 min | 4-Hydroxybenzoic acid,-0.0018800700450859874,-0.017818531336813905,0.014797322772800393
19.36 min | Nonanedioic acid,0.039515084096108884,-0.028651832206656853,-0.0020682089969475447
19.37 min | 3-Hydroxytetradecanedioic acid.mol,-0.001560850657640645,-0.009672202599008787,-0.022820388369256445
19.38 min | Molludistin 2''-rhamnoside,0.012610524006444902,-0.039180266052462,-0.02754529337860902
19.39 min | 6-Epi-7-isocucurbic acid glucoside,0.030501759436053412,-0.031341081658729085,-0.017945936453096077
19.4 min | Isolariciresinol 9-O-beta-D-glucoside,0.06189069267980705,0.004147769178069383,0.028492128461418898
19.4 min | Homogentisic acid,0.011353992273041994,-0.019176714317295496,-0.0007636551275012199
19.41 min | Ethyl 7-epi-12-hydroxyjasmonate glucoside,-0.0023739567038072837,0.009813553582431089,0.010450912520131337
19.5 min | Vestitone 7-glucoside,0.012716662068925702,-0.022941381513188745,-0.018952316450272955
19.56 min | 8-Acetoxypinoresinol 4-glucoside,0.04631596313111235,-0.02861429137268391,0.014056862995025855
19.57 min | 2-Hydroxyadipic acid,-0.0036215727524806294,0.0018220887708720115,-0.04432565169598459
19.58 min | ISORHAMNETINE-3-GLUCOSIDE,0.027962186417839575,-0.03169723165745456,-0.021900757698506874
19.59 min | Gravolenic acid,-0.0007726083984630478,-0.013184834634844919,-0.02050913785335636
"19.65 min | 16,17-Dihydro-16alpha,17-dihydroxygibberellin A4 17-glucoside",0.011984254472597706,-0.03355780967701521,0.04876068900740757
19.66 min | kaempferide 3-glucoside-7-rhamnoside,0.01265932106982383,-0.02779493259169063,0.04445161219338659
19.67 min | Lupiwighteone hydrate 7-glucoside,0.03914096260206702,-0.03755442732457792,-0.018190461605777437
19.67 min | EPICATECHIN,0.041429329280725735,-0.004713770248283262,0.029997270233888124
19.67 min | Naringenin,0.01729295076175961,-0.0199631504906302,0.032146007470632905
19.68 min | Epicatechin 3-O-(3-O-methylgallate),0.03532822993771199,-0.00727432203667364,0.03964922085574678
19.68 min | Tricin 7-glucoside,0.008123012984831543,-0.023375840057843548,-0.0175257479642951
19.71 min | 3-(4-Hydroxybenzoyl)epicatechin,0.04290682641107363,0.009817431881432557,0.035920597824695394
19.76 min | Xerocomic acid,0.01218748806153421,-0.028798921696511992,-0.024807164892815214
"19.77 min | Benzene-1,2,3-tricarboxylic acid",0.016279557057618448,-0.013345191469006071,-0.04160825986294034
19.78 min | (-)-Epigallocatechin 3-p-coumaroate,-0.006256621268524779,-0.010536090180630583,0.016277204786553544
19.81 min | (-)-Epigallocatechin 3-cinnamate,0.055988866326173836,0.029748638794306274,-0.0031578139725422006
19.82 min | 4'-Methyl-(-)-epigallocatechin 3-(4-methyl-gallate),0.03184587536365309,-0.020850540675485665,0.037754590712432624
19.82 min | Myricanene B 5-[arabinosyl-(1->6)-glucoside],0.03392963216940366,-0.024472657617528093,-0.0021521015613181786
19.86 min | Neryl rhamnosyl-glucoside,0.05375933449730725,-0.0009975459835523091,-0.010002088152856529
19.88 min | Resveratrol 4'-(6-galloylglucoside),0.02347947005407502,-0.017904654512434722,0.04094908034636204
"19.92 min | Epiafzelechin-(4beta->6)-epicatechin 3,3'-digallate",0.016124911154462556,0.014257182310753623,-0.00309912878542542
19.94 min | 3-Hydroxyisoheptanoic acid,-0.02868022197618646,-0.009040890891186266,0.07406332372880803
"19.95 min | .beta.-(2,5-Dimethylbenzoyl)propionic acid",-0.014327624140633767,0.0018985992018688278,0.020550596239475246
19.98 min | 4'-O-Methylepicatechin 7-O-glucuronide,0.007788174699443606,-0.012984660396831414,-0.012929827517179122
20.01 min | (-)-Epigallocatechin 3-p-coumaroate,0.03617658762589299,-0.01401281736382567,-0.00279782821395726
"20.04 min | Maclurin 3-C-(2'',3'',6''-trigalloylglucoside)",0.02531747845490944,0.019401203219363616,-0.012173153565272357
20.09 min | Apigenin-8-C-glucoside,0.020739830866702516,-0.021764166332705503,-0.01858806609412148
20.16 min | FERULIC ACID,-0.014008644106447593,0.03311265712543041,-0.02087481466123625
"20.23 min | Epigallocatechin-(4b,8)-epicatechin-3-O-gallate ester",-0.001108491691563461,-0.009235585843742225,-0.013793562718998863
20.24 min | Epifisetinidol-(4beta->8)-catechin,-0.0029839451513490284,-0.021022296386275546,0.03214704359800313
"20.24 min | 2',7-Dihydroxy-4'-methoxy-8-prenylflavan 2',7-diglucoside",0.031130856123748107,-0.019261416502175027,0.004435087586100812
20.27 min | Isolimonic acid,0.057034145067869746,-0.012554937595463894,0.0011846890770802056
20.31 min | Gibberellin A105,0.006871613554668443,0.008760312066357915,-0.022552693350912874
20.31 min | Isoorientin 2''-[feruloyl-(->6)-glucoside],0.01235284147186772,-0.01995478501535234,-0.01545842795584495
20.36 min | 6-Epi-7-isocucurbic acid glucoside,0.04162969565626124,-0.03133531129977712,-0.010499749426585993
20.37 min | Medicarpin 3-O-(6'-malonylglucoside),0.02843324672516193,0.026811867511542627,0.01280689640078191
20.37 min | 1-(4-(5-Maleimidopentyl)aminobenzyl)ethylenediaminetetraacetic acid,0.05956269939283182,0.025097160322451996,0.0015727950995370605
20.38 min | (E)-4'-Methylresveratrol 3-glucoside,0.016398450945629788,-0.03397109558767582,0.034684604548177594
20.38 min | Limocitrol 3-glucoside,-0.010993268632911411,0.016543165074994037,0.01712623814802959
"20.42 min | (4R,5S,7R,11x)-11,12-Dihydroxy-1(10)-spirovetiven-2-one 12-glucoside",0.003679734423049678,-0.016243724492425258,-0.019061262007262544
20.45 min | 3-(4-Hydroxybenzoyl)epicatechin,0.0021785203237147713,-0.016455296052527286,0.020958972094568904
20.46 min | 2-Hydroxy-3-[(2-carboxyethyl)thio]-3-[2-(8-phenyloctyl)phenyl]propanoic acid,0.051768140023927774,0.0237700111547783,0.021120235618918088
20.47 min | 1-(4-(5-Maleimidopentyl)aminobenzyl)ethylenediaminetetraacetic acid,0.0002779642133254696,-0.01992613684798548,0.020079078840815532
20.47 min | C.I. Acid Green 3,-0.002639457332770203,-0.0027788745121144058,0.013813237296457106
20.49 min | 3-[2-[[2-[[2-Acetamido-3-(4-hydroxyphenyl)propanoyl]amino]-3-methylbutanoyl]amino]propanoylamino]-4-oxobutanoic acid,0.04732856728448573,0.03801188505940125,0.008691881139362161
20.5 min | Myricanol 5-(6-galloylglucoside),0.029111834638038295,-0.029995234536471863,0.0370319308529888
20.57 min | Neryl rhamnosyl-glucoside,0.05117596881658884,-0.013563876491331965,-0.009802388990202058
20.6 min | 4-Hydroxybenzoic acid,-0.02144470407231826,0.026505467562224157,0.026902469984737633
20.67 min | C.I. Acid Green 3,0.01577761530942716,-0.0005079388793715423,0.012926606770214006
20.7 min | Epifisetinidol-(4beta->8)-catechin,-0.006948048520600772,-0.010714293745405577,0.013139514951551239
20.8 min | Soyasaponin III,-0.0014632136111531187,0.00038041317816971565,-0.04530332513894266
20.81 min | Traumatic acid,0.011992376114259287,0.0091484732917956,-0.018378144967756468
"20.88 min | Catechin 3',4'-diglucoside",-0.0008217206053708607,-0.013492973532557363,-0.013328763081061389
20.88 min | dihydroquercetin,0.0457130701034907,0.026645731491813228,-0.011859810190790366
20.94 min | 8-Hydroxypinoresinol 8-glucoside,-0.013811004186220896,0.023326780161674308,0.020943865212202668
21.01 min | 3-(Cyclohexylamino)-2-hydroxy-1-propanesulfonic acid,-0.011293269348407034,-0.020598350964629884,0.05616262460017139
"21.05 min | (4S,7S,12Br)-7-[[(2R)-2-acetylsulfanyl-3-phenylpropanoyl]amino]-6-oxo-2,3,4,7,8,12b-hexahydro-1H-pyrido[2,1-a][2]benzazepine-4-carboxylic acid",0.011958342409323525,-0.019556622805066842,0.003775406661082856
21.06 min | cis-4-Decenedioic acid,0.004569394736278781,0.020345549861938306,-0.009373378636003422
21.09 min | 1-(4-(5-Maleimidopentyl)aminobenzyl)ethylenediaminetetraacetic acid,0.016843461775059396,-0.02819850269755542,-0.006565002564095236
21.11 min | 4-Hydroxybenzoic acid,-0.010309881916323324,0.0065546500468772395,-0.004281462657931223
21.14 min | Nb-trans-Feruloylserotonin glucoside,0.03616028360489904,0.016426552563991306,-0.013741388002884684
21.19 min | (-)-epicatechin-3'-O-glucuronide,0.0011622150450339057,-0.009268914780429495,-0.008824009111517487
21.25 min | Luteone 7-glucoside,0.001704369129090614,-0.01144382979512968,-0.014759776076277101
21.29 min | (-)-Epigallocatechin 3-cinnamate,0.04806386748913503,-0.006228361963894926,-0.013937999592248883
21.32 min | 1-(4-(5-Maleimidopentyl)aminobenzyl)ethylenediaminetetraacetic acid,0.014135639631932017,-0.0112734749064747,0.011484285573697257
21.35 min | Methyl salicylate O-[rhamnosyl-(1->6)-glucoside],-0.02013543703815719,0.01684190528589272,-0.02141436458207244
21.38 min | Epifisetinidol-(4beta->8)-catechin,0.033393099174495684,0.04505205794469172,0.0007861256666224062
21.55 min | (±)Abscisic Acid,0.015392215925067622,-0.02817396666384419,-0.03300234596590579
21.55 min | 3-Hydroxytetradecanedioic acid.mol,0.004535270353222306,0.016206189127560992,-0.016198356807039894
21.61 min | 7-Hydroxyoctanoic acid.mol,-0.009620256929788023,-0.011257657176654686,0.01611552201685002
21.74 min | (+)-Epicatechin,0.04010840433150077,0.05604917029057538,-0.003913377336397879
"21.83 min | (-)-Epigallocatechin 3,5-di-gallate",0.018435481842168026,0.03042408059177543,-0.0025568010629292205
"21.88 min | Epicatechin-(2beta->7,4beta->6)-catechin",0.009995246798137427,-0.01373822970831975,0.039330093018371946
21.91 min | 2-[(4-{2-[(4-Cyclohexylbutyl)(cyclohexylcarbamoyl)amino]ethyl}phenyl)sulfanyl]-2-methylpropanoic acid,-0.006631462252123597,0.026681611869830736,0.02517252256939729
21.97 min | SEBACIC ACID,0.02515982774528663,-0.013175412212405226,0.034095969658393906
22.01 min | Luteolin,0.007215435133334539,0.026680617042485852,-0.05184488369556095
22.1 min | Phenylpyruvic acid,-0.01325081518559603,-0.0026639129187679433,0.033172908142230985
22.12 min | Dodecanedioic acid.mol,0.004394604854648286,-0.01786997977746282,-0.021040477188689774
22.12 min | xi-7-Hydroxyhexadecanedioic acid,-0.007505081230406946,0.01848545604145507,-0.02695357035639266
22.14 min | Protobassic acid,0.010847717786105944,0.015451989089235573,-0.012847277640650615
22.16 min | Indole-3-acetylglutamic acid,-0.005242388643259576,-0.005980933848447631,0.04922256023679085
22.25 min | 4'-O-methyl-(-)-epicatechin-3'-O-beta-glucuronide,-0.023868676021130054,0.0071220126536685234,0.020278972297095302
22.26 min | Hulupinic acid,0.009639884220666523,0.018687409210052082,-0.012625208290934213
22.42 min | glutamic acid betaine,0.015206050524072782,-0.034048179295660605,-0.02804737943456104
22.44 min | kaempferide 3-glucoside-7-rhamnoside,0.03333236038233388,-0.000571195773704766,-0.006655678825052202
22.65 min | (-)-Epigallocatechin 3-cinnamate,-0.008115323537980838,0.002419236487764758,0.0099896084248017
22.65 min | 8-Hydroxypinoresinol 8-glucoside,-0.008447221700072269,0.001743096653942948,-0.022402514597795277
22.69 min | (1'R)-Nepetalic acid,0.015005943081308324,0.01543939427174315,-0.009008465502740976
22.8 min | glutamic acid betaine,-0.009581352212196186,0.010436899796985116,0.0016949823327621744
22.86 min | Methylenediphosphonic acid,-0.011850274769727989,0.0018902099519371302,0.006071532641757235
22.87 min | 1-(4-(5-Maleimidopentyl)aminobenzyl)ethylenediaminetetraacetic acid,0.02172797121871449,-0.02874551957721446,-0.02320269652135943
22.88 min | Hesperetin 7-glucoside,0.02820843818761246,0.012643997446154614,-0.002461521306491484
22.94 min | Methyl nomilinate 17-glucoside,0.01720075591334994,-0.025118280031282088,-0.018411061473034382
22.94 min | 7-Methyl-cholic acid,-0.0027550679305266023,-0.004640193000708446,-0.011215732538275423
23.04 min | ent-Epicatechin-(4alpha->8)-ent-epicatechin 3-gallate,0.0013853057999918782,-0.017283355922287733,-0.012516823153274936
23.06 min | glutamic acid betaine,0.01939358033261362,-0.02914104029430244,-0.018656125925861917
23.1 min | kaempferol 3-rhamninoside,0.018039956265420688,-0.02920303247663485,-0.02015000085965799
23.14 min | kaempferide 3-glucoside-7-rhamnoside,0.014959396464603371,-0.022608975578168013,-0.014996619836067683
23.15 min | Protobassic acid,0.040976350741151,0.041698499097076326,0.005179143446049639
23.26 min | Pressinoic acid,0.00670582893975484,-0.015473910921974936,0.02488399560376671
23.3 min | 2-[1-[2-[(4-Carbamimidoylbenzoyl)amino]-3-(4-hydroxyphenyl)propanoyl]piperidin-4-yl]oxyacetic acid,0.041264874518876636,0.023758443954455442,-0.007165219539246294
23.3 min | 4-Methoxycinnamic acid,-0.012594594572955167,0.021770503280191186,-0.025640793657106423
23.31 min | (-)-Catechin gallate,0.05395815856747751,0.036947657159390655,0.005769391643822243
23.4 min | glutamic acid betaine,0.014733927414785583,-0.03334223190520346,-0.021254945968098952
23.4 min | Methylenediphosphonic acid,-0.01705468331907669,0.006087747545791087,-0.001350351707561903
"23.48 min | 3-Hydroxylup-20(29)-ene-23,27,28-trioic acid",0.0090924241471572,0.012034317596835601,-0.008974774998316396
23.54 min | Phthalic acid,-0.001098079455491273,0.014681648108663707,0.003756268272889854
23.54 min | 4-Hydroxyphenylpyruvic acid,-0.01697719603503032,-0.010340792442837744,-0.005566243815202573
23.57 min | C.I. Acid Green 50,-0.023590909201033437,0.010494982390235925,0.02438014058043309
23.67 min | kaempferol 3-rhamninoside,0.016574695508976906,-0.029020017712265176,-0.018711152438209734
23.7 min | Methyl salicylate O-[rhamnosyl-(1->6)-glucoside],-0.0072248734224230025,0.007144167677786161,-0.0367729514999313
23.7 min | glutamic acid betaine,0.021525900583326544,-0.03064521977059572,-0.02290079812973963
23.73 min | glutamic acid betaine,0.020830857804275293,-0.02920996434323932,-0.020582642153829624
"23.79 min | (S)-7-(3-Amino-1-pyrrolidinyl)-1-cyclopropyl-6-fluoro-1,4-dihydro-4-oxo-1,8-naphthyridine-3-carboxylic acid",0.015406291188771903,0.023487269159308797,-0.010133467316410912
23.82 min | Neryl rhamnosyl-glucoside,0.042796054105130835,0.04217172062664763,0.002744580562069487
23.85 min | 6-(D-alpha-(3-Guanylureido)phenylacetamido)penicillanic acid,-0.01098796750207936,0.0026332961934687578,0.026542610407645002
23.91 min | 19-Hydroxycinnzeylanol 19-glucoside,0.008982157016216383,-0.027642968206637718,-0.020963258679441134
23.95 min | Saponin H,0.034949779264990634,0.02960671861893565,0.0038038072758846343
24.03 min | Myricanol 5-(6-galloylglucoside),0.012958248581511404,0.005911240397251988,-0.020995614359218068
"24.05 min | trans-p-Menthane-1,7,8-triol 8-glucoside",0.046312246715630556,-0.0034365768524071212,-0.013522512220271616
"24.07 min | (S)-2,3-Dihydro-3,5-dihydroxy-2-oxo-3-indoleacetic acid 5-glucoside",-0.012416819713090185,0.008142424619806857,-0.023399715688575854
"24.09 min | 7-Methyl-1,4,5-naphthalenetriol 4-[xylosyl-(1->6)-glucoside]",0.007670783653762554,0.011602440268473053,0.0077704844912483305
24.17 min | xi-7-Hydroxyhexadecanedioic acid,0.005700023923122725,0.01621049748190268,-0.015954943833875263
"24.23 min | 3,5-Digalloylepicatechin",0.04189315528101521,0.0391271650465326,0.007010716580980682
"24.24 min | (11E,15Z)-9,10,13-Trihydroxy-11,15-octadecadienoic acid",0.019429505529047944,-0.017585121866647752,-0.02562014045554974
24.31 min | Methyl nomilinate 17-glucoside,0.003413198107376863,0.0002999406600002315,-0.007837882248574672
24.48 min | Pressinoic acid,-0.019471721790966182,0.005355591199087884,0.009760203359631429
"24.48 min | 2-(3,7,11-Trimethyldodeca-2,6,10-trienylsulfanyl)benzoic acid",0.032536835268009254,-0.026953195651200763,-0.012697018671913191
24.59 min | Jasmonic acid,0.01168991278943292,-0.03068117950574454,-0.030353637233353874
24.61 min | 8-Acetoxy-4'-methoxypinoresinol 4-glucoside,-0.002653398540531934,0.012080765688498715,0.0023734279181804444
24.79 min | Myricanol 5-(6-galloylglucoside),-0.004482177749951776,-0.004351393747833964,-0.01782712938968919
24.81 min | Methyl salicylate O-[rhamnosyl-(1->6)-glucoside],0.008376558496742958,-0.03324327141074431,-0.00622128438511106
"24.82 min | 9,10,13-Trihydroxystearic acid",0.040478210466218474,-0.033543026294963814,-0.027504700186327675
24.85 min | (±)-Naringenin,-0.0002938513659994379,-0.013106845609450224,-0.015925200554800942
25.08 min | Kaempferol,-0.003014984941644109,-0.01220922576058945,-0.012464121354935053
25.22 min | Medicagenic acid,0.006571915155083319,0.010905521449821305,-0.010819998005699587
"25.23 min | (Z)-5,8,11-trihydroxyoctadec-9-enoic acid",0.021475017716899473,0.013990400821341406,-0.020723156580803256
25.25 min | Phthalic acid,-0.006127897587309468,-0.01039676221151284,0.016247629183233858
25.32 min | Traumatic acid,0.014337545193331898,-0.03036137882128287,-0.02626127327129861
"25.4 min | (Z)-9,12,13-trihydroxyoctadec-15-enoic acid",0.0034094673052371067,0.010727260695795937,-0.008329738514013535
"25.4 min | (11E,15Z)-9,10,13-Trihydroxy-11,15-octadecadienoic acid",0.007734493815269775,0.014327547207729092,-0.014288039090046249
25.51 min | Traumatic acid,0.004810002182962431,-0.016760531651400606,-0.01688126491731348
25.61 min | 4-Hydroxy-3-(3-methyl-2-buten-1-yl)benzoic acid,-0.007381459227395081,0.0044853729218052064,-0.01086279568301824
25.69 min | 3'-Prenylapigenin 7-[rhamnosyl-(1->6)-glucoside],-0.0003769582837073418,-0.01362064674141659,0.009292313091812703
25.69 min | Protobassic acid,0.009319031181462148,0.01790345047157602,-0.014068034416997085
"25.75 min | (S)-10,16-Dihydroxyhexadecanoic acid",0.013843206774108939,-0.03168222935877484,-0.029332888744923125
25.8 min | (7'R)-(+)-Lyoniresinol 9'-glucoside,-0.0032799324113673292,-0.012419954299850183,-0.0068565745330992165
25.88 min | beta-D-3-[5-Deoxy-5-(dimethylarsinyl)ribofuranosyloxy]-2-hydroxy-1-propanesulfonic acid,0.0009673408314255637,-0.017231131351569767,-0.0028787122233641512
25.91 min | Medicagenic acid,0.01708913231206885,0.023534164251374452,-0.011657531067975267
26.02 min | Phenylpyruvic acid,0.0060510349349124975,0.013274256786264316,0.0025044642734548487
26.06 min | Dodecanedioic acid.mol,0.01456893986361617,-0.02214335531627844,-0.023146904502665582
26.06 min | 6-[Ethyl-(3-isobutoxy-4-isopropylphenyl)amino]nicotinic acid,0.04708802028668681,0.03669894584766106,0.007418987979129474
"26.13 min | Viniferin 3&apos;,5&apos;-diglucoside",-0.00807108388958553,0.0013490055643890025,-0.016987154000623738
26.14 min | beta-D-3-[5-Deoxy-5-(dimethylarsinyl)ribofuranosyloxy]-2-hydroxy-1-propanesulfonic acid,-0.00871888414112947,0.003071987451472126,0.0204910952019943
"26.27 min | (5R,6S)-3-(2-Carbamoyloxyethylsulfanyl)-6-(1-hydroxyethyl)-7-oxo-4-thia-1-azabicyclo[3.2.0]hept-2-ene-2-carboxylic acid",0.009517095823385002,0.008938720220574875,-0.0004905442635226219
26.28 min | (Â±)-3-Hydroxynonanoic acid,0.02958544956682354,-0.01931895042147348,0.019997456262837766
26.29 min | Thelephoric acid,-0.01804875864390389,0.017264636922123235,0.016640876210224972
26.35 min | 8-Hydroxypinoresinol 8-glucoside,0.02106991622437431,0.024149965043215843,0.010886962583173038
26.45 min | Ranelic acid,-0.01898520031906236,0.0009692292112080501,0.03293062245929709
26.5 min | Benzoylmalic acid,0.02011811901099109,-0.006224190509689269,-0.016492190224903357
26.52 min | Monoisobutyl phthalic acid,-0.010899284623881969,-0.026152951080545866,0.022056400485301463
26.52 min | (R)-5-Diphosphomevalonic acid,0.00790628783651836,0.013155642972235287,-0.021128997770304934
26.55 min | Thelephoric acid,-0.011731944874127622,-0.01709911860656847,0.019790659639335715
26.57 min | 13-Hydroxy-9-methoxy-10-oxo-11-octadecenoic acid,0.022149248805138844,-0.014110207619489373,-0.03723332526088018
26.63 min | 8-Acetoxy-4'-methoxypinoresinol 4-glucoside,0.012008015317445442,0.02441522383702186,0.00911199286744969
26.72 min | Ranelic acid,0.0022031630328839436,0.0064481098990097005,-0.007896418307185633
26.74 min | 2-[(4-Benzamidophenyl)sulfonylamino]acetic acid,-0.004750932817179336,-0.011533917700712085,-0.009428967374506542
26.76 min | Traumatic acid,-0.01471849779315168,-0.0075660101386491735,0.056237887003817016
26.79 min | Isonuatigenin 3-[rhamnosyl-(1->2)-glucoside],0.04164176004502381,0.03055413404552733,0.019340288969598596
26.83 min | Hexadecanedioic acid,0.009133718433324327,-0.026788327056233616,-0.024000983909724993
26.83 min | Thelephoric acid,0.009152421584701646,0.009082925342184186,-0.021053555918148233
26.9 min | 3-Hydroxycapric acid,0.0024425108738760637,0.01403992785923435,-0.013431984082132115
26.97 min | Ranelic acid,-0.0049866363454463564,-0.011692120472288929,0.016431648625238212
26.97 min | Cucurbic acid,0.005297138647381928,-0.024217610015470587,-0.027728748600709716
27.03 min | 2-[(4-Benzamidophenyl)sulfonylamino]acetic acid,0.00857871479007684,-0.006824167050043817,0.0037710392574908814
27.09 min | (R)-3-Hydroxy-5-phenylpentanoic acid,-0.009983591023153549,-0.023037239194767717,0.008156017554473986
27.24 min | Ranelic acid,0.015582217392624302,0.008692706051171718,-0.04293295854420172
"27.25 min | 1,11-Undecanedicarboxylic acid",0.01916230902880843,-0.021621965598825895,-0.008871068342595708
27.3 min | Protobassic acid,0.020983417133103702,0.02756071926791198,-0.009458688771789646
27.33 min | Maslinic acid 3-O-b-D-glucoside,0.013913982507718577,-0.02706747482501549,0.04315597876880789
"27.52 min | 3-Hydroxylup-20(29)-ene-23,27,28-trioic acid",0.005781070907340237,0.009709941835791502,-0.010940474606443382
27.53 min | Ganoderic acid beta,0.011597396662481985,0.017369384578849827,-0.0128430355368853
27.62 min | 7-Aminocephalosporanic acid,-0.0036458365878015543,0.0012785355160461786,0.013219788423612707
27.63 min | 2-[(4-Benzamidophenyl)sulfonylamino]acetic acid,0.0016194458914592803,-0.002812908494809879,0.009792754102685583
"27.66 min | (2R)-2-{(1R)-2-Oxo-1-[(2-thienylacetyl)amino]ethyl}-5,6-dihydro-2H-1,3-thiazine-4-carboxylic acid",0.021097055963744307,-0.0030046217185870174,-0.0012514242378297985
"27.68 min | 9,10,13-Trihydroxystearic acid",0.03539670182491682,0.01061603081404809,-0.07310341364902954
27.7 min | 8-Hydroxyluteolin 8-glucoside 3'-sulfate,0.011126797841264217,0.0040869405699841726,-0.016409262744007932
27.74 min | Bassic acid,0.013560775712260522,0.020070203170973296,-0.011271380167677402
27.76 min | Ellagic acid arabinoside,-0.00315274915636259,0.017690146526151158,-0.013258277777210907
27.77 min | uric acid citrate,0.0015245248993004308,0.004003686721304487,0.004836879325528531
27.82 min | Bismuth Subsalicylate,0.0042641147418705045,-0.011104812704382532,-0.01297444473163431
27.87 min | 7-Aminocephalosporanic acid,-0.003619382732637199,-0.0051868126611283386,0.004048941197847094
27.93 min | 3-Hydroxycapric acid,0.02641532741574141,-0.017944344659683135,0.015714639538800614
"27.94 min | (S)-10,16-Dihydroxyhexadecanoic acid",0.038428312018765544,0.039183264551629016,0.010122847133805223
"27.98 min | (5R,6S)-3-(2-Carbamoyloxyethylsulfanyl)-6-(1-hydroxyethyl)-7-oxo-4-thia-1-azabicyclo[3.2.0]hept-2-ene-2-carboxylic acid",0.009142540724962364,0.01521949508606919,-0.024309920343537673
27.99 min | Hexadecanedioic acid,0.03966138586247865,0.04306604694661147,0.004516143498225484
28.01 min | uric acid citrate,-5.838942505081855e-06,0.0016883983778302968,0.012847542891254327
28.01 min | Gossypetin 8-glucoside 3-sulfate,-0.00973800538335826,-0.012482400849950295,0.02150378603138066
28.06 min | Medicagenic acid,0.037097339406834434,0.04138990219243743,-0.0011709283110088267
28.08 min | Orotidylic acid,-0.005894504377495297,-0.008656826405870186,0.0007009607852043106
"28.12 min | 3,7-Dimethylquercetin",-0.005635997562159608,-0.02289079728685664,-0.009098378419746233
28.14 min | Prehumulinic acid,-0.014040837452378788,0.007868794211560335,0.05391041234367112
28.15 min | Hydroxy-2-naphthalenylmethylphosphonic acid tris-acetoxymethyl ester,0.004523224644215648,0.018768041712494625,0.004707563950269933
"28.15 min | (4aS,6aS,6bR,9R,10R,11R,12aR)-10,11-dihydroxy-9-(hydroxymethyl)-2,2,6a,6b,9,12a-hexamethyl-1,3,4,5,6,6a,7,8,8a,10,11,12,13,14b-tetradecahydropicene-4a-carboxylic acid",0.021731616831772552,0.025326093934821995,-0.011897350480327838
"28.16 min | 2',7-Dihydroxy-4'-methoxy-8-prenylflavan 2',7-diglucoside",0.024866346714563278,-0.040479580952086563,-0.004350130734018291
28.26 min | Octadecanedioic acid,0.01009246822365612,0.006740432377649474,0.008428827760073039
28.26 min | 1-Palmitoyl Lysophosphatidic Acid,0.027264939177697227,-0.008450725008406075,-0.01825382685023607
28.28 min | Gossypetin 8-glucoside 3-sulfate,-0.009014206237284602,7.307034230132863e-05,0.011610084849275303
"28.32 min | 5-Amino-1-[carboxy(methyl)amino]pentane-1,1,2,2,3,3,4,4,5-nonacarboxylic acid",0.005984103283600294,-0.0028736733785066364,0.004097657492709035
"28.34 min | (S)-10,16-Dihydroxyhexadecanoic acid",-0.012880142549240374,0.006738386812070379,-0.031354696648812366
28.49 min | Fasciculic acid A,0.0016084996909113856,-0.011399867075915851,-0.02104762419248495
28.54 min | 1-Oleoyl Lysophosphatidic Acid (sodium salt),0.0036260582188515442,-0.013369127049400112,-0.017343176217896397
"28.57 min | 5-Amino-1-[carboxy(methyl)amino]pentane-1,1,2,2,3,3,4,4,5-nonacarboxylic acid",0.0014655439063774177,0.0011001606163244884,-0.016398760693788927
28.65 min | Orotidylic acid,0.005318700486665252,0.0013102868365582059,0.014951831442442923
28.67 min | 12-Hydroxydodecanoic acid,0.0003347087611028075,0.01855590530442886,0.01162562585098631
28.67 min | Ranelic acid,0.013055832363829921,-0.02900141079037295,-0.01392161771682609
"28.82 min | Succinic acid, sulfo-, 1,4-dioctyl ester",-0.007186725743098231,0.0029709180052839854,0.0042018909728049276
"28.82 min | 5-Amino-1-[carboxy(methyl)amino]pentane-1,1,2,2,3,3,4,4,5-nonacarboxylic acid",0.007862309369920233,0.01402620185034799,-0.03289435178441112
28.9 min | [2-(hexadecanoyloxy)-3-[octadec-11-enoyloxy]propoxy]({[2.3.4.5.6-pentahydroxycyclohexyl]oxy})phosphinic acid,-0.0014627591577067803,-0.008798298178662473,0.011644866548949489
28.9 min | Gossypetin 8-glucoside 3-sulfate,0.0020879826098897714,0.012952215475324073,-0.032849954885669254
28.94 min | 8-Hydroxyluteolin 4'-methyl ether 8-glucoside-3'-sulfate,-0.007355433600603607,0.004704932238390094,0.011713959054807342
"29.04 min | 1-Acetyl-3,14,20-trihydroxywitha-5,24-dienolide 3-glucoside",0.01650892347252873,-0.00030185195689722694,-0.05434437207400663
29.09 min | [2-(hexadecanoyloxy)-3-[octadec-11-enoyloxy]propoxy]({[2.3.4.5.6-pentahydroxycyclohexyl]oxy})phosphinic acid,-0.0064609981269947115,-0.007617113814480219,0.03320965799311314
29.18 min | 8-Hydroxyluteolin 4'-methyl ether 8-glucoside-3'-sulfate,-0.013244271341985586,0.0014318801529162178,0.027541619933552204
29.19 min | Orotidylic acid,0.007098242088629149,0.011669276697958534,-0.009140912806782912
29.22 min | Medicagenic acid,0.021605282427766763,0.021987683235388508,-0.005127588232423002
29.31 min | Octadecanedioic acid,0.025087454736288498,0.0016737828917558885,-0.03242980723872255
"29.42 min | (S)-10,16-Dihydroxyhexadecanoic acid",0.0012043060466465402,-0.00637520767048786,-0.049692638799696154
29.43 min | 8-Hydroxyluteolin 4'-methyl ether 8-glucoside-3'-sulfate,-0.00994297072282707,-2.001127458385391e-05,0.02909195959198216
29.47 min | Phosphoaminophosphonic acid-adenylate ester,0.003371558319546344,-0.018300335783337923,-0.031002320149385636
29.49 min | 8-Hydroxyluteolin 8-glucoside 3'-sulfate,-0.009403603957921041,-0.004408069999556572,0.021934967591210497
29.51 min | Bassic acid,0.01443075382040293,0.01865962475150166,-0.01108892698091797
29.55 min | Corchorifatty acid F,0.0062322443796164395,0.015247412004591605,-0.01639146737624221
29.56 min | Sanguisorbic acid dilactone,0.002329042539018825,-0.005951656560819946,0.018643296606740984
"29.58 min | 3,12-dihydroxy-4,6a,6b,11,12,14b-hexamethyl-1,2,3,4a,5,6,7,8,9,10,11,12a,14,14a-tetradecahydropicene-4,8a-dicarboxylic acid",0.023461309029171585,0.030090369832908165,-0.009228685506721686
29.59 min | Bismuth Subsalicylate,0.007664457361511382,-0.004639769037884137,-0.005131738831620224
29.67 min | 8-Hydroxyluteolin 4'-methyl ether 8-glucoside-3'-sulfate,0.0014954168926066245,0.012373827057995983,0.010317464591963718
"29.69 min | 12-Oxo-2,3-dinor-10,15-phytodienoic acid",0.031162340097989853,0.0038218038192339597,-0.021060195303594917
29.75 min | 8-Hydroxyluteolin 8-glucoside 3'-sulfate,0.005085407767157361,0.005397934652413943,-0.007766355353881205
29.86 min | Oleanolic acid 3-[glucosyl-(1->4)-xyloside],0.004607613873395015,-0.021137184649906625,-0.022173541197378452
29.88 min | Hexadecanedioic acid,0.0026648332772979334,0.008083063996885917,-0.002704387085173355
29.89 min | Corchorifatty acid F,0.00933303809233037,0.016543949006791184,-0.015106656503619604
"29.89 min | (2'E,4'Z,7'Z,8E)-Colnelenic acid",0.0057660023844653,0.013025253751970544,-0.018131985953494894
29.96 min | 8-Hydroxyluteolin 4'-methyl ether 8-glucoside-3'-sulfate,0.00018561125254936144,-0.010635406683392312,-0.027338892543389108
30.0 min | 8-Hydroxyluteolin 8-glucoside 3'-sulfate,0.010079835496174049,0.0029297236055969614,-0.028294093419300136
30.04 min | Ranelic acid,-0.0005504763797318095,0.015707819424099524,-0.009006577117469083
"30.08 min | Succinic acid, sulfo-, 1,4-dioctyl ester",-0.010643820687761452,0.006937268754986486,0.020867077691418486
30.1 min | 8-[3-oxo-2-[(E)-pent-2-enyl]cyclopenten-1-yl]octanoic acid,0.0037620009961206406,-0.021252806670980506,-0.026725415169712947
30.2 min | 1-Oleoyl Lysophosphatidic Acid (sodium salt),0.030592472089131274,0.0014080572577975764,-0.01490802853048119
30.22 min | Octadecanedioic acid,-0.013712694345680352,0.006311894656418467,-0.0028661313477565302
30.23 min | Corchorifatty acid F,0.007642890501896101,0.015760734979644506,-0.015035717059514562
30.27 min | Hexadecanedioic acid,0.05546521186536557,0.00418905000398295,-0.005780745138398904
30.34 min | [2-(hexadecanoyloxy)-3-[octadec-11-enoyloxy]propoxy]({[2.3.4.5.6-pentahydroxycyclohexyl]oxy})phosphinic acid,0.0005067121364490069,-0.012564732160177793,0.018211287889071195
"30.37 min | Succinic acid, sulfo-, 1,4-dioctyl ester",-0.003260413221586352,0.00040087516699225523,0.03461137375380158
30.47 min | Ursodeoxycholic acid 3-sulfate.mol,-0.004920463136296798,-0.0026856519719515087,-0.018135416866825994
30.51 min | Monoethylhexyl phthalic acid,-0.012027782818712274,-0.014170903195214737,0.03942433469887109
30.52 min | Uridine diphosphate glucuronic acid,-0.002715390227667667,0.007773087252402329,-0.02273497538550807
30.55 min | 3-Oxohexadecanoic acid,0.03310287444214464,0.04119668444878422,0.008880315427496555
30.55 min | Bassic acid,0.01936042023908222,0.027362881449898808,-0.009608769378960193
30.62 min | Oleanolic acid 3-[glucosyl-(1->4)-xyloside],0.001890962593723588,-0.01916226678557484,-0.02178976672335519
30.68 min | [2-(hexadecanoyloxy)-3-[octadec-11-enoyloxy]propoxy]({[2.3.4.5.6-pentahydroxycyclohexyl]oxy})phosphinic acid,-0.006242677853931304,0.0021522713059082036,0.008744935286549248
30.71 min | Uridine diphosphate glucuronic acid,-0.006500681559141203,0.010328030005192657,0.003979468588077528
30.71 min | 2alpha-Hydroxypyracrenic acid,0.01522196185120653,0.01979962646219959,-0.0097051954462979
30.73 min | Monoethylhexyl phthalic acid,-0.007007606357651524,-0.007931640018345973,0.0169096584463001
30.75 min | Gambogic acid,-0.01085515130814541,0.0190536305065043,-0.050771841809646376
"30.76 min | (2'E,4'Z,7'Z,8E)-Colnelenic acid",0.007603999422193782,0.011546802028084814,-0.018786709962208242
30.76 min | alpha-Linolenic acid,-0.016659035506221307,0.0229250931286047,-0.043105915455263835
"30.82 min | Succinic acid, sulfo-, 1,4-dioctyl ester",-0.001624578193492395,-0.009355501761037787,0.025984021382790927
30.88 min | Maslinic acid,0.015991668012374217,0.01725251274027791,-0.003909472090479022
30.89 min | Uridine diphosphate glucuronic acid,0.008537320360605935,-0.0020544323203453663,-0.024533861356417642
30.91 min | [2-(hexadecanoyloxy)-3-[octadec-11-enoyloxy]propoxy]({[2.3.4.5.6-pentahydroxycyclohexyl]oxy})phosphinic acid,-0.00386316303959093,-0.00544332926782034,0.00569747088454238
30.92 min | 3-O-trans-Feruloyleuscaphic acid,0.047146084638218205,0.028425138812366697,0.0005587253460806222
30.96 min | Monoethylhexyl phthalic acid,-0.010598414504236445,0.0029463036759021376,0.05175841339910453
31.08 min | 2-Hydroxyhexadecanoic acid,0.03775898010889373,-0.02703438084508086,-0.0026794694806174394
31.12 min | Gambogic acid,-0.011553017132597801,-0.0012863481137686756,-0.028129412457568368
31.25 min | [2-(hexadecanoyloxy)-3-[octadec-11-enoyloxy]propoxy]({[2.3.4.5.6-pentahydroxycyclohexyl]oxy})phosphinic acid,0.002930805093546199,0.02285336554254016,-0.022395497689838253
31.32 min | Oleanolic acid 3-[glucosyl-(1->4)-xyloside],0.013697727461880605,0.022502451669310874,-0.011520839855636187
31.42 min | Ganoderic acid beta,0.02152170720822536,0.026179785814391194,-0.008253819886797997
31.43 min | 2-Hydroxyhexadecanoic acid,0.024673827548717765,-0.008554080317637576,0.015913108199103843
31.45 min | Monoethylhexyl phthalic acid,0.02414867940712695,0.01836931163480894,-0.08227004645417649
31.46 min | Palmitic Acid,-0.016574145967255566,0.0015578592327696852,0.048379482734920466
31.46 min | Maslinic acid,0.017395089470131204,0.013478916072882463,-0.012487484741526594
31.55 min | alpha-linolenic acid,0.018194578725450418,0.012555387848994124,-0.018245586707016564
31.61 min | Valerenic acid,-0.010259323086098178,-0.0022168431098344306,0.06715749073234677
31.66 min | [2-(hexadecanoyloxy)-3-[octadec-11-enoyloxy]propoxy]({[2.3.4.5.6-pentahydroxycyclohexyl]oxy})phosphinic acid,-0.0034278729058066473,-0.009150535628237269,-0.03427604410034267
31.7 min | Glucoconvallasaponin B,-0.008245264184118152,0.031646920851341104,-0.04419428991591327
"31.76 min | 12-Oxo-2,3-dinor-10,15-phytodienoic acid",0.015225121175632276,0.0037625281034546327,0.014165064110571987
"31.76 min | 2,4-Di-tert-butylphenol",0.04279343582170968,0.008456763821353372,-0.04275259502137312
31.79 min | Glycyrrhetinic acid,0.03764782852783387,0.031554851117930036,0.021057683374250197
31.95 min | ISOPALMITIC ACID,-0.008944864374740562,-0.012501446410627618,0.06507744089198926
31.96 min | [2-(hexadecanoyloxy)-3-[octadec-11-enoyloxy]propoxy]({[2.3.4.5.6-pentahydroxycyclohexyl]oxy})phosphinic acid,-0.011792523268204801,0.019413548844811772,-0.02016430634419102
"31.99 min | cis-9,10-Epoxystearic acid",0.04164164994245919,-0.022801135320891945,-0.027288266080031296
32.04 min | Maslinic acid,0.031145833134940484,0.019766496822694057,-0.006129184688556068
32.06 min | maslinic acid (3-O-trans-p-Coumaroyl-),0.011321393048074904,-0.027721117763133244,0.043323554354397206
"32.09 min | (2S,3S,4S,5R)-6-[2-(3,4-Dihydroxyphenyl)-7-hydroxy-4-oxo-3-sulfooxychromen-5-yl]oxy-3,4,5-trihydroxyoxane-2-carboxylic acid",0.00214600074497359,0.004880474955145803,-0.023349974319214675
32.28 min | 2-Hydroxymyristic acid,-0.004633228440693391,-0.0058447270405449815,0.04344152469817057
32.3 min | [2-(hexadecanoyloxy)-3-[octadec-11-enoyloxy]propoxy]({[2.3.4.5.6-pentahydroxycyclohexyl]oxy})phosphinic acid,-0.0022612665753808693,0.015238517200195926,-0.009684262862038827
32.31 min | Maslinic acid,0.032968608412998424,0.01541352529022802,-0.007175322505702271
"32.39 min | cis-9,10-Epoxystearic acid",0.0012759385521843433,0.011800139826788864,-0.00869575550691409
32.42 min | Protobassic acid,0.01890468488671644,0.02369504097908475,-0.008265640770882071
32.44 min | 3alpha-O-trans-Feruloyl-2alpha-hydroxy-12-ursen-28-oic acid,0.01656933104683954,-0.03129866669503651,0.04623904962573059
32.57 min | 2alpha-Hydroxypyracrenic acid,0.012316272025819062,-0.030870218184714932,0.047170369538613116
32.79 min | [2-(hexadecanoyloxy)-3-[octadec-11-enoyloxy]propoxy]({[2.3.4.5.6-pentahydroxycyclohexyl]oxy})phosphinic acid,-0.008454541234831331,0.01744560747226044,-0.007208639337122185
"32.8 min | 2,4-Di-tert-butylphenol",-0.01536635533563455,-0.0023071936733057236,0.06236655084978071
32.87 min | Ganoderic acid DM,-0.0006036677712226272,-0.019945807513528438,0.04842459838333099
32.94 min | 2-Hydroxyhexadecanoic acid,0.011748859953456236,-0.00892794100392491,0.059209250755974725
"32.99 min | (2S,3S,4S,5R)-6-[2-(3,4-Dihydroxyphenyl)-7-hydroxy-4-oxo-3-sulfooxychromen-5-yl]oxy-3,4,5-trihydroxyoxane-2-carboxylic acid",0.0017240175496800044,-0.004339583152134659,0.0001367941896869118
"33.05 min | 9-hydroxy-10,12-octadecadienoic acid",0.009726219530394067,0.0009111754753023424,-0.01746577002371292
33.08 min | 3-Oxohexadecanoic acid,0.01487315651428671,-0.020647447461183507,0.05723765427110915
33.09 min | Polyglycerol esters of fatty acids,-0.006057448496160699,0.00779451442564497,0.0174270242941078
33.13 min | 10-Hydroxymyristic acid methyl ester,-0.0016938647841055138,0.009673649133306246,0.016934189043902103
33.16 min | Corosolic acid,0.011215798866765058,0.01723830649452105,-0.011578031253525443
33.18 min | 12-Hydroxyoctadecanoic acid,0.008406475626749562,0.0028041820111209233,0.015379000484811894
33.25 min | Dodecanoic acid,-0.012167144460264167,0.009157027615710685,0.027597718553769513
33.57 min | 12-Hydroxyoctadecanoic acid,0.01079181052036282,-0.014145226855908157,-0.021087029738983337
33.58 min | maslinic acid (3-O-trans-p-Coumaroyl-),0.0199730953637684,-0.02971376736694204,0.04690010231184203
"33.59 min | cis-9,10-Epoxystearic acid",-0.00047158467241558013,-0.0024341057048536457,0.02639369258949796
33.63 min | Glycyrrhetinic acid,0.017212933139320034,0.01769117509243063,-0.005614808595841161
33.66 min | maslinic acid (3-O-trans-p-Coumaroyl-),0.012587370826578277,-0.03215881984175919,0.04795086627577468
33.72 min | 3-Oxooctadecanoic acid,-0.007411610584273495,-0.009457376311766108,0.024609785392821392
33.74 min | Oleic acid,-0.020308953560568554,0.03034024794029285,-0.03394872046559393
33.87 min | 3-Oxohexadecanoic acid,-0.0009519117109019361,0.003641637328069613,-0.0105186556799223
33.9 min | 10-Hydroxymyristic acid methyl ester,-0.010599741998591101,0.010340921586828743,-0.009375467828544435
33.95 min | 6-[Ethyl-(3-isobutoxy-4-isopropylphenyl)amino]nicotinic acid,-0.010717773984570368,0.005779387469888126,0.016558232491393966
"33.97 min | cis-9,10-Epoxystearic acid",-0.0010641709620547652,0.005032523344902509,0.026810083381051487
33.98 min | (2s)-2-[[(2s)-2-Acetamido-5-[[n-(Methylcarbamoyl)carbamimidoyl]amino]pentanoyl]-Methyl-Amino]-3-Phenyl-Propanoic Acid,0.019206833538589117,0.004497136153306862,-0.013219795020262083
34.0 min | N-Undecylbenzenesulfonic acid,-0.008244497631786364,-0.0027171966360642476,0.015783806510693082
34.03 min | 5-Tetradecenoic acid,0.03431395548366412,-0.019668546433415333,-0.0022673084764545243
34.17 min | Maslinic acid,0.04421531140217019,0.03971283764281878,0.006221363178483559
34.18 min | 3-Oxohexadecanoic acid,0.001965993054668899,0.0055319759687394165,-0.011574723686441541
"34.21 min | cis-9,10-Epoxystearic acid",-0.009237383962557064,-0.012225377718075118,0.06638062395507363
34.22 min | 10-Hydroxymyristic acid methyl ester,0.031918583390472544,0.010861758665939388,-0.006031974692104724
34.22 min | Glycyrrhetinic acid,0.00916844623258527,-0.02027057548999172,0.048597955984649784
34.24 min | Polyglycerol esters of fatty acids,0.01989258189883848,0.016228016540666503,-0.025802757683074655
34.3 min | Sativic acid,-0.01067465995091873,-0.0008791134272064406,0.0375635111917448
34.43 min | 2-amino-3-[hydroxy-[2-hydroxy-3-[octadec-9-enoyl]oxypropoxy]phosphoryl]oxypropanoic acid,-0.0027483127364701073,0.015778836718893657,-0.040606490791545234
34.49 min | Humulinic acid A,-0.0004597834390765085,-0.0063542964821603175,0.017642443551993143
34.62 min | 16-Hydroxyhexadecanoic acid,0.019488527182441723,0.00037274925076399666,0.032388945586352316
34.65 min | 3-hydroxypristanic acid,0.020031120853207456,-0.016557668713931134,0.012722464656199197
"34.76 min | 9-hydroxy-10,12-octadecadienoic acid",-0.014523568887791669,-0.0009290788079945151,0.026322177269175847
34.78 min | Tetracosahexaenoic acid,-0.023239922480935024,0.02133020620177172,-0.0529699573840708
34.83 min | alpha-Linolenic acid,0.0018576909575546635,-0.02103917812071908,-0.035699259549074186
34.88 min | Humulinic acid A,-0.010939560801185418,0.013385829542535008,-0.032425280317507264
35.0 min | 3-Oxohexadecanoic acid,-0.005511349942679861,-0.0074712013462195186,-0.00020620267254896395
35.03 min | Oleanolic acid,0.003337769822612374,0.013687305504800254,-0.04507834727532658
"35.07 min | cis-9,10-Epoxystearic acid",-0.0010131604949267844,-0.0029860027704796794,0.056497107824820085
35.14 min | maslinic acid (3-O-trans-p-Coumaroyl-),0.01562706437619029,-0.02966612858717941,0.049584975056538506
35.44 min | 2-Hydroxyhexadecanoic acid,-0.004658476350928296,0.008322083176692443,-0.03759008386095905
35.58 min | Protobassic acid,0.02495478737717318,0.04048858995491465,0.000284076704408122
35.59 min | Myristic acid,-0.004347791195641374,-0.006446658834998305,0.048037082581148347
35.64 min | Lucidenic acid K,0.001871093495330302,0.011522252509652841,-0.04458117662738416
35.74 min | Oleanolic acid,-0.012018967772373343,0.008119804778849136,0.049282996690508056
35.79 min | Arachidonic acid,0.024844673990921513,0.031062418407690064,-0.014828752106759375
35.8 min | 3-Oxooctadecanoic acid,0.010776997347773045,0.016483861047028002,-0.019730173217665924
35.82 min | maslinic acid (3-O-trans-p-Coumaroyl-),0.021245477267803587,-0.019573765191411616,0.04939909761724375
35.85 min | Thelephoric acid,0.004310106260245846,-0.0013071389279709642,0.009917617980973155
35.91 min | Lucidenic acid K,-0.012849918378956294,0.007921366825829276,-0.04881015814468335
36.18 min | Linoleic acid,-0.009814382226506144,-0.0009836326958639456,0.025718467440000496
36.37 min | Linoleic acid,-0.0039217620131158475,-0.0016510869762309571,-0.0644107228610287
36.39 min | Orotidylic acid,-0.015509630822780843,0.008825915840295873,0.008382171126710532
36.41 min | Fasciculic acid A,0.02240208392452211,0.016739532170471083,-0.010262419032661825
36.43 min | Palmitic acid,-0.005716435475213886,-0.003148864340372248,0.07122483116487112
36.56 min | N-Undecylbenzenesulfonic acid,-0.0040440853239230015,-0.008537097055410692,0.01809527335594989
36.59 min | Cerebronic acid,-0.002383648591397776,0.0026516219454814738,0.028747805284225016
36.97 min | Palmitic acid,-0.013991814542859336,0.01048112538958783,0.021380851087665152
36.98 min | Pentadecanoic acid,0.026958674742910776,-0.006043827227934494,-0.005521391960759207
37.02 min | beta-Elemonic acid,-0.00999426489456298,-0.010140386156907407,0.0385134387741892
37.09 min | Thelephoric acid,-0.005674493066771567,-0.009444662125733059,-0.011247719320115807
37.19 min | Sanguisorbic acid dilactone,-0.005194409641851612,-0.01111141953223493,-0.0033552203824626123
37.27 min | 2-Hydroxy-22-methyltetracosanoic acid,0.02782054969685309,0.029742826191620032,-0.003542590350712685
37.28 min | Cyclohexaneundecanoic acid,0.00990409988948714,0.011213365115620759,-0.040242808626611816
37.31 min | 3-Oxohexadecanoic acid,0.0077306072151258785,0.012137204203135856,-0.03010058298311221
37.33 min | 2(R)-hydroxydocosanoic acid,0.0006015462461472455,-0.011456260251002678,0.03020121736309916
37.37 min | (R)-3-Hydroxy-Octadecanoic acid,0.03170624950645518,-0.012967972501714532,-0.00968191454995929
37.49 min | 2-Hydroxy-22-methyltetracosanoic acid,0.04100313306778763,-0.03097004311267822,-0.02148056742333538
37.61 min | Cerebronic acid,-0.0035485933004352423,-0.005007189149727545,0.012739310000991507
37.63 min | Lucidenic acid K,-0.01322876077589311,0.009172513445387488,-0.053163047063265564
"37.65 min | 9-hydroxy-10,12-octadecadienoic acid",0.011057297522144745,0.01495779483176539,-0.02468495822902902
37.74 min | 2(R)-hydroxydocosanoic acid,0.007596416113060961,-0.015870211545526213,0.003189058294080965
"38.15 min | Benzene-1,2,3-tricarboxylic acid",-0.007032907843162012,-0.014918031906056653,0.020973600459521263
38.22 min | Dehydrochorismic acid,0.0016814207679307048,-0.005665744861710106,0.023458674846233197
38.22 min | 2-Phosphonopropionic acid,-0.023341069386256876,-0.002460230198624131,0.05874077509044131
38.23 min | Palmitic Acid,-0.01056557183889539,-0.0008521519019646192,0.034921827560484855
38.3 min | (2R)-2-Acetamido-3-[[(2R)-2-acetamido-2-carboxyethyl]disulfanyl]propanoic acid,-0.001958661190420992,-0.005157878139848795,0.037064688523090646
38.33 min | Benzoylmalic acid,0.00030944708978826517,0.01650303483634752,0.011536207129522415
38.44 min | (R)-2-hydroxystearic acid,0.0120581079338298,0.018375726859070098,-0.03755352984454492
38.44 min | Oleic acid,-0.008268367128548611,-0.0004059361432197998,0.030851982967978274
"38.51 min | Benzene-1,2,3-tricarboxylic acid",0.00992033703194554,-0.0011707650792904564,0.016783979147043
38.55 min | 2(R)-hydroxydocosanoic acid,0.0543131618625976,0.018033966780281057,-0.0007291689216791777
38.55 min | Ranelic acid,-0.005733075252086633,-0.005640570557521147,0.010071988584022746
"38.56 min | (2R)-2-{(1R)-2-Oxo-1-[(2-thienylacetyl)amino]ethyl}-5,6-dihydro-2H-1,3-thiazine-4-carboxylic acid",-0.0029752114711641274,0.014756958671004393,0.005173161932712597
38.56 min | Bismuth Subsalicylate,0.00035548194640469235,-0.0061105624786310575,-0.010633236285672034
38.59 min | Lucidenic acid K,0.011702741629881913,0.011005144166465662,-0.03948476110092571
38.59 min | 5-((7-(Benzyloxy)quinazolin-4-yl)amino)-4-fluoro-2-methylphenol,-0.010723961327025959,-0.0035253127684966843,0.04135095523557415
38.6 min | Palmitic Acid,7.831261085696263e-05,-0.004114742770432748,0.022646781447509312
38.61 min | 2-[(4-Benzamidophenyl)sulfonylamino]acetic acid,0.0006490158331135134,0.0012448307487607725,-0.005628936080212098
38.61 min | 2-Phosphonopropionic acid,-0.024981014535578085,-0.0022667161099624343,0.0534298216914004
38.62 min | (R)-5-Diphosphomevalonic acid,-0.0018610182015020684,-0.017593296187758393,-0.0005611858736492894
38.64 min | Orotidylic acid,0.013696715106286303,-0.008817965240602183,0.004251277609381625
38.65 min | 3-Furoic acid.mol,-0.024589380123877912,0.0008239279441806875,0.028635752334616377
38.66 min | 2-Amino-4-[(2-amino-2-carboxyethyl)disulfanyl]butanoic acid,0.0014995119061060223,0.005012658643669341,-0.011810303341496005
38.68 min | Gallagic acid,-0.010038825485559967,0.0007784628481035185,-0.024412413269779228
38.68 min | Polyglycerol esters of fatty acids,-0.012670405210607071,0.002701355985695959,0.033550407662869534
38.78 min | Oleic acid,0.0073284081473774946,-0.004424328278436341,-0.018165972977101166
38.9 min | (R)-5-Diphosphomevalonic acid,-0.006285093890131197,0.000450701616971024,-0.008725745289004615
38.91 min | Polyglycerol esters of fatty acids,-0.005018322189745196,-0.00962650795032202,0.030607940299847067
38.98 min | Dehydrochorismic acid,0.006789720136538371,-0.019821191684709864,-0.004022744398393401
39.03 min | N-Undecylbenzenesulfonic acid,-0.010767457414317626,0.0008577695517395226,0.017542039924469
39.05 min | Polyglycerol esters of fatty acids,0.0514692090719954,0.014163130101681276,-0.008439245454546673
39.08 min | Polyglycerol esters of fatty acids,0.010844953091807915,0.002600191128157265,0.014718955332394965
39.08 min | Ganoderic acid Mi,-0.017504620954218522,0.01838370160712264,0.0025559402969851596
39.1 min | Tsugaric acid A,-0.01606047368556335,0.02021277916294815,0.0011830648093898114
39.12 min | Gallagic acid,-0.00993651414555573,0.01201214119169664,-0.04075715123902041
39.18 min | 2-Oxo-3-hydroxy-4-phosphobutanoic acid,0.012987579970146393,0.016680980497745013,-0.040056080668169534
39.23 min | Benzoylmalic acid,-0.00757033598950655,-0.004650401533752331,0.014879307767531755
39.29 min | (R)-5-Diphosphomevalonic acid,-0.0004958056803833093,0.021825967008218563,0.001850629490181006
39.31 min | Bismuth Subsalicylate,-0.012378626200379186,-0.006357728088378029,-0.02322090553635305
"39.44 min | Benzene-1,2,3-tricarboxylic acid",0.00041263281107215417,0.004522010760404695,0.010505679559163724
"39.47 min | (2R)-2-{(1R)-2-Oxo-1-[(2-thienylacetyl)amino]ethyl}-5,6-dihydro-2H-1,3-thiazine-4-carboxylic acid",0.011223493736396351,0.0011356905294397806,-0.016822913619322526
39.49 min | Cerebronic acid,0.03798683252738818,-0.007188388781944147,-0.012393880560718126
39.54 min | Polyglycerol esters of fatty acids,-0.00835498710979193,0.002950223760203159,0.019424000499593273
39.65 min | Gossypetin 8-glucoside 3-sulfate,-0.0031265512669308264,0.0021003124079507695,-0.001355915301351323
39.67 min | Bismuth Subsalicylate,-0.0054562740662969225,0.0016614343768953633,0.007682877967163362
39.7 min | 2-Amino-4-[(2-amino-2-carboxyethyl)disulfanyl]butanoic acid,-0.009586004980621985,0.0024965937654919963,0.010755234142549351
39.7 min | Dehydrochorismic acid,-0.007581569272757615,0.010303276763453193,-0.01614189106535315
39.71 min | 2-Phosphonopropionic acid,-0.022768448939509554,0.004824716134115211,0.03373024787830413
39.72 min | 2-[(4-Benzamidophenyl)sulfonylamino]acetic acid,0.009635962657057039,0.006688119991549572,-0.008286423164651705
39.72 min | (R)-5-Diphosphomevalonic acid,-0.003976388095565026,-0.0015703608543510932,-0.0014897100487551317
39.74 min | Orotidylic acid,-0.002828771221860468,0.028465975999081187,-0.021788112574188997
39.74 min | uric acid citrate,-0.000837272800502703,0.021941290150841158,-0.013847855508508523
"39.8 min | (2R)-2-{(1R)-2-Oxo-1-[(2-thienylacetyl)amino]ethyl}-5,6-dihydro-2H-1,3-thiazine-4-carboxylic acid",-0.012735374190182284,-0.000784830315467803,-0.010891367011285354
39.87 min | Polyglycerol esters of fatty acids,-0.009829188087141205,0.0021124857449595926,0.035251697983512936
39.92 min | Thelephoric acid,-0.007434423655755645,-0.007043359791868196,0.0320654924248353
39.94 min | Bismuth Subsalicylate,0.013205913463453482,-0.011362933478913123,0.019996628887249283
39.97 min | (R)-5-Diphosphomevalonic acid,-0.0050379227451670915,-0.012443654615050264,0.00777682252428612
40.04 min | 2-Amino-4-[(2-amino-2-carboxyethyl)disulfanyl]butanoic acid,-0.0030765030947926876,-0.014414279317815146,0.020903254499092753
40.08 min | Polyglycerol esters of fatty acids,-0.0042135537179041555,0.005052785911620766,0.02684049124590638
"40.08 min | Propanoic acid, 3-((((2-(1,1-dimethylethyl)-5-methoxy-6-benzothiazolyl)amino)thioxomethyl)thio)-",0.005031273493048525,-0.019441389649221496,0.030723007659158027
