Feature_Label,PC1,PC2,PC3
2.51 min | 2-Hydroxyadipic acid,-0.01982078935135662,-0.009419063258510546,0.031077065555601826
2.51 min | Keto-3-deoxy-D-manno-octulosonic acid,0.034282466807885215,-0.02737914285751831,-0.00048815028171496946
2.52 min | Citric acid,0.027148232828911174,-0.018226945156207847,-0.00047456841816770134
2.52 min | D-Glucuronic acid,0.035772382975796636,-0.008285810066081289,0.03589238769512981
2.52 min | D-(-)-quinic acid,0.04866924900320135,-0.0235241995895332,-0.003819403653095414
2.52 min | Glutaconic acid,0.028905420843371523,-0.027914514095239144,0.0059696581614936866
2.52 min | Citric acid,-0.023430215194736016,-0.008450807426511697,0.03962922132421382
2.52 min | Tartaric acid,0.025782265478327532,-0.016179589574114327,0.0471132271813112
2.52 min | Nb-trans-Feruloylserotonin glucoside,-0.010162984677232605,-0.0003657989477402984,0.0003862238001659334
2.53 min | cis-Aconitic acid.mol,-0.005045153274039932,-0.006539280415236235,0.015615827489275109
2.53 min | Galactonic acid,0.043719204809740515,-0.017428301629752438,-0.007549734209134773
2.53 min | Ureidopropionic acid,-0.005329549210997149,-0.001499122700435978,0.011389642808528734
2.54 min | Arabinonic acid,0.05796764025665271,-0.023477582520792444,-0.011001298014510864
"2.54 min | 2,3,4,5,6,7-Hexahydroxyheptanoic acid",-0.0012834291896388708,-0.01888724022822653,0.03072131537071124
2.55 min | L-Glutamic acid,0.04465746964119126,-0.03052371701241116,-0.008403423720581586
2.57 min | Ascorbalamic acid,0.03476581074796933,-0.022449111093180096,-0.01646715665661719
2.58 min | L-2-Amino-4-methylenepentanedioic acid,0.04131601079263679,-0.02794968100096556,-0.01479145476209146
"2.59 min | 4',5,6-Trimethylscutellarein 7-glucoside",0.03802906043661022,-0.01682334845489794,-0.011996542542258435
2.71 min | 3-Hydroxy-3-carboxymethyl-adipic acid,0.026313803360611197,-0.011207248883605409,-0.014809492127342883
2.71 min | L-Malic acid.mol,0.03759496803335597,-0.026192291316020886,-0.004401333807933186
2.74 min | Shikimic acid,0.04783793754045063,-0.025995973951190788,-0.0026012292474118055
2.76 min | Caftaric acid,0.033369037403547026,-0.01656901049116161,-0.012979045961295448
2.78 min | Nb-trans-Feruloylserotonin glucoside,0.05244727453711776,-0.029011362949148405,-0.0028288659182401773
2.82 min | l-ascorbic acid,0.014027463481278769,-0.0014625703370731756,-0.001837121402726857
2.91 min | ISOPALMITIC ACID,0.007757371799489285,-0.01762389662121146,0.018632178853029046
2.92 min | Stearic acid,0.0021695535137504214,-0.019113332123080227,0.02328553156317495
2.94 min | Pipecolic acid,0.020040663306964263,-0.015314670929257663,-0.007956680147005265
2.96 min | 3-Hydroxyhippuric acid sulfate,0.009994068150128878,-0.010274763616265378,-0.002989627696520746
2.97 min | 2-Keto-6-aminocaproic acid.mol,0.02247390513924269,-0.022885393141361992,0.004390200917858632
3.0 min | N-Acetylglutamic acid,-0.011131209923336407,0.007104756246013814,0.001556615954044262
3.03 min | 2-[[(1R)-2-[Bis(carboxymethyl)amino]cyclohexyl]-[(2S)-2-[bis(carboxymethyl)amino]-3-(4-isothiocyanatophenyl)propyl]amino]acetic acid,0.020960960430395057,-0.001659238007934631,-0.004689033702813908
3.03 min | 2-Methylcitric acid,-0.013074563845748365,0.0002552720096846851,-0.002780205763656192
3.04 min | Ascorbic acid,0.0004567477558187472,0.0025386312810400545,0.07720770180025167
3.05 min | N-Formyl-L-glutamic acid,0.04636616587681592,0.04432221156376829,-0.003570662330447773
3.05 min | 4-O-Methylglucuronic acid,-0.005401536065207649,-0.0038875960972429313,0.08212674324585859
3.05 min | (Z)-3-(1-Formyl-1-propenyl)pentanedioic acid,-0.012695496702585834,0.002504809261455283,-0.00578531708325092
3.07 min | 3-Methyluric acid,-0.0009520914028939206,-0.0029279609037305616,-0.008313867038318856
3.08 min | Uric acid,0.03200747482937138,0.032671444513707994,-0.0015132023107648494
3.08 min | DEHYDROASCORBIC ACID,0.029756911856368997,-0.012197677262067443,0.005094076590310559
3.13 min | Lycoperdic acid,-0.01871471023130641,-0.006062724802372472,-0.014205707250298317
3.13 min | 2-Methylcitric acid,-0.00933183893957033,-0.013363556463657989,0.02803613779185622
3.19 min | 3-Oxalomalic acid,-0.026148249724491077,-0.0001650891471618698,-0.019378603116818827
3.2 min | Daucic acid,-0.03287743149986806,-0.004155241264772403,-0.02156614840616714
3.23 min | Aminoadipic acid,0.006158178774599418,-0.004610206350226299,0.01905232613720689
3.24 min | Formiminoglutamic acid,-0.017811772978705166,-0.0012820624834155023,-0.016802979206842476
"3.28 min | 2,3-dihydroxy-Valeric acid.mol",0.03192444444159711,-0.018077480059701192,0.01741281382393363
3.29 min | Apigenin 6-C-arabinosyl-8-C-glucoside,0.049428414994819606,-0.02677519979134349,0.0016756964650458358
3.34 min | CITRIC ACID,0.056781538679301795,-0.028728824907199517,-0.010509359653850794
3.34 min | 3-Methyluric acid,0.026069913336226304,-0.012598885115842813,-0.018480837303866085
3.34 min | 4'-Methylepicatechin 3'-sulfate,0.0518677049984108,-0.024962654645655977,-0.00838550764235217
3.34 min | 2-Hydroxy-2-methyl-butanedioic acid.mol,0.049231147707245966,-0.024721055499156923,-0.003502707294253002
3.35 min | Glutaconic acid,0.054918108179697035,-0.02722829070264629,-0.010456250526895835
3.36 min | Pyrroline hydroxycarboxylic acid,0.017004472611056698,-0.0229878061875276,-0.006657571667980998
3.45 min | Gallocatechin-(4alpha->8)-gallocatechin-(4alpha->8)-gallocatechin,-0.006846063504208635,0.0005312478547534528,0.05884242144473815
3.52 min | Keto-3-deoxy-D-manno-octulosonic acid,-0.01696177364821368,-0.018538526871004796,-0.005266211709044255
3.53 min | 2-Methylcitric acid,0.013002842015078212,-0.0326283817302856,-0.007451851026144143
3.6 min | Glutamic acid glutamate,0.02508205300014795,-0.015561780230078566,-0.02289053004524499
3.62 min | Palmitic acid,0.007194236300266617,-0.016950253411453665,0.014465490696854823
3.64 min | Stearic acid,0.011061366758007717,-0.02067274147286959,0.0174993573580198
"3.69 min | 2-[(3S)-3-[[(2S)-1-(Carboxymethoxy)-1-oxo-4-phenylbutan-2-yl]amino]-2-oxo-4,5-dihydro-3H-1-benzazepin-1-yl]acetic acid",-0.0047126422724858225,-0.0003594150160494723,0.053343573270145564
3.74 min | 4-(Phenylamino)benzoic acid,0.00922091620539855,-0.00184690082692153,-0.005459971717172488
3.8 min | Methylmalonic acid,-0.02127005635296805,-0.0062153083080570696,0.0017392511179887844
3.89 min | 3-Dehydroquinic acid,0.025410482759684737,-0.021617208480747215,0.05377395333098626
4.0 min | Palmitic acid,0.015067526325810592,-0.020535459020435992,0.019744314399970955
4.01 min | 2-O-Galloylgalactaric acid,0.041627107773876446,-0.017940530674465688,-0.008447399793918781
4.05 min | Stearic acid,0.0037600514522561574,-0.02052750300533139,0.024518618475597952
4.07 min | D-Glucuronic acid 1-phosphate,0.03193663778117917,0.031991217213456234,-0.006753467541797657
4.08 min | Methylmalonic acid,0.027049217968963476,-0.009708790519172896,-0.003262537042871032
4.09 min | Imidazoleacetic acid ribotide,-0.024588862986858175,0.0009726867675330317,-0.020919149266038467
4.18 min | Caryoptosidic acid,-0.01669258655869263,0.002650666506320345,0.013696766450758499
4.19 min | 2-Hydroxy-2-methyl-butanedioic acid.mol,-0.0033246541180050643,-0.0026601131343682426,0.06202545371080095
4.2 min | Fumaric acid,-0.0036884294189869445,-0.0031679764845373064,0.06227246105505916
"4.2 min | (5R,6S)-3-(2-Carbamoyloxyethylsulfanyl)-6-(1-hydroxyethyl)-7-oxo-4-thia-1-azabicyclo[3.2.0]hept-2-ene-2-carboxylic acid",0.003502250342661418,-0.0009571314078724643,0.05451132812517301
4.25 min | Palmitic acid,-0.008661449357402283,-0.006339892971444861,0.006860925583233791
4.29 min | 2-Hydroxyadipic acid,0.00964284551231486,-0.015222698122490283,0.0013158285606820043
4.39 min | Neuraminic acid.mol,-0.016883671897100713,0.0019121684528954936,-0.03155071841636158
4.39 min | Stearic acid,0.009710857025773373,-0.020942019522449666,0.022033018242182626
4.41 min | 2-O-p-Coumaroylhydroxycitric acid,0.043501784142251566,-0.024089848279944516,0.003743507550349547
4.44 min | Palmitic acid,0.01025077099990654,-0.016718528452590916,0.019183943158533563
4.46 min | Allantoic acid,0.044754073028108625,-0.02039759523374351,-0.0058200782652272345
4.46 min | Fukiic acid,0.0476515946072123,-0.0222182061554835,-0.0053713855319292726
4.53 min | Luteolin 7-O-(6''-O-malonyl)-beta-D-diglucoside,0.04415463055713071,-0.020091014794800657,-0.007004321155595601
4.7 min | Stearic acid,-0.0071096022140150865,-0.014779377092475452,0.018479421826171634
4.74 min | Palmitic acid,0.008544705110453627,-0.01757612585520255,0.012281755361157491
4.77 min | 2-Hydroxyadipic acid,0.046528671718685785,-0.011772889746089527,-0.00686654300608837
5.0 min | [Gallocatechin(4alpha->8)]2catechin,-0.009431592361799215,-0.0009513728504245125,0.08433652207213105
5.02 min | Stearic acid,0.010040889155437181,-0.023173854575226506,0.0169755742006131
5.02 min | Palmitic acid,0.006564726557630168,-0.01640443011656473,0.017289243369609453
5.23 min | Palmitic acid,0.01011589844208113,-0.01785885574449727,0.01626007870152767
"5.31 min | 1H-Indole-3-carboxylic acid, 1-methyl-, (1-(2-((methylsulfonyl)amino)ethyl)-4-piperidinyl)methyl ester",0.04528213254326615,-0.01939742707922133,-0.0092658420440585
5.34 min | Quercetin 3-arabinoside 7-glucoside,-0.00813573977646934,-0.00042625183832011905,0.06977669154159155
"5.36 min | Myricetin 3,3'-digalactoside",-0.006636563738331002,-0.00012201025523852444,0.053871881597042114
5.37 min | Stearic acid,0.005224163723107129,-0.0189186885218985,0.018581521808460632
5.43 min | Palmitic acid,0.0032113882570519448,-0.01235419705872569,0.016333326807987388
5.56 min | Gallic acid hexoside,0.01834613878009009,-0.005015368442601754,0.005141977937810304
5.65 min | Stearic acid,0.014906420534655775,-0.022371851069084295,0.023127626025912777
5.68 min | Palmitic acid,0.0015788859852225749,-0.01583028541507387,0.016812591986193788
5.88 min | Stearic acid,0.002029625337171154,-0.017800233687591354,0.01150182005410709
5.89 min | Palmitic acid,0.007450213926070619,-0.011038647175608277,0.0021099757912755837
5.93 min | Oxoadipic acid.mol,-0.008052963684840242,-0.008150600428276263,-0.023800540944235178
5.97 min | GALLIC ACID,0.04079859006056747,-0.012976145697763211,-0.012461127151323107
5.98 min | Larixinic Acid,0.04325773646559644,-0.012799727236489693,-0.011015069062160193
6.03 min | Palmitic acid,0.014315705558815632,-0.01997159702384346,0.02086057379413633
6.12 min | Stearic acid,0.01647837708202716,-0.024905704907520487,0.023434288216375616
6.26 min | Palmitic acid,0.0031693891981513806,-0.015806818687621935,0.016269925189872952
6.27 min | Methylenediphosphonic acid,-0.0065563225376941816,0.011651821271020055,0.005508533461435907
6.38 min | Stearic acid,-0.0006123800603006421,-0.017260253257691278,0.019262739846932248
6.59 min | Palmitic acid,0.01905737631177327,-0.023679497388845547,0.019412822883398566
6.6 min | Stearic acid,0.010153465189883118,-0.02141218021685634,0.019063026037461725
6.65 min | Methylenediphosphonic acid,0.006040779780476072,0.0002275303861764125,-0.024863014337403504
6.84 min | Stearic acid,0.005541223763756459,-0.018916788245839557,0.022637829115078507
6.86 min | Palmitic acid,0.006828096255319685,-0.017218182661489907,0.018915589364614828
7.07 min | Stearic acid,0.017137159739827476,-0.024494798842205047,0.022211280852771603
7.11 min | Palmitic acid,0.01782743196963737,-0.022274525893529195,0.020618095802308205
7.36 min | Palmitic acid,0.022316879072305038,-0.02312030991148897,0.016749538607145748
7.39 min | Stearic acid,0.020806633811815557,-0.025308384522739258,0.01724851391380041
7.59 min | Palmitic acid,0.013012294541753604,-0.02033558549257031,0.018810712582751483
7.62 min | Stearic acid,0.01699739933981032,-0.02397381888955327,0.017951331962308952
"7.64 min | Benzo(a)naphthacene-2-carboxylic acid, 5,6,8,13-tetrahydro-8,13-dioxo-3-(2-hydroxypropyl)-7-methoxy-1,6,9,14-tetrahydroxy-",-0.0257253427861597,-0.004798621749182351,-0.03085951590298439
7.7 min | (2S)-3-[3-[(4-Carbamimidoylbenzoyl)amino]propanoylamino]-2-[(4-ethylphenyl)sulfonylamino]propanoic acid,0.029767189935010503,-0.012319925422545999,-0.005388819858395082
"7.84 min | (1RS,2RS)-Guaiacylglycerol 1-glucoside",-0.012919944510709012,-0.000775923971741027,0.06504683147785209
7.86 min | Stearic acid,-0.0018842635292516715,-0.014552273781337385,0.020890295385435603
7.87 min | (2S)-3-[3-[(4-Carbamimidoylbenzoyl)amino]propanoylamino]-2-[(4-ethylphenyl)sulfonylamino]propanoic acid,0.03904654468997227,-0.01511716345092878,-0.01031160082234151
7.91 min | Dimethyl fukiic acid,-0.007242094429511116,-0.006362793795866978,0.01104586357430373
8.03 min | Palmitic acid,0.014118197139005606,-0.02018632198665638,0.019261454796417003
8.06 min | Stearic acid,0.00031151196266485765,-0.009612278133464172,0.004301156212748608
8.12 min | Dimethyl fukiic acid,-0.009180367671081829,-0.001793027492013341,-0.004939648858608853
"8.17 min | (1RS,2RS)-Guaiacylglycerol 1-glucoside",-0.02978287142051428,-0.004134893458742583,-0.01806562020645857
8.21 min | Ethylvanillin glucoside,-0.02417854622711219,-0.007901773605193193,-0.018127768525071253
"8.22 min | (1RS,2RS)-Guaiacylglycerol 1-glucoside",-0.02999657528071137,-0.005239904955010165,-0.01286866788451729
8.27 min | Stearic acid,0.012681060532664651,-0.0237785908552733,0.02191472304158266
8.28 min | Gallocatechin-(4alpha->8)-catechin-(4alpha->8)-catechin,-0.010170860738542346,-0.0012881299007370952,0.08796035301849175
8.31 min | (3-{[3-(2-Amino-2-Oxoethyl)-1-Benzyl-2-Ethyl-1h-Indol-5-Yl]oxy}propyl)phosphonic Acid,-0.015483510503524213,0.0010321982522421193,-0.012323157474439014
8.39 min | Palmitic acid,0.009382069161954552,-0.018939251856269136,0.017982195216557268
8.42 min | 3-(5-(4-(1H-Imidazol-1-yl)phenyl)-1-(4-carbamoyl-2-methylphenyl)-1H-pyrrol-2-yl)propanoic acid,0.05299242045915894,-0.020528933997159046,-0.011573139676065861
"8.51 min | Benzoic acid + 2O, O-Hex",0.03682466765283439,-0.014409507254175679,-0.004951347317483192
8.57 min | Phenolphthalein glucuronide,0.03298285308018771,-0.018913863656716476,-0.014862766715094197
8.62 min | Cinnamic acid,0.01480707008916477,0.005689112478494334,-0.0048521532672348875
8.67 min | Palmitic acid,-0.0009061199033934955,-0.010677675684115838,0.008972188890425037
8.71 min | Stearic acid,0.003430408363945304,-0.017562450939670987,0.011095362357335145
8.74 min | GALLIC ACID,0.04044631166178152,-0.015738236036957162,-0.01084133316910855
8.76 min | Vanillic acid + O-sulfonateHex,-0.006336036102615465,-0.0011647812607237362,0.05949540851317
8.77 min | Allantoic acid,0.004464506798648253,0.030949569529478794,0.004201419555139538
"8.9 min | Epicatechin-(2beta->7,4beta->6)-catechin",0.0038058806472333765,-0.006895235628834833,0.0015821340654098889
"8.92 min | 4-Hydroxy-5-(3',4'-dihydroxyphenyl)-valeric acid-O-methyl-O-glucuronide",-0.04422848906500191,-0.007329454146006947,-0.030059652508081253
"8.92 min | (2S)-2-[[4-[(2,4-Diaminopteridin-6-yl)methyl]-2,3-dihydro-1,4-benzothiazine-7-carbonyl]amino]hexanedioic acid",-0.04366439727687762,-0.005726486539397902,-0.030950002276419704
8.96 min | (3-{[3-(2-Amino-2-Oxoethyl)-1-Benzyl-2-Ethyl-1h-Indol-5-Yl]oxy}propyl)phosphonic Acid,-0.03233974167705668,-0.0027977225361269548,-0.02935409402264105
"8.96 min | 2,3-Butanediol apiosylglucoside",-0.025980893263454707,-0.0008195037546738006,-0.020185813561769985
8.96 min | Procyanidin trimer C1,-0.028992510698858918,-0.006659451558372271,0.03758464061874591
9.03 min | Delphinidin 3-glucoside,0.035884470145798514,-0.019907316022338126,0.005898341332851903
9.05 min | Stearic acid,0.015321367335962132,-0.02297048163654967,0.017260439828005382
9.07 min | trans-Caffeic acid [apiosyl-(1->6)-glucosyl] ester,-0.006556658962167052,0.0006537000160798077,-0.0008704697955971968
9.08 min | Palmitic acid,0.02166195925095022,-0.022130104987085033,0.015640909412240223
9.15 min | 2-Amino-3-phosphonopropionic acid.mol,0.06250183075435005,-0.02982850260571575,-0.004239768922928571
"9.19 min | 4-Hydroxy-5-(3',4',5'-trihydroxyphenyl)-valeric acid-O-methyl-O-glucuronide",-0.021149051531163327,-0.0028635750378686437,-0.020914602174184765
9.19 min | 4'-O-Methylepicatechin 7-O-glucuronide,-0.01845952486184697,-0.002429591251001479,-0.022105153273623862
"9.2 min | Quercetin 4',7-diglucoside",-0.011368272511162717,-0.0014897231260063459,0.08780795849051172
"9.21 min | (2S)-2-[[4-[(2,4-Diaminopteridin-6-yl)methyl]-2,3-dihydro-1,4-benzothiazine-7-carbonyl]amino]hexanedioic acid",-0.04250078131208419,-0.006308059515267408,-0.031313378970714074
9.21 min | Epicatechin-(4beta->8)-gallocatechin,-0.011203514017576669,-0.0015462343261827458,0.0882131130603828
"9.22 min | 4-Hydroxy-5-(3',4'-dihydroxyphenyl)-valeric acid-O-methyl-O-glucuronide",-0.0420317140136664,-0.005762290241495669,-0.030956897529946445
"9.23 min | 1-(3,4-Dimethoxyphenyl)-1,2-ethanediol 1-O-b-D-glucoside",-0.03294297320773022,-0.007692563449905374,0.011944268826279403
"9.25 min | 4-Hydroxy-5-(3',4'-dihydroxyphenyl)-valeric acid-O-methyl-O-glucuronide",-0.0419891064648053,-0.006431175152944957,-0.02922866967817837
9.29 min | Pavetannin D1,-0.033101971159706096,-0.0045478362479845,-0.02455516563066878
9.31 min | Procyanidin trimer C1,-0.02099438019082201,-0.002239478461171959,-0.007468038590348639
9.4 min | Stearic acid,0.006758339497104153,-0.016947928533597376,0.016858511609090063
9.41 min | Palmitic acid,0.011784333942803742,-0.016729960774455578,0.015621221801769813
"9.42 min | 4-Hydroxy-5-(3',4'-dihydroxyphenyl)-valeric acid-O-methyl-O-glucuronide",-0.014215074284789676,-0.0014919362143531597,-0.011051120127241286
9.49 min | GALLIC ACID,0.03501480445289627,-0.01413484662101737,-0.008731119832147608
9.5 min | Isopropyl apiosylglucoside,-0.008772272904882986,0.004124178625629332,0.0015499605993854657
"9.53 min | 4-Hydroxy-5-(3',4'-dihydroxyphenyl)-valeric acid-O-glucuronide",-0.00883365393631988,0.003001812607819878,0.032697579719488015
"9.54 min | Benzoic acid, 2-[[3-(2-quinolinylmethoxy)phenyl]amino]-",0.0070075549218322946,-0.005848445224974151,-0.0034452187051596285
"9.56 min | (1RS,2RS)-Guaiacylglycerol 1-glucoside",-0.02320139934096899,-0.002951462901889496,0.055986539766745176
9.57 min | PANTOTHENIC ACID,0.0391330718820911,-0.016103392986139477,-0.027617676689658133
9.58 min | Pavetannin D1,-0.04038595904794679,-0.005664979603632603,-0.026321836482607032
9.58 min | 2-[[(1R)-2-[Bis(carboxymethyl)amino]cyclohexyl]-[(2S)-2-[bis(carboxymethyl)amino]-3-(4-isothiocyanatophenyl)propyl]amino]acetic acid,0.0007605526633654018,-0.005799536699632583,0.008088522264559755
9.63 min | 3-Methylellagic acid 2-(4-galactosylglucoside),-0.011279455824913775,-0.009300386889571988,0.017189056217468204
9.64 min | 4-Hydroxy-5-(phenyl)-valeric acid-O-sulphate,0.05220103209614323,-0.018447540120827076,-0.010830895929123717
9.64 min | [Gallocatechin(4alpha->8)]2catechin,-0.009042542824415788,-0.0013451572176538717,0.08022599782232925
9.64 min | Erythronic acid.mol,0.05819850846710858,-0.025421524037260456,-0.00820023193578058
"9.66 min | Propanoic acid, 3-((((2-(1,1-dimethylethyl)-5-methoxy-6-benzothiazolyl)amino)thioxomethyl)thio)-",-0.012670280916031954,-0.01862155128711222,0.024371532175490544
"9.67 min | 3-Methoxy-4,5-methylenedioxybenzoic acid",-0.01678966549687641,0.004392222391855092,0.016925739631214128
9.7 min | Leucodelphinidin 3-[galactosyl-(1->4)-glucoside],-0.014015441335702329,-0.004309065947005198,0.001309338132480253
9.71 min | Epicatechin-(4beta->8)-gallocatechin,-0.024987407487629284,-0.004430697837533137,-0.021601036995084283
9.74 min | Gentisic acid,0.034588720936768506,-0.02302067336982657,0.007632216931890685
9.76 min | Kaempferol 3-gentiobioside 7-rhamnoside,-0.0032039586123318075,-0.0014040361453686286,-0.0070603536283976595
9.77 min | Furaneol 4-(6-malonylglucoside),-0.027837367787973476,-0.007200139720554829,-0.0010298774888412936
9.78 min | VANILLIC ACID,-0.02830378945516139,-0.007443425359744698,0.008207724664406973
9.79 min | Quercetin 3-(4''-acetylrhamnoside) 7-rhamnoside,-0.006236688860646627,9.581755876504418e-05,0.03830376297046021
9.8 min | Gallocatechin-(4alpha->8)-gallocatechin-(4alpha->8)-gallocatechin,-0.005878103357085192,0.0008735206058479443,0.04856078162309186
9.8 min | Gallocatechin-(4alpha->8)-gallocatechin-(4alpha->8)-gallocatechin,-0.007580930602889786,0.00019488213806653638,0.06554923435928908
9.83 min | Hesperetin 7-glucoside,-0.0255414690274164,-0.005676335882529633,-0.023183102846496887
9.83 min | Stearic acid,0.016916411088318827,-0.023688534675485262,0.02142160903646868
9.85 min | L-Ascorbic acid 2-glucoside,-0.0066732308662619455,-0.0023000065120871486,0.06680565168086353
9.85 min | epigallocatechin,-0.007080130193587652,0.00019083100883937192,0.06079492959837328
9.86 min | Ichangin 4-glucoside,0.020219531286167054,0.07468197564646954,-0.0002965381875468057
9.86 min | Caffeic Acid,-0.007376510071923636,0.007513245698924936,0.06073930153835773
9.86 min | Fertaric acid,0.04869910376481729,-0.01705852105030527,-0.011875649191257819
"9.86 min | 3,4,5-Trimethoxycinnamic acid",-0.007968203920757316,0.00035839182500560783,0.06537123881969052
9.87 min | Lucuminic acid,-0.013558317043566316,0.003299765466638907,-0.005231905995469499
9.9 min | Palmitic acid,0.007503780576793615,-0.01644032220942839,0.01705670745966386
9.92 min | Geniposidic acid,-0.018906836608474437,-0.0067200771750227,0.004241745977795158
9.93 min | Ethylvanillin glucoside,-0.015405059882127438,0.0034675716064524946,0.005888194221528658
"10.01 min | 3,4-Dimethoxyphenyl ?-D-glucoside",-0.00555144875719889,-0.0037218629183870624,0.012419308331555112
10.01 min | Xanthurenate-8-O-beta-D-glucoside,-0.004595087109402123,-0.000182242186775632,0.0019105690905183062
10.03 min | (E)-Resveratrol 3-glucoside 4'-sulfate,0.050499874308016154,-0.021142103743547247,-0.009423972689549372
10.04 min | Hamamelitannin,0.048352619424892704,-0.020740694755398904,-0.007959423757590237
10.06 min | Epicatechin-(4beta->8)-gallocatechin,-0.011554873832959838,-0.0010350063253891362,0.08372424325810661
"10.07 min | Quercetin 4',7-diglucoside",-0.012614706114882539,-0.0007803125556506598,0.07887734854215714
10.07 min | GALLIC ACID,0.04736528920855208,-0.018975899214700505,-0.0071717254173379
10.08 min | Homovanillic acid sulfate,-0.023570885500347073,-0.00734724171374939,-0.006392501419702445
10.12 min | (R)-Pantothenic acid 4'-O-b-D-glucoside,0.008803150236235088,-0.010492570462103015,-0.024057769456448514
10.13 min | Quercetin-3'-glucuronide,-0.006039459660530145,0.00515090761077516,0.027985593476554906
10.15 min | Furaneol 4-(6-malonylglucoside),0.002852398865993545,-0.004031775757289798,0.054227527037937186
10.16 min | Fertaric acid,0.044340475655030104,-0.013929584705776248,-0.01228674361860333
10.16 min | Caryoptosidic acid,-0.017774101535344967,-0.008155584144379075,0.040528705086359744
10.22 min | Gentisic acid,-0.027442676944413744,-0.008632671035184851,-0.0194444296175493
10.23 min | Chicoric acid,0.040858126753326805,-0.017933322401720422,-0.006544610717335083
10.24 min | 3-Carboxylic acid-picumast,-0.03653235734787906,-0.00577878931095252,-0.030637180842524484
10.27 min | Dimethyl fukiic acid,0.03383088438039269,-0.017079917040547826,0.010730502442915717
"10.28 min | 4-Hydroxy-5-(3',4',5'-trihydroxyphenyl)-valeric acid-O-methyl-O-glucuronide",-0.029956723613232795,-0.006397139458545152,-0.021042510888022732
"10.28 min | 3,4-Dimethoxyphenyl ?-D-glucoside",-0.027410707544640183,-0.005478307495799485,0.015409245417066508
10.3 min | Phlorisobutyrophenone 2-glucoside,-0.032917596962712466,-0.004479952671233077,-0.019482422592376536
10.38 min | 2-trans-O-Feruloylglucaric acid,-0.012047675087833566,0.002351765494716694,-0.004430628112301136
"10.4 min | 2,3-Diaminosalicylic acid",0.0209688596534427,-0.015761308045136597,-0.003331167619588773
10.43 min | Geniposidic acid,-0.0002086231996236137,-0.008413157738148675,0.028884035933569384
10.43 min | 3-[[(2S)-3-(4-Phenylphenyl)-2-(phosphonomethylamino)propanoyl]amino]propanoic acid,-0.015473747631715003,-0.0075526191076478585,0.024500865477945357
10.45 min | Ferulic acid,-0.006272018307943806,-0.007422972636545421,0.029848758772409827
"10.46 min | 1-[(4-Amino-3-methylphenyl)methyl]-5-(2,2-diphenylacetyl)-6,7-dihydro-4H-imidazo[4,5-c]pyridine-6-carboxylic acid",-0.02214603525717004,-0.0030643249767751462,-0.018244345796755407
10.47 min | (-)-epicatechin-3'-O-glucuronide,0.032184555803365364,-0.026301904016065546,0.01248439302300827
10.48 min | Geniposidic acid,-0.014268506577434543,-0.008363935875600853,0.03348561578366838
10.49 min | 3-[7-[3-(4-Acetyl-3-hydroxy-2-propylphenoxy)-2-hydroxypropoxy]-4-oxo-8-propylchromen-2-yl]propanoic acid,-0.02256915976004711,-0.0030841969682940595,-0.01929953669889045
10.5 min | Galactaric acid,-0.01992853182887802,-0.003168476581440623,-0.017117395323939875
10.51 min | Stearic acid,0.01088185065957649,-0.020389596822972558,0.021148999147031725
"10.53 min | Tetrahydro-2,5-furan-diacetic acid",0.052503562362771934,0.01400909781635142,-0.002853259119359914
10.53 min | Quercetin 3-galactoside,0.020173574370170134,-0.021291051952842782,0.002027062126523384
10.56 min | Kaempferol 3-sophorotrioside,0.002837612399804554,-0.0018959776109309726,-0.006760495852008783
10.59 min | Xanthurenic Acid,-0.01722373629766743,0.0006585673134725334,-0.00398585415545031
10.64 min | Hamamelitannin,0.05071972483441944,-0.018067282755742178,-0.012643117115247444
10.64 min | (E)-Resveratrol 3-glucoside 4'-sulfate,0.051166114144072794,-0.01849099285370667,-0.01286919907604794
"10.64 min | Benzoic acid, 2-[[3-(2-quinolinylmethoxy)phenyl]amino]-",-0.024135184564369423,-0.01799745527224458,-0.0140228374574423
"10.65 min | 2-Hydroxy-3,4-Dimethoxybenzoic Acid",-0.02269153042098145,-0.01888631548742565,-0.012267529493568383
10.67 min | Gallocatechin-(4alpha->8)-gallocatechin-(4alpha->8)-gallocatechin,-0.0060301156668035,0.0008582764206350583,0.049004291453337276
10.7 min | Epicatechin-(4beta->8)-gallocatechin,-0.008959801056853017,-2.3734880984460913e-05,0.06375124056237938
10.71 min | 2-trans-O-Feruloylglucaric acid,-0.030157783623119775,-0.007122962777266514,0.0029785004352077134
10.73 min | 8-Hydroxyluteolin 4'-methyl ether 8-glucoside-3'-sulfate,0.03473128196369914,-0.011752337227274402,-0.005915240356310453
10.75 min | L-Malic acid.mol,0.044392173128723726,-0.015511630439182545,-0.011710695923272119
10.75 min | Chenodeoxycholic acid disulfate,-0.028894648566255933,-0.00407638380601126,-0.02385747694967339
"10.8 min | 6-(4-carboxy-2-hydroxyphenoxy)-3,4,5-trihydroxyoxane-2-carboxylic acid",0.031446832917342085,-0.011492303035169307,-0.007616872649477488
10.82 min | Ethyl (S)-3-hydroxybutyrate glucoside,-0.024776014067500768,-0.007628764153310142,0.028515792866850215
10.85 min | [Gallocatechin(4alpha->8)]2catechin,-0.009962486661457489,-0.0007139236899795266,0.0837662626796147
10.87 min | [Gallocatechin(4alpha->8)]2catechin,-0.010673735286435553,-0.0011025355348545705,0.0860946952093055
10.88 min | Palmitic Acid,0.012020009746889099,-0.018072942940963725,0.015251895002789064
10.89 min | Stearic acid,0.013611293630604667,-0.01712038441777043,0.014256583515407659
10.9 min | Molludistin 2''-rhamnoside,-0.006840410465403944,0.0006482859382323424,-0.011145037998804223
"10.94 min | (7,8-Dihydro-5-((E)-((a-(3-pyridyl)benzylidene)aminooxy)ethyl)-1-naphthyloxy)acetic acid",-0.023504612057761956,-0.0036758125001686306,-0.022151099731769697
"10.95 min | LUTEOLIN-3',7-DIGLUCOSIDE",0.014954833578272564,0.02100355399872995,-0.0031971210854566967
"10.95 min | (1RS,2RS)-Guaiacylglycerol 1-glucoside",-0.002702557128764324,-0.008051301822415473,0.002312369731605329
"10.95 min | 4-Hydroxy-5-(3',4'-dihydroxyphenyl)-valeric acid-O-methyl-O-glucuronide",-0.02849006687096744,-0.003850046447729442,-0.0228094737009204
"10.95 min | 3-(4-Hydroxy-3-methoxyphenyl)-1,2-propanediol 2-O-(galloyl-glucoside)",-0.03029791092273329,-0.004134338619997881,-0.02474586859167441
10.97 min | Caryoptosidic acid,-0.007817020110114972,-0.000977287817197969,-0.005909013787977635
11.0 min | Cinnamtannin A2,-0.02179858526381449,-0.0047279247620601135,-0.000133231553305179
"11.04 min | Myricetin 3-(3'',4''-diacetylrhamnoside)",-0.03245772288860749,-0.002820901704279111,-0.028002270879175516
"11.06 min | 4-Hydroxy-5-(3',4',5'-trihydroxyphenyl)-valeric acid-O-methyl-O-glucuronide",-0.02728358535530491,-0.002864052860451192,-0.021814064545212845
11.07 min | Quinic acid,-0.016433157614142116,-0.002626042371817849,-0.015123637349021115
11.07 min | Epicatechin-(4beta->8)-gallocatechin,-0.013741053576641531,-0.0026854327238230464,0.06562850978711475
11.08 min | Caffeic Acid,-0.022096721377132974,-0.001559073102563444,-0.005509923192158114
11.1 min | (S)-3-{4-[2-(5-Methyl-2-phenyl-oxazol-4-yl)-ethoxy]-phenyl}-2-propylamino-propionic acid,0.038776097593582796,0.05548392526070872,-0.0060775842707921175
11.11 min | Phlorisobutyrophenone 2-glucoside,0.04966905699060477,-0.026399388231291687,-0.0002263600667466846
11.11 min | (-)-epicatechin-3'-O-glucuronide,0.008280620766089774,-0.015232167289093906,-0.0044829418797841004
11.13 min | [Gallocatechin(4alpha->8)]2catechin,-0.00921161104538847,2.5612831156674293e-05,0.06776020795816108
11.14 min | Caffeic acid 3-O-glucuronide,-0.014394894597559871,0.0031672210475888135,-0.0052756278928979515
11.15 min | Glucocaffeic acid,-0.002919956519782141,0.0035032053200537835,0.005234698107701324
11.15 min | Gallocatechin-(4alpha->8)-gallocatechin-(4alpha->8)-gallocatechin,-0.0058145058816752825,0.0008480492436470454,0.0479976935444743
11.18 min | Hamamelitannin,0.03785966157923553,-0.011227986652781033,-0.01138428560182984
11.19 min | (E)-Resveratrol 3-glucoside 4'-sulfate,0.03561357322665539,-0.011860322618170547,-0.012483521847396066
11.19 min | Ethyl (S)-3-hydroxybutyrate glucoside,-0.009436484988060226,0.0033914170014455376,0.01671254977433673
11.21 min | Cinnamtannin II,-0.03866431126325006,-0.0074294250563626185,-0.009710002879570466
"11.22 min | 2,3-Butanediol glucoside",0.015885061949516454,0.060856262554415314,5.100049626739601e-05
"11.23 min | 4-Hydroxy-5-(3',4'-dihydroxyphenyl)-valeric acid-O-methyl-O-glucuronide",-0.009401703911501861,0.012707174734461682,0.04607880796025366
11.24 min | Phenylpyruvic acid,-0.0020312816875449773,-0.01386874542154236,0.00550446301648581
11.25 min | Isovitexin 2''-O-[4-hydroxy-(E)-cinnamoyl-(->6)-beta-D-glucopyranosyl] 4'-O-beta-D-glucopyranoside,0.0011450486214568572,-0.0021765109657696565,0.001373814334578877
11.26 min | 1-Hexanol arabinosylglucoside,-0.011071275676663352,-0.006120785845426354,0.0062090914117393144
11.26 min | Stearic acid,0.009950846996124555,-0.01817617875004509,0.015309186447176442
11.28 min | 2-trans-O-Feruloylglucaric acid,-0.01500602755177356,0.0030859239334526584,-0.0055248933914168975
"11.31 min | 1-(3,4-Dimethoxyphenyl)-1,2-ethanediol 1-O-b-D-glucoside",-0.01581699438609033,-0.005872853197435718,-0.010142023134492395
"11.33 min | 1-(3,4-Dimethoxyphenyl)-1,2-ethanediol 1-O-b-D-glucoside",-0.0352905953446307,-0.007345611199255737,-0.01048644784168307
"11.35 min | (2R,3S)-Piscidic acid",-0.01778812128494314,0.04246195975894578,-0.014401621970640602
11.39 min | Gallocatechin-(4alpha->8)-catechin-(4alpha->8)-catechin,-0.014418835982011068,-0.00200161051975348,0.08601857471047697
11.39 min | 5-Hydroxy-6-methoxycoumarin 7-glucoside,-0.015357161093555139,0.0033532392063907613,-0.005190767746818009
11.4 min | Caffeic acid 3-O-glucuronide,-0.02046732940610742,-0.0032210497265455886,-0.014382445359269374
"11.4 min | Epigallocatechin-(4b,8)-epicatechin-3-O-gallate ester",0.031672624357397365,-0.019482858091456858,0.00955391499108089
"11.41 min | Benzoic acid + 2O, O-Hex",0.03516004730686979,-0.002028962450699618,-0.0037810441121954247
11.44 min | glutamic acid betaine,-0.01948533280936911,-0.0017017896629979202,-0.02081764336211926
"11.47 min | 1-(3,4-Dimethoxyphenyl)-1,2-ethanediol 1-O-b-D-glucoside",-0.008014087869111656,-0.013154208505171523,0.005088155947694634
"11.47 min | Benzoic acid + 1O, O-Hex",0.003934267214556672,-0.004586322700559109,0.07039804425408673
11.47 min | Cymorcin diglucoside,-0.005852711216225013,-0.0025466111045113356,0.04448283708868566
"11.47 min | NCGC00381247-01!3-ethenyl-4-[2-(3,4,5-trihydroxybenzoyl)oxyethyl]-2-[3,4,5-trihydroxy-6-(hydroxymethyl)oxan-2-yl]oxy-3,4-dihydro-2H-pyran-5-carboxylic acid",-0.009172296707862189,-0.005935080955578969,0.0316238457378397
11.48 min | Galactaric acid,-0.019374514219764716,-0.0032075541587926006,-0.01683319598913406
11.49 min | Arthoniaic acid,-0.023591435076879448,-0.0023443494547458234,-0.012810171637116634
"11.52 min | Myricetin 3,3'-digalactoside",-0.021609136156840264,-0.0013367693681033172,0.04077039277671879
"11.53 min | 4-Hydroxy-5-(3',4'-dihydroxyphenyl)-valeric acid-O-methyl-O-glucuronide",-0.024658689195867733,-0.005245837444295287,-0.015346262236232002
11.57 min | Cinnamtannin A2,-0.0468317576866054,-0.00792489813779454,-0.027163997918495397
"11.58 min | 2-Hydroxy-3,4-Dimethoxybenzoic Acid",0.030163372485420812,-0.02283243035970725,0.009450177044290395
11.58 min | (-)-epicatechin-3'-O-glucuronide,0.03184394529164194,-0.01573044240707627,-0.008944766081563357
11.59 min | (-)-epicatechin-3'-O-glucuronide,0.03452364262032053,-0.01822631648468856,-0.0074455080594495685
11.6 min | Cinnamtannin A2,-0.04954700083444493,-0.008457683305831376,-0.02668639520724854
11.61 min | EPICATECHIN,0.05444843609776115,-0.022410207215309206,-0.002255185326275479
11.62 min | alpha-D-Galactopyranuronosyl-(1->4)-alpha-D-galactopyranuronosyl-(1->4)-D-galacturonic acid,0.020318104983908725,-0.011610502583160586,-0.010281787451988858
11.63 min | Naringenin,0.011051527542292465,-0.0047066555461398665,-0.002614362674010915
"11.66 min | 4-Hydroxy-5-(3',4',5'-trihydroxyphenyl)-valeric acid-O-methyl-O-glucuronide",-0.02546532817298735,-0.002810610050553195,-0.01874984571264462
11.66 min | Geniposidic acid,-0.0186851447185364,-0.00837423377449907,0.00534905054853684
11.67 min | Procyanidin B2,-0.04997120184822302,-0.0098341759824282,-0.013695965156612557
11.67 min | (-)-Epigallocatechin 3-p-coumaroate,-0.05033737446498941,-0.00862837224578456,-0.010529443688875522
11.68 min | Procyanidin trimer C1,-0.008109267901173235,-0.002232138700106267,-0.004545095464421
11.75 min | Hamamelitannin,0.039476934457473495,-0.011768209555031259,-0.011865054804659873
11.8 min | naringenin-7-O-glucuronide,0.01834102719826884,-0.003540883177897803,-0.006693400085810893
11.82 min | Fulvic acid,0.01882381389466914,0.07487254148287609,-0.00021350047912548423
11.83 min | 2-trans-O-Feruloylglucaric acid,-0.013968440117531828,0.003649634589093812,-0.0037867118705498877
"11.83 min | Benzenebutanoic acid, 4-((3-(4-acetyl-3-hydroxy-2-propylphenoxy)propyl)thio)-gamma-hydroxy-beta-methyl-, (R*,S*)-",-0.02504266617541516,-0.005037603496531128,-0.013093983538750005
11.84 min | Gallocatechin-(4alpha->8)-gallocatechin-(4alpha->8)-gallocatechin,-0.005765893280913732,0.0008598482024847558,0.046848671055234326
11.85 min | (+)-Chebulic acid,0.04179934340704649,-0.015432708423946713,-0.008920901669138153
11.85 min | [Gallocatechin(4alpha->8)]2catechin,-0.009164216701415586,-0.0012683610023857715,0.07832625108821384
11.86 min | Laccaic acid D,0.01128821804164373,-0.01406873527516252,0.0073622766737679035
11.86 min | 3'-Methoxyfukiic acid,-0.022639364460689117,-0.006276844329446873,-0.00629931362110537
"11.86 min | Epigallocatechin-(4b,8)-epicatechin-3-O-gallate ester",-0.0022949123508614563,-0.004800724608341508,0.06821507916154751
11.92 min | Cinnamtannin B2,-0.02728170319037343,-0.0039304804116636095,-0.02685548548479451
11.93 min | Epicatechin-(4beta->8)-gallocatechin,-0.021930764661168386,-0.0030979220097422703,0.07574561174245074
"11.96 min | 1-[5-(2-Cyclopropyl-5,7-dimethylimidazo[4,5-b]pyridin-3-ylmethyl)thiophen-2-yl]cyclopent-3-ene carboxylic acid",-0.0024202552517238476,-0.007716833546621526,0.009287053363428832
11.97 min | Procyanidin trimer C1,-0.013884632388882517,0.0033357917790328077,-0.004061410144337576
11.97 min | Procyanidin trimer C1,-0.018865883463739335,0.0014880766742355516,-0.003829093782218643
11.98 min | Pavetannin B6,-0.033824534056352815,-0.006341798689880478,-0.030785688732452802
"11.99 min | Epicatechin-(2beta->7,4beta->6)-catechin",-0.0027203757893778085,0.021261980666102763,-0.0032878873054282705
12.0 min | 2-trans-O-Feruloylglucaric acid,-0.02183827942672924,-0.0037853920676781906,-0.01758858798757777
12.01 min | 5-Hydroxy-6-methoxycoumarin 7-glucoside,-0.013923033000664352,0.003643491457767181,-0.0031292690506321994
12.02 min | Genipinic acid,-0.0169312221493923,0.014965562553990956,-0.007619675959600601
12.03 min | Vanilpyruvic acid,-0.01093583377414042,-0.0016576226081732974,0.0835068339757752
12.06 min | Chenodeoxycholic acid disulfate,-0.03011444059852513,-0.004470965673984361,-0.025403442473599425
12.06 min | epigallocatechin,-0.012016426272205073,-0.0015826722326267486,0.08652993912007156
12.07 min | (-)-epicatechin-3'-O-glucuronide,0.04336380334086253,-0.032257363850595265,-0.0008884466703331666
"12.1 min | 4-Hydroxy-5-(3',4'-dihydroxyphenyl)-valeric acid-O-glucuronide",0.009234563222804092,-0.0019305650864980364,0.001823308613286088
12.1 min | 1-Salicylate glucuronide,0.05608893825403541,-0.02205507399970297,-0.008832795519652476
12.1 min | Gallocatechin-(4alpha->8)-catechin-(4alpha->8)-catechin,-0.013569724115800258,-0.0021398049300721147,0.08621206782580859
12.11 min | 2-Glucosyloxy-4-methoxycinnamic acid,0.009104511811173957,0.0010866132372044084,0.0011787912695291672
12.11 min | Cinnamtannin A2,-0.043147766171413096,-0.006099168986632324,-0.02676237657316326
12.11 min | Apigenin 6-C-glucoside 8-C-arabinoside,-0.01259129350127331,-0.00893566584895263,0.03106513683536691
12.11 min | Hamamelitannin,0.05502443252575717,-0.021420226443084497,-0.012169418934181591
12.11 min | Procyanidin B2,-0.017391943847609472,-0.011766757877464139,0.013887990726891918
12.12 min | Hamamelitannin,0.05576034010668184,-0.022299277987244074,-0.011694116600894531
12.12 min | (E)-Resveratrol 3-glucoside 4'-sulfate,0.05728843202657494,-0.022779136883414184,-0.01204788841787157
"12.12 min | 4-Hydroxy-5-(3',4',5'-trihydroxyphenyl)-valeric acid-O-methyl-O-glucuronide",-0.013628398761271178,0.0032466469874996187,-0.005288514081385947
12.12 min | Caffeic acid 3-O-glucuronide,-0.025744450120150898,-0.001644569062222975,-0.015216792783442724
"12.13 min | 3,4-di-O-galloylquinic acid",0.009089861113637273,0.018405029697305023,0.0012623885115624572
"12.15 min | 4-Hydroxy-5-(3',4'-dihydroxyphenyl)-valeric acid-O-methyl-O-glucuronide",-0.008517582695068086,-0.002856057799894219,0.06974868703606507
12.15 min | Cinnamtannin A2,-0.03195774863785281,-0.0020883233546031823,-0.001199576675011926
12.16 min | [Epicatechin-(4beta->8)]2-epicatechin 3'''-gallate,0.010579655364784142,-0.004535596162455769,-0.007504749259599332
12.16 min | 1-Salicylate glucuronide,4.517639294567778e-06,-0.006031571005327544,0.011064847958933708
12.18 min | Cinnamtannin A2,-0.045606567383062124,-0.007973149740599957,-0.029847086243115772
"12.21 min | (5Z)-4-[2-[2-(3,4-dihydroxyphenyl)ethoxy]-2-oxoethyl]-5-ethylidene-6-[(2S,3R,4S,5S,6R)-3,4,5-trihydroxy-6-(hydroxymethyl)oxan-2-yl]oxy-4H-pyran-3-carboxylic acid",-0.03358670366365278,-0.0023389402744964562,-0.018704072588024402
12.22 min | [Gallocatechin(4alpha->8)]2catechin,-0.008188010871546652,0.00023571785183514973,0.06584196971830297
"12.23 min | 3-(4-Hydroxy-3-methoxyphenyl)-1,2-propanediol 2-O-(galloyl-glucoside)",0.04865077272896072,-0.02518202494663361,-0.0011460221354427321
12.23 min | 2-trans-O-Feruloylglucaric acid,-0.018024164292727626,0.002852751139258037,-0.008395916741089263
12.24 min | 3-Hydroxysuberic acid.mol,0.029559711389509222,-0.015182984535811912,0.00014751749837143709
12.24 min | Quercetin 3-galactoside,0.025593283739742265,-0.015297361469375268,0.019712631834741718
12.24 min | 3-[7-[3-(4-Acetyl-3-hydroxy-2-propylphenoxy)-2-hydroxypropoxy]-4-oxo-8-propylchromen-2-yl]propanoic acid,-0.02262771633142297,-0.0028596994041325758,-0.019311834548077125
"12.25 min | Benzoic acid + 2O, O-Hex",0.04423552496237399,-0.020923468925123298,0.002578466807046124
12.26 min | Phlorisobutyrophenone 2-glucoside,0.0398321047063204,-0.015005867486992465,-0.008305890106265814
"12.26 min | 4-[2-[2-[3-Acetamido-2,5-dihydroxy-6-(hydroxymethyl)oxan-4-yl]oxypropanoylamino]propanoylamino]-5-amino-5-oxopentanoic acid",-0.004673517631285813,-0.0043951671660150925,0.011359887864349494
12.26 min | 3-Hydroxyphloretin 2'-O-xylosyl-glucoside,-0.021499170645102452,-0.0031200945569469633,-0.021554550872894148
12.26 min | Catechin 7-sulfate,-0.010761555606492064,-0.008100431606027558,-0.015895488463122172
12.27 min | 3-Methyl-3-butenyl apiosyl-(1->6)-glucoside,-0.018250238231315885,-0.0035468675279514334,-0.0038989954068066692
12.27 min | [Gallocatechin(4alpha->8)]2catechin,-0.009631836421619171,-0.00023150808793823445,0.07111678256299245
"12.28 min | (E)-4-(1,2,3,6-Tetrahydro-2,6-dioxo-1,3-dipropyl-9H-purin-8-yl)cinnamic acid",-0.01316999904867725,-0.0027395708179126076,0.013473165895425483
12.28 min | trans-Caffeic acid [apiosyl-(1->6)-glucosyl] ester,-0.020010422087686584,-0.006816811110187924,-0.006716271670460382
12.29 min | Procyanidin trimer C1,0.0007894578153899079,-0.0026099885361919226,-0.0011299950206072077
12.31 min | dihydroquercetin,0.047375534799322425,-0.026402862634141905,0.0023874957181846406
12.32 min | 4-Hydroxybenzoic acid,-0.012522176431243159,-0.015510324394595196,0.005266970886723525
"12.34 min | Benzoic acid + 1O, O-Hex",-0.010245144984870749,-0.012104472501906691,0.010810758888030462
12.34 min | 4'-Methyl-(-)-epigallocatechin 3'-glucuronide,-0.009524425860165019,-0.0023944078525908953,0.08284513333898838
12.35 min | Todatriol glucoside,0.033711875523202865,0.02396656340536816,0.013768639185658503
12.36 min | Methyl salicylate O-[rhamnosyl-(1->6)-glucoside],-0.016966060977829846,-0.00026909418285912844,-0.007362996010017565
12.36 min | 4-(Phenylamino)benzoic acid,0.020915698024204853,-0.00949652175928787,-0.0016197293339285837
"12.36 min | 2-[4-(3-Hydroxypropyl)-2-methoxyphenoxy]-1,3-propanediol 1-glucoside",-0.03942542095327764,-0.006183050497456191,-0.007724958297347072
12.37 min | ent-Epicatechin-(4alpha->8)-ent-epicatechin 3-gallate,0.03300703855629164,-0.02217615905250153,-0.012090926643889591
12.38 min | Mono-trans-p-coumaroylmesotartaric acid,-0.02243016601935364,3.10017092909218e-05,-0.01847817436500188
"12.4 min | Epicatechin-(2beta->7,4beta->6)-catechin",-0.03848842178975707,-0.0067884787914376035,-0.03287534907223966
12.41 min | 2-O-p-Coumaroylhydroxycitric acid,-0.023431426199481274,-0.004046654016997416,-0.018886276321883225
12.44 min | Methyl 7-epi-12-hydroxyjasmonate glucoside,-0.018299696109262742,-0.0012568631216588952,0.058934104390365935
12.45 min | Hamamelitannin,0.05178199027238918,-0.019980112016572522,-0.011749220290100807
12.47 min | 5-(4-Carboxybutylperoxy)pentanoic acid,-0.0022207992536531075,0.0051405992231831005,-0.007417426888912643
12.48 min | Hamamelitannin,0.05046781162876994,-0.019222697298761072,-0.011882325582815066
12.49 min | (E)-Resveratrol 3-glucoside 4'-sulfate,0.05127624451285229,-0.01970614663029026,-0.012191455813958358
12.51 min | Phenylpyruvic acid,-0.008616223850540412,0.0013268849147919628,-0.004884739871460599
12.51 min | Quinic acid,-0.003498831279964099,0.0019036284696114718,-0.00011098981983989968
12.53 min | Phloroacetophenone 6'-[xylosyl-(1->6)-glucoside],-0.0101151937802751,0.0027252072940259654,0.0022753661715931273
12.54 min | Cinnamtannin II,-0.04786691576788776,-0.007829079454161586,-0.023307434868488918
12.55 min | Cinnamtannin II,-0.04843537579471319,-0.007137839633066221,-0.02808171954364775
12.58 min | (-)-epicatechin-3'-O-glucuronide,0.03728927288998984,-0.022040933458120335,0.004635023665676636
"12.59 min | Quercetin-3,4'-O-di-beta-glucoside",-0.006203426897503011,-0.0075556381022911364,-0.006162410387849974
12.6 min | Procyanidin trimer C1,-0.045381624277995976,-0.00896328270718848,-0.021509365921864712
12.6 min | 2-Hydroxybenzaldehyde O-[xylosyl-(1->6)-glucoside],-0.02013497003113993,0.00029965695869783616,-0.004744489346748557
12.61 min | Glucocaffeic acid,-0.008293659906957712,-0.00727150191950083,0.006464734303989277
12.64 min | 1-Hexanol arabinosylglucoside,-0.01601888305623029,-0.005101514468967457,0.008650847867752083
12.68 min | Cinnamtannin A2,-0.04863635338310375,-0.009057799902204886,-0.02570757948792185
12.68 min | Methyl salicylate O-[rhamnosyl-(1->6)-glucoside],-0.012235222998448907,-0.006221602799859612,-0.011634552697519592
12.68 min | Cinnamtannin A2,-0.035506945545875024,-0.005921492038018969,-0.013552902730684158
12.68 min | Epigallocatechin gallate,0.04791515829632129,-0.023495618934109265,-0.005093901406611984
12.69 min | Cinnamtannin A2,-0.045388472616234875,-0.008940599696009889,-0.021168817875655752
"12.71 min | (1xi,3xi)-1,2,3,4-Tetrahydro-1-methyl-beta-carboline-3-carboxylic acid",-0.01679991683951577,0.0022461226529572964,-0.007163804122764894
12.72 min | 4-Methoxycinnamic acid,-0.019040888847164525,-0.01231551296295964,0.02709698898796259
12.72 min | Phlorisobutyrophenone 2-glucoside,-0.01130679162072528,-0.010602744482352105,0.027343871060240013
12.73 min | 3'-Methoxyfukiic acid,-0.012828113655370352,0.0027611844060423966,-0.00031455990807769996
"12.73 min | 4-Hydroxy-5-(3',4',5'-trihydroxyphenyl)-valeric acid-O-methyl-O-glucuronide",-0.017310333540461496,-0.0035351270728836374,-0.00274854647492648
12.74 min | Lucuminic acid,-0.02639612316128879,-0.003391838360160857,-0.0027400850020417025
12.75 min | Ethyl (S)-3-hydroxybutyrate glucoside,0.049977618464676694,-0.002455450587162492,-0.003171888259276956
12.79 min | D-(-)-quinic acid,-0.020497867817160363,-0.0020223062770805553,0.05428264980654258
12.8 min | Peonidin 3-(6''-malonyl-glucoside) 5-glucoside,0.04280312157796899,-0.0245180658047104,-0.0006127730986727324
12.81 min | EPICATECHIN,-0.02310977251361323,-0.02274233640376096,0.0025352463781221236
12.81 min | Epicatechin,-0.022397014036916317,-0.022844824901537674,0.007396335525801296
12.81 min | 4-Hydroxybenzoic acid,-0.015453840684926575,-0.019861895014863018,0.010352648082463167
12.81 min | 6-Methylcoumarin,-0.017989135058051036,-0.01593525314706437,0.0021641912825073125
12.81 min | 4-Hydroxyphenylpyruvic acid,-0.023287444527952655,-0.022463312149543845,0.0036726055802066217
12.81 min | Phenylpyruvic acid,-0.006765153548331937,-0.007358655699719729,0.01718091804041567
12.81 min | Pyrroline hydroxycarboxylic acid,-0.015842066379989295,-0.020911024154123926,0.003216656271042209
12.82 min | Monoisobutyl phthalic acid,-0.0202952869920346,-0.021750276891493114,0.0032695882597849613
12.83 min | 2-trans-O-Feruloylglucaric acid,-0.026286801888314382,-0.002012833525664344,-0.018336648996159263
12.84 min | 2-Keto-6-aminocaproic acid.mol,0.0518458184459659,-0.0009466831614216478,0.0048038233868215345
12.88 min | 5-Hydroxy-6-methoxycoumarin 7-glucoside,-0.010063286076887517,0.001909549610060962,-0.005714113529449737
12.9 min | Cinnamtannin II,-0.04712610291171414,-0.008642282848640043,-0.025720736021293093
12.9 min | Cinnamtannin II,-0.044972407329578336,-0.008619050644633747,-0.0232527077427956
12.91 min | Acaciabiuronic acid,-0.003755644787406756,-0.0025381668980846202,0.006073957568025646
12.93 min | Gallocatechin-(4alpha->8)-catechin-(4alpha->8)-catechin,-0.011898161351212012,-0.0013903953272016638,0.08671882306909555
12.94 min | Lignosulfonic acid,0.055975014418388355,-0.02898912236080322,-0.0006413090211990426
"12.94 min | Catechin 3',4'-diglucoside",-0.023628744541488906,-0.0038547054009283057,-0.0031959681892891616
12.95 min | Epifisetinidol-(4beta->8)-catechin,-0.030866360667448998,-0.007480025235637922,-0.007657016003617694
12.95 min | Gentisic acid,0.051290562417364155,-0.02818543723140547,-5.476413169012877e-05
12.95 min | Phlorisobutyrophenone 2-glucoside,-0.010711340246390129,-0.0014734713330250642,0.04592890843405923
12.95 min | Phloroacetophenone 6'-[xylosyl-(1->6)-glucoside],-0.023543194878626054,-0.006660923182058121,-0.016574276492661914
12.95 min | Epigallocatechin gallate,0.052196841941541956,-0.027585724866116136,0.0008921687985204501
12.95 min | GALLIC ACID,0.05777870885931498,-0.03010724367453529,-0.0011410086742461411
12.98 min | epigallocatechin,0.05286015115286401,-0.024436959288782895,0.0027498573516553963
"12.98 min | NCGC00381310-01!(2S,3S,4S,5R,6S)-5-[(2S,3R,4R,5S,6S)-4-acetyloxy-3,5-dihydroxy-6-methyloxan-2-yl]oxy-6-[2-(3,4-dihydroxyphenyl)-5-hydroxy-4-oxochromen-7-yl]oxy-3,4-dihydroxyoxane-2-carboxylic acid",0.039183426878863566,-0.026130102320969593,-0.0007804598330098993
12.98 min | Luteolin,0.030927555506850283,-0.023342827570716308,0.007719955791347713
"12.99 min | 3-(4-Hydroxy-3-methoxyphenyl)-1,2-propanediol 2-O-(galloyl-glucoside)",0.0009096763603316834,-0.006879987626092783,0.07071451692742894
13.05 min | Epicatechin-(4beta->8)-gallocatechin,-0.009765481488323992,-0.0008945336334593481,0.06316515411795542
13.06 min | Phenylpyruvic acid,0.0001644769048072366,-0.005331506918569203,0.011766361880981747
13.07 min | trans-o-Coumaric acid 2-glucoside,0.009020387364191904,-0.005336415030386361,0.008260005311188912
13.07 min | Methyl 7-epi-12-hydroxyjasmonate glucoside,-0.011789675695784247,-0.00429113043656656,0.02389497374549759
13.08 min | Cinnamtannin B2,-0.040215465547532005,-0.006961238654900162,-0.03532329157010984
13.12 min | Caffeic acid 3-O-glucuronide,-0.02461586587666943,-0.0003634253688724921,-0.013197143919076901
13.12 min | Lucuminic acid,-0.001287287853883597,-0.004429413369477391,0.011497063807736619
13.12 min | Kaempferol 3-O-feruloyl-sophoroside 7-O-glucoside,0.00022237206546978409,0.0002614376887035118,-0.008227506554922992
13.13 min | Caftaric acid,-0.007036224897955037,-0.0014011731172618065,0.08475549549515786
13.13 min | [Epicatechin-(4beta->8)]2-epicatechin 3'''-gallate,0.029471509681662275,-0.022206407027863407,0.0022528836179290315
13.13 min | Homogentisic acid,-0.009439402962781899,0.0006403171043651464,0.0053805724994362
13.14 min | Ethyl (S)-3-hydroxybutyrate glucoside,0.044787602319756585,0.03705533784472179,-0.005585546553396554
13.14 min | 3-Methyl-3-butenyl apiosyl-(1->6)-glucoside,-0.03349940276320696,-0.005870481041300638,0.013386353093091956
"13.15 min | Epicatechin-(4beta->6)-epicatechin-(2beta->7,4beta->8)-epicatechin",-0.04181037214126882,-0.0061320815575988145,-0.035604662075226515
13.18 min | Caffeic Acid,-0.020576705123692793,-0.002281947179323136,0.022231349615919722
13.2 min | Phlorisobutyrophenone 2-glucoside,0.04930695971005866,-0.02860471298614769,-0.0015499856787191282
13.21 min | 5-O-Feruloylquinic acid,-0.00431925165766091,0.0022369815098462077,-0.00013908913026572573
13.23 min | Cinnamtannin II,-0.04625998337357864,-0.008810414937484846,-0.027778447569521324
13.23 min | Gentisic acid,-0.01568127719027652,-0.0007173685097008795,-0.0020371741337146332
13.24 min | Cinnamtannin II,-0.04293631890456092,-0.008894487821288558,-0.02289735176603628
13.25 min | 2-trans-O-Feruloylglucaric acid,-0.024456998597125357,-0.0036309352800765957,-0.017719038744477136
"13.26 min | Benzoic acid + 1O, O-Hex",0.009553149925540554,-0.009938569439883768,0.015083683525651448
13.26 min | Procyanidin trimer C1,-0.029916579921637036,-0.009588686886863188,-0.02416109697034334
13.26 min | Procyanidin trimer C1,-0.03804065402105734,-0.008532281334494744,-0.02441034747609226
13.29 min | Cinnamtannin III,-0.043876065998826465,-0.007731258018372278,-0.026087894209763145
13.29 min | ent-Epicatechin-(4alpha->8)-ent-epicatechin 3-gallate,-0.006957402635751935,-0.0076782284774756125,-0.014873119364561432
13.29 min | Epicatechin-(4beta->8)-gallocatechin,-0.014727547102804045,-0.0020717341015497642,0.08593416594181935
13.31 min | Cinnamtannin A2,-0.03842759222178391,-0.008696333932637867,-0.02484867204206931
13.32 min | Cinnamtannin III,-0.04624409279169768,-0.008140379858079088,-0.026520889061685118
13.33 min | Caffeoylmalic acid,-0.008821259572033982,-0.0028577631022735604,0.01846922097812029
"13.33 min | Benzoic acid + 1O, 1MeO, O-Hex",0.052268205003230844,-0.021597154298593397,-0.01076545046391435
13.34 min | 7-DESHYDROXYPYROGALLIN-4-CARBOXYLIC ACID,0.022409087554174492,0.005585825463362342,-0.007329866739926845
13.34 min | Furaneol 4-(6-malonylglucoside),0.052635068659688436,-0.020881871857301254,-0.010788024663641477
"13.34 min | 3-Pyrrolidinecarboxylic acid, 4-(1,3-benzodioxol-5-yl)-1-(2-((2,6-diethylphenyl)amino)-2-oxoethyl)-2-(4-propoxyphenyl)-, (2R,3R,4S)-",-0.03129664387549609,-0.0049880857994511205,0.01490310026916972
13.35 min | Dihydrocaffeic acid 3-O-glucuronide,-0.009977198564887607,0.0015230133325268129,-0.0012743225235995915
13.39 min | Caffeic acid 3-O-sulfate,-0.011236982417146515,0.0006988860937571877,0.07620031691703107
13.39 min | Cinnamtannin A2,-0.03101216484564367,-0.014887335440590016,-0.02589482055636083
13.4 min | Pavetannin B6,-0.013711046679819894,-0.0023860648897068596,-0.012866465502733168
13.4 min | Cinnamtannin A2,-0.03159343625801298,-0.005613017643348196,-0.020026548966322062
13.43 min | Procyanidin B2,-0.029616836618766136,-0.010384013607792855,-0.022823713133015656
13.44 min | Apigenin 6-C-glucoside 8-C-arabinoside,-0.03326720555339264,-0.012530173381894313,-0.02346316260875677
13.44 min | 5-Hydroxy-6-methoxycoumarin 7-glucoside,-0.013194193033982926,0.0035882167901108634,-0.004557706370649533
"13.47 min | LUTEOLIN-3',7-DIGLUCOSIDE",0.00876545209410105,-0.025767405099907475,-0.023479824581919058
"13.48 min | trans-p-Menthane-1,7,8-triol 8-glucoside",-0.020772033696083193,0.0001976440907353801,0.007765711252638708
13.5 min | 2-O-Acetyl-trans-coutaric acid,-0.009222989754062397,0.03034569477786298,-0.005793833089003866
13.5 min | 1-Hexanol arabinosylglucoside,-0.01984186735793812,0.00021702231335403454,0.007212122251947911
"13.51 min | Epicatechin-(4beta->6)-epicatechin-(2beta->7,4beta->8)-epicatechin",-0.01783399590420582,-0.003854363939657755,-0.015556282877815238
"13.52 min | 3-(4-Hydroxy-3-methoxyphenyl)-1,2-propanediol 2-O-(galloyl-glucoside)",0.04821619587694654,-0.027650883695701838,0.0028343360728114732
13.52 min | Cinnamtannin A2,-0.01847379648777783,-0.008008201378183043,-0.01735546276697852
13.53 min | 3'-O-methyl-(-)-epicatechin,0.04900301302047768,-0.02806789634786817,0.0027121512007801762
"13.54 min | QUERCETIN, DIHYDRO-",-0.00014822554873278402,-0.00523942088910788,-0.005482494300570016
13.54 min | 3-Methyl-3-butenyl apiosyl-(1->6)-glucoside,-0.032957161292706476,-0.007893632860567802,-0.015294249528410325
13.56 min | Naringenin,-0.009741012025340366,0.0025263008657753767,-0.002562443248645633
13.56 min | Phenethyl 6-galloylglucoside,-0.009607281071418497,0.0024227180666908693,-0.0025866079221147304
13.61 min | GALLIC ACID,0.04292363286022994,-0.014198814842022513,-0.013032807882334846
"13.61 min | Quercetin 3-(3'',6''-di-p-coumarylglucoside)",-0.013372051662705277,-0.0025643364205329105,0.06520386741282042
13.62 min | Hydroxyferulic acid,0.020227377660108695,0.0726186443509825,-0.00010904939595247269
13.63 min | Geniposidic acid,0.023458371214367578,-0.01778930905119769,0.0024484630592196176
13.64 min | N-[4'-hydroxy-(E)-cinnamoyl]-L-aspartic acid,0.033118508506793945,-0.014447157221159036,-0.005954379469418276
13.65 min | 5-Hydroxy-6-methoxycoumarin 7-glucoside,-0.01443971663262838,0.0031224993521660467,-0.0052211274048585025
13.65 min | Methyl salicylate O-[rhamnosyl-(1->6)-glucoside],-0.009442725486132451,0.0023537160683669853,-0.0020898490917293654
13.66 min | D-Malic acid p-coumarate,0.019227385432813986,0.07457243071018109,6.405535681033869e-05
13.66 min | Cinnamtannin B2,-0.04152425484702475,-0.0034000366336461706,-0.03282353792249607
13.66 min | beta-D-Glucopyranosyl-11-hydroxyjasmonic acid,-0.008397462299553413,-0.002332192288980366,-0.011022091228766939
13.67 min | (-)-epicatechin-3'-O-glucuronide,0.03934174618734877,-0.02611475136214499,0.014386025678940713
13.7 min | 4'-Methyl-(-)-epigallocatechin 3'-glucuronide,0.06302829933076397,-0.029788638101600925,-0.006284053428048497
13.71 min | Cinnamtannin III,-0.04169884972082969,-0.008582055329144706,-0.0265681649699488
13.71 min | Pavetannin B6,-0.013667344917965849,0.003350208756131489,-0.0052427993969671694
13.73 min | 1-Octen-3-yl glucoside,0.01274270654658232,-0.005253698339708424,0.01367044883478901
13.73 min | Cinnamtannin III,-0.036032431182308144,-0.006564401334250373,-0.019592941466726764
13.73 min | (7'R)-(+)-Lyoniresinol 9'-glucoside,-0.03091255668991594,-0.0005305078176069293,0.024145118995001918
13.74 min | Kaempferol 3-[2''-glucosyl-6''-acetyl-galactoside] 7-glucoside,-0.010885061115072403,-0.0024858612932634216,-0.010277756635976082
13.74 min | Valproic acid glucuronide,-0.02194476982650839,-0.008969876333291204,0.00025057558539237027
13.75 min | Epigallocatechin-3-gallate,0.021530810568394444,0.04615195464111311,0.004165821845134321
13.75 min | Gallocatechin-(4alpha->8)-catechin-(4alpha->8)-catechin,-0.012419348215367327,-0.0022721196812180294,0.0842021527520696
"13.76 min | NCGC00380654-01_C21H28O13_(2E)-3-[4-({2-O-[(2S,3R,4R)-3,4-Dihydroxy-4-(hydroxymethyl)tetrahydro-2-furanyl]-beta-D-glucopyranosyl}oxy)-3-methoxyphenyl]acrylic acid",0.012792136483975182,0.02039785291872962,-0.0011179357725187953
"13.77 min | 4-Hydroxy-5-(3',4'-dihydroxyphenyl)-valeric acid-O-glucuronide",-0.011871190325584154,-0.0030413228016738063,0.07985174907631576
"13.78 min | 6,7-Dihydroxycoumarin",-0.016876978760528964,0.005888570379046569,-0.007155089578923088
13.79 min | Torachrysone 8-(2-apiosylglucoside),-0.024628764860568083,-0.007607785986415286,0.009603235559875481
"13.79 min | Epigallocatechin-(4b,8)-epicatechin-3-O-gallate ester",-0.0063110213660652345,-0.00310373588399213,0.07625655401842685
13.8 min | Corchoionol C 9-glucoside,0.0017609493081350892,-0.002077361209768585,-0.0003106307736629218
13.82 min | 3-Methyladipic acid,0.02725692406046089,0.020188303974339187,0.00013050690995257842
13.82 min | Glucocaffeic acid,-0.009877591776900336,-0.0023638435408229507,-0.015264300431514574
13.82 min | Cinnamtannin II,-0.04037261588047672,-0.008737888102491728,-0.024825670233343963
"13.84 min | 3,4-Dimethoxyphenylacetic acid.mol",0.014969112003190092,0.0733078948721388,-0.0027087873299700255
13.85 min | Ethylvanillin glucoside,-0.023228409083442807,-0.0010168412397585551,0.017840517640552802
13.86 min | Platyconic acid A,0.05684541621654385,-0.023543647822367973,-0.011514157175714702
13.87 min | 1-Salicylate glucuronide,0.05724760729172028,-0.02447601308662215,-0.010993325826555227
"13.87 min | 6-Feruloylglucose 2,3,4-trihydroxy-3-methylbutylglycoside",-0.041403709009388334,-0.006881520192529485,-0.014996158958491145
13.87 min | GALLIC ACID,0.05724342452127716,-0.02488231280432406,-0.010335230323354845
"13.88 min | (4S,7S,12Br)-7-[[(2R)-2-acetylsulfanyl-3-phenylpropanoyl]amino]-6-oxo-2,3,4,7,8,12b-hexahydro-1H-pyrido[2,1-a][2]benzazepine-4-carboxylic acid",-0.011997440778715684,-0.00414250920776498,0.01350332422281097
"13.9 min | 3,4,5-Trimethoxycinnamic acid",0.013025793233426687,0.07493998083472775,-0.0039016308912481782
"13.91 min | (Z)-Resveratrol 3,4'-diglucoside",-0.017017539973558368,-0.001999227726421974,0.0016614759655037648
13.91 min | Pavetannin B6,-0.01686020829922719,-0.0016204555871013858,-0.011675191778125668
13.91 min | Cinnamtannin II,-0.041602967107642705,-0.010488945252795612,-0.02936168252074992
13.92 min | 4'-O-Methylepicatechin 7-O-glucuronide,0.03313068767739304,-0.021736488363261818,0.006152327191578453
13.92 min | 5-Hydroxy-6-methoxycoumarin 7-glucoside,-0.00038141663579606205,0.0032772205501943254,-0.00012263280007261337
13.94 min | Peonidin 3-(6''-malonyl-glucoside) 5-glucoside,0.03972178203404826,-0.02410746567420817,0.01252260759409779
13.94 min | Isolariciresinol 9-O-beta-D-glucoside,-0.014976699048597466,0.001972441796370145,0.0033883338576542418
13.96 min | VANILLIC ACID,-0.025080360123190443,0.009989338578393198,-0.019606794591338267
13.98 min | Methyl salicylate O-[rhamnosyl-(1->6)-glucoside],-0.025789842158204877,-0.0015743067793630358,-0.015754613648655297
13.99 min | Phthalic acid,0.014144364418047088,-0.014131981228197008,0.0019409945782488801
14.03 min | (-)-erythro-Anethole glycol 1-glucoside,-0.029620333564109258,-0.003224512153481109,0.03374793579499597
14.05 min | Caffeic Acid,0.00035917072115669666,0.05094917785131871,-0.008219754520635484
14.05 min | Quercetin 3-O-(6''-acetyl-glucoside),0.03292094197784059,-0.009303738944208306,-0.010983425509135671
"14.06 min | 6S,9R-Dihydroxy-4,7E-megastigmadien-3-one 9-[apiosyl-(1->6)-glucoside]",-0.03882993859636646,-0.006569323701524829,-0.026320665073367448
14.07 min | [Epicatechin-(4beta->8)]2-epicatechin 3'''-gallate,0.03047683909882879,-0.021171234385869455,0.01635347711750632
14.08 min | Cinnamtannin B2,-0.04322697908686072,-0.006853499276232292,-0.034960317392283245
14.08 min | 4-[(2-{Bis[(pyridin-2-YL)methyl]amino}ethyl)amino]-2-(6-hydroxy-3-oxo-3H-xanthen-9-YL)benzoic acid,-0.0366602168671191,-0.00656286460017996,-0.02480429670718977
14.08 min | beta-D-Glucopyranosyl-11-hydroxyjasmonic acid,-0.00293893142821593,-0.001315218584647113,0.013801715234802538
14.09 min | Glucocaffeic acid,-0.010585275922679886,-0.0014162686741738392,-0.012982719302285443
14.1 min | Valproic acid glucuronide,-0.03049292643944849,-0.006091738213428079,-0.014189043835455311
14.11 min | ent-Epicatechin-(4alpha->8)-ent-epicatechin 3-gallate,0.0468614834538602,-0.025651057583524445,0.004897816676267191
14.11 min | (E)-4'-Methylresveratrol 3-glucoside,-0.0038303929674917262,-0.0029246148504812955,-0.011790652435347493
"14.13 min | (4S,7S,12Br)-7-[[(2R)-2-acetylsulfanyl-3-phenylpropanoyl]amino]-6-oxo-2,3,4,7,8,12b-hexahydro-1H-pyrido[2,1-a][2]benzazepine-4-carboxylic acid",-0.012772358513944532,-0.0025858400547661563,-0.00437816929368163
"14.13 min | ent-Epiafzelechin(2a->7,4a->8)epiafzelechin 3-(4-hydroxybenzoic acid)",-0.018138824447967536,-0.0064287906037873415,-0.026723103682128043
"14.15 min | 7-(1,5-dimethyl-3-(phenoxymethyl)-1H-pyrazol-4-yl)-3-(3-(naphthalen-1-yloxy)propyl)-1H-indole-2-carboxylic acid",-0.03721044492727246,-0.008835415988875632,-0.012026449960549735
"14.16 min | (Z)-Resveratrol 3,4'-diglucoside",-0.014107797086138957,0.0011196748632904799,0.01909357871146845
14.17 min | 2-O-p-Coumaroylhydroxycitric acid,-0.025695733856201424,-0.006697888664043971,0.0024943165968676164
14.18 min | Procyanidin B2,-0.03852329203180419,-0.011430596079569387,-0.013760758242441603
14.18 min | Gibberellin A39,-0.018620213622693,0.005845328048532506,-0.01327613685721527
14.18 min | 5-Hydroxy-6-methoxycoumarin 7-glucoside,-0.01947442375049083,0.002239215242516989,-0.008525259912267526
14.2 min | Ellagic acid glucoside,0.029817902111923335,-0.009225382769912435,-0.009026425768278501
14.22 min | 2-trans-O-Feruloylglucaric acid,-0.013685914506477763,0.0033674289250270415,-0.005090222238642824
14.23 min | Corchoionol C 9-glucoside,-0.03277409580924027,-0.003484475334155737,0.053645135024062394
14.23 min | Cinnamtannin A2,-0.045705686464194185,-0.009436279734151546,-0.02619613045495862
14.23 min | Cinnamtannin A2,-0.04362686235445559,-0.010638023949982447,-0.023717552158792506
14.23 min | 2-Methylcitric acid,-0.013260029398030832,0.0029397483001894326,-0.005535381389373249
14.24 min | Pavetannin D1,-0.04244550902751594,-0.006648442688664005,-0.03562488977818867
14.25 min | barceloneic acid A,0.017417351647127426,-0.026715727068986415,-0.010686310310918224
14.25 min | Methyl salicylate O-[rhamnosyl-(1->6)-glucoside],-0.01429566653189727,-0.0020634599838081536,0.00160518965836713
14.27 min | Cinnamtannin A2,-0.03291488180971856,-0.005460019615548605,-0.015251608768846866
14.3 min | 4-Hydroxybenzoic acid,-0.009045186992734912,-0.017337955553199662,-0.011981505674174083
14.31 min | EPICATECHIN,-0.01845273469981018,-0.013073150021062727,-0.02153006500340279
14.31 min | Procyanidin trimer C1,-0.04467750225100207,-0.008836644635426374,-0.018787949046783964
14.32 min | Epicatechin,-0.00937448434766427,-0.011916691980066885,-0.0160382315597665
14.32 min | Monoisobutyl phthalic acid,-0.020109560534339207,-0.012917728985042913,-0.022275527775111284
14.32 min | Phthalic acid,-0.014694893028274375,-0.016482425352131604,-0.00021854829234609007
"14.33 min | 2-Hydroxy-3,4-Dimethoxybenzoic Acid",-0.019968013515330556,0.0013042217779427373,-0.017129998468358165
"14.34 min | 3-(4-Hydroxy-3-methoxyphenyl)-1,2-propanediol 2-O-(galloyl-glucoside)",0.03278063840500823,-0.019405502290786216,0.01052494338354901
"14.34 min | 2,6-Dimethoxy-4-methylphenol",-0.03980047919870731,-0.00592495640945637,-0.026494899778626436
14.35 min | Gibberellin A55,-0.04014979846344419,-0.0068211081849971844,-0.027308359848483895
14.35 min | p-Hydroxyphenylacetic acid,-0.012616861125776353,-0.01832433937415813,-0.015481877544631232
14.35 min | 4-[(2-{Bis[(pyridin-2-YL)methyl]amino}ethyl)amino]-2-(6-hydroxy-3-oxo-3H-xanthen-9-YL)benzoic acid,-0.03906381554388318,-0.006956171865724499,-0.026884712367503283
14.36 min | Pavetannin B6,-0.026334130011552038,-0.0063095834789015735,-0.018696133693099557
14.36 min | Epigallocatechin Gallate,0.031884779276445195,-0.015682669968420916,0.044002846662264235
14.37 min | Mono-trans-p-coumaroylmesotartaric acid,-0.008931294585427534,0.0027968051990517238,0.06572520005864388
14.37 min | 2-O-Acetyl-trans-coutaric acid,-0.022809008128268724,-0.0020785849734318677,-0.011682366083420638
14.38 min | Procyanidin trimer C1,-0.02933989126112536,-0.009897410957214182,-0.020708344875556034
14.38 min | 5-Hydroxy-6-methoxycoumarin 7-glucoside,-0.019144013592825776,-0.0013165150912423805,-0.0053983711290193845
14.39 min | Procyanidin trimer C1,-0.020336722094859094,-0.013289011958568152,-0.009932106701353352
14.4 min | Torachrysone 8-(2-apiosylglucoside),-0.021265106288881345,-0.0018925007485981065,-0.011221045013757152
14.41 min | Lucuminic acid,-0.00962082702938356,-0.0022427081092870897,0.0009353821309074814
14.46 min | Furocoumarinic acid glucoside,0.018703750243826783,0.07212572735803345,-0.0028744356701326376
14.47 min | Cinnamtannin II,-0.04473013547303303,-0.009266949295186587,-0.025515562188572073
14.48 min | Phenethyl 6-galloylglucoside,0.03212548303774779,-0.004163969343645284,0.0004975325379595345
14.48 min | Procyanidin trimer C1,-0.013852745653928362,-0.006045758689816006,-0.013913764461004119
14.51 min | Quinic acid,-0.02008590725054971,-0.0033733473139500162,0.001601263817272215
14.51 min | Cinncassiol C1 19-glucoside,-0.03682417627891578,-0.00697407848311806,-0.02922259858905125
14.52 min | Vanilpyruvic acid,-0.0010859319182828745,-0.003351940980370587,0.05301267051657896
14.53 min | Linalool oxide D 3-[apiosyl-(1->6)-glucoside],-0.027734616282809484,-0.00039134992809566367,-0.021584248048532182
"14.54 min | (Z)-Resveratrol 3,4'-diglucoside",-0.03853423952014278,-0.007545649926567991,-0.024104249922214892
14.54 min | Linalool oxide D 3-[apiosyl-(1->6)-glucoside],-0.027664015068796823,-0.002249508913472417,-0.021908621007308084
"14.55 min | (4E)-8-hydroxy-4-(1-hydroxypropan-2-ylidene)-10-oxatricyclo[7.2.1.0Â¹,â�µ]dodecane-8-carboxylic acid",0.04402348701156731,-0.014177503965132498,0.004291373134029782
14.56 min | Epicatechin 3-O-(3-O-methylgallate),-0.016497396031136875,-0.0033612455806659182,-0.014349994544330707
"14.57 min | NCGC00385542-01!3-oxo-3-[[(2R,3S,4S,5R,6S)-3,4,5-trihydroxy-6-[5-hydroxy-3-(4-hydroxyphenyl)-4-oxochromen-7-yl]oxyoxan-2-yl]methoxy]propanoic acid",0.04018851450456038,-0.023792678469657085,-0.0005719766023144263
14.62 min | 4'-Methyl-(-)-epigallocatechin 3'-glucuronide,0.05839735391959518,-0.02863479971455068,0.007343557612940604
14.62 min | Epicatechin 3-O-gallate-(4beta->6)-epicatechin 3-O-gallate-(4beta->8)-catechin,0.039531641207732976,-0.02333376521404946,0.0033874378124755613
"14.63 min | LUTEOLIN-3',7-DIGLUCOSIDE",-0.005304782735821617,-0.0014629244312288421,0.001409811826405313
14.63 min | Ethyl 3-hydroxyoctanoate O-[glucosyl-(1->6)-glucoside],-0.014923533250446047,0.0017884338456227288,-0.0052467227529677815
14.63 min | naringenin-7-O-glucuronide,0.05442157089535749,-0.02130420790735343,-0.012625984878414823
14.63 min | Shikimic acid,-0.016735414943601024,-0.0019263535005622462,-0.009151284269265637
14.64 min | 3-Hydroxyphloretin 2'-O-xylosyl-glucoside,-0.0024962294118955255,-0.003716823245867255,0.0034771815899081
14.67 min | Torachrysone 8-(2-apiosylglucoside),-0.02586082224104507,-0.0028126478633338646,-0.013106459827991327
14.68 min | 2-O-p-Coumaroylhydroxycitric acid,-0.026242936969531973,0.0010066545287361337,-0.014107814325808
14.68 min | Epicatechin 3-O-gallate-(4beta->6)-epicatechin 3-O-gallate-(4beta->8)-catechin,0.04009191930404171,-0.023609929443069385,0.003688853083180284
14.68 min | Epicatechin 3-O-gallate-(4beta->6)-epicatechin 3-O-gallate-(4beta->8)-catechin,0.029906188612107414,-0.022415048299759124,-0.00025862524730079894
14.69 min | Cinnamtannin B2,-0.03407709108022223,-0.007856008221421481,-0.026891846745086382
14.72 min | [Epicatechin-(4beta->8)]2-epicatechin 3'''-gallate,0.0379825842437745,-0.022968565222531597,0.008709751179938992
14.72 min | Quercetin 3-O-(6''-acetyl-glucoside),0.04009626066848407,-0.013094112630846701,-0.012761626709879669
14.74 min | [Epicatechin-(4beta->8)]2-epicatechin 3'''-gallate,0.031527506764447655,-0.023897632162071393,0.022404746601683564
"14.74 min | (2E)-2-(2-Thioxo-4-oxo-3-ethylthiazolidine-5-ylidene)-4-oxo-5-[1-[4-(2,2-diphenylvinyl)phenyl]-2,3-propanoindoline-5-ylmethylene]thiazolidine-3-acetic acid",-0.02650284300940337,-0.0057735278827198205,0.011537094532465533
14.77 min | Marmesin rhamnoside,-0.004690726000715426,0.04388131537862898,0.0005557682774388112
14.77 min | Gibberellin A93,0.0017820741075722539,0.036386638106734086,-0.006456448031955516
14.77 min | Cinnamtannin A2,-0.024482581588508037,-0.013805725081153087,-0.020757501046161954
14.78 min | Cinnamtannin A2,-0.029361483584928443,-0.010758087673940722,-0.02321246476674174
14.78 min | Phenylacetic acid,0.005539505566003705,-0.013453845326142555,-0.012712419299013601
14.81 min | Epifisetinidol-(4beta->8)-catechin,-0.0064164051535068635,-0.012540552266137444,-0.025468617251692374
14.81 min | Gentisic acid,0.039831855193673736,-0.01937883523759748,-0.005956113706819011
14.81 min | Naringenin,0.043285843923359414,-0.019943758748155113,-0.007047726423788483
14.82 min | 2-Glucosyloxy-4-methoxycinnamic acid,0.01813193896184677,0.06239005550507068,0.03408724679193737
"14.82 min | (2R,6x)-7-Methyl-3-methylene-1,2,6,7-octanetetrol 2-glucoside",-0.022502941992974545,0.0011909682369326403,0.03821385217900807
14.84 min | (-)-epicatechin-3'-O-glucuronide,-0.018350036307462465,-0.004219685000998184,0.06669981875860817
14.85 min | 5-Hydroxy-6-methoxycoumarin 7-glucoside,-0.01892960681842915,-5.0480769331552414e-05,-0.009500007010642807
14.85 min | N-Phenylacetylaspartic acid,0.008969273747660851,-0.01066649926359958,0.013825154751359446
14.87 min | Caffeoylmalic acid,-0.0077053793654322635,-0.0015544149973707542,0.081736091310341
14.87 min | Torachrysone 8-(2-apiosylglucoside),-0.029126112119310477,-0.004435679132388899,-0.0164222051787598
14.87 min | Phenylpyruvic acid,-0.011606588073726302,-0.001974682311254445,0.08023127128709427
14.88 min | 4'-O-methyl-(-)-epicatechin-3'-O-beta-glucuronide,0.046148395633441176,0.011521301747368562,-0.005860125093286446
14.88 min | 4'-O-Methylepicatechin 7-O-glucuronide,0.03439823743898676,-0.022424414199164612,0.007854277931545476
"14.89 min | Benzenebutanoic acid, 4-((3-(4-acetyl-3-hydroxy-2-propylphenoxy)propyl)thio)-gamma-hydroxy-beta-methyl-, (R*,S*)-",-0.04083946409849227,-0.006603580284948731,-0.008381757629512864
"14.89 min | (7,8-Dihydro-5-((E)-((a-(3-pyridyl)benzylidene)aminooxy)ethyl)-1-naphthyloxy)acetic acid",-0.014113921044796614,-0.004850162643313015,-0.011295173098378498
"14.89 min | 3,3'-Digalloylprocyanidin B2",0.043541533912791655,-0.021069967072303356,-0.008200517717396041
"14.9 min | 3,3'-Digalloylprocyanidin B2",0.04412122144176616,-0.02125452815860586,-0.006936890179807817
"14.91 min | 7,8-Dihydrovomifoliol 9-[apiosyl-(1->6)-glucoside]",-0.002647504978232572,-0.003483306580997122,0.00863600426459235
14.92 min | 4-Hydroxy-5-(dihydroxyphenyl)-valeric acid-O-sulphate,-0.030336150928102747,-0.0017860907669512542,-0.01021931290135746
14.93 min | (-)-Epigallocatechin 3-(3-methyl-gallate),0.039637389964062145,-0.023923297009201722,0.006537667765531829
14.94 min | ent-Epicatechin-(4alpha->8)-ent-epicatechin 3-gallate,0.045358392680736936,-0.025869442047328644,0.004049843475467646
"14.94 min | Epigallocatechin-(4b,8)-epicatechin-3-O-gallate ester",-0.007110311727940812,-0.0022627341072767294,0.03444570291386327
"14.95 min | LUTEOLIN-3',7-DIGLUCOSIDE",0.013075274196007262,0.001555090281994493,-0.002150284582714619
14.96 min | Procyanidin B2,-0.044769174513588195,-0.012410932447633003,-0.017148351948618138
14.96 min | Apigenin 6-C-glucoside 8-C-arabinoside,-0.045274165592724486,-0.01200961902184423,-0.015328342165261258
14.96 min | Procyanidin dimer B4,-0.04208886999173474,-0.013650486339548582,-0.008174486089303245
14.98 min | Kaempferol 3-gentiobioside 7-rhamnoside,-0.011172722725643612,0.0014135177678344189,0.004454324503528114
"15.0 min | (Z)-Resveratrol 3,4'-diglucoside",-0.008171496398685116,-0.0020688102535161585,0.0005832100937009315
15.0 min | Tazarotenic acid,-0.02186415719951449,0.0021629591183515125,-0.003634070752471109
15.0 min | Procyanidin trimer C1,-0.038082988331213964,-0.01078226747879998,-0.02302359084912454
15.02 min | eriodictyol-7-O-glucoside,0.0008885619596810479,0.0023854302228507418,0.00020668921371043753
"15.02 min | Epigallocatechin-(4b,8)-epicatechin-3-O-gallate ester",-0.016010965742868307,-0.0007467969004927498,-0.0042066837939414665
15.02 min | Procyanidin trimer C1,-0.026206749406729395,-0.007041386075448812,-0.007175177414830338
15.04 min | 4-[4-[hydroxy-(4-hydroxy-3-methoxyphenyl)methyl]-3-(hydroxymethyl)oxolan-2-yl]-2-methoxyphenol,0.011978115074858485,0.07258777709546227,0.00981959075392706
"15.04 min | 3-(1,1-Dimethylallyl)scopoletin 7-glucoside",0.009043468003557091,0.07007227447269199,0.01135344027570513
15.04 min | Isoketocamphoric acid,-0.0060832403361802964,0.021881722156540554,-0.004213138266300173
15.04 min | Pavetannin D1,-0.03814846452897239,-0.006657826754944028,-0.031150843178115305
15.06 min | Cinnamtannin II,-0.024676988563646866,-0.013843883162256366,-0.02197097109364312
15.07 min | 3'-O-methyl-(-)-epicatechin,-0.006354870636024061,0.0022573062261964727,-0.004315590595449714
15.07 min | trans-Ferulic acid,-0.012596373792462002,-0.006926616466202191,-0.019287765399315194
15.07 min | Cinnamtannin II,-0.02946672834808727,-0.010240741920476693,-0.024334108055844995
15.07 min | Peonidin 3-(6''-malonyl-glucoside) 5-glucoside,0.04372638838425088,-0.025040920351138727,-0.0008234854922499991
15.09 min | Torachrysone 8-(2-apiosylglucoside),-0.024488890303399683,-0.0049445024778185355,-0.013771625508303497
15.1 min | ent-Epicatechin-(4alpha->8)-ent-epicatechin 3-gallate,0.022334709264321656,0.05149556246983594,-0.0012237092752204772
"15.1 min | Benzoic acid + 1O, 1MeO, O-Hex",0.05881459579132348,-0.03175523677377002,-0.0053718382637718155
15.1 min | Cinnamtannin A2,-0.037811782247072476,-0.011226813521613761,-0.02703633148829649
15.1 min | Homogentisic acid,0.025753686700785018,-0.019459360008801,0.07368320661822582
"15.11 min | Benzenebutanoic acid, 4-((3-(4-acetyl-3-hydroxy-2-propylphenoxy)propyl)thio)-gamma-hydroxy-beta-methyl-, (R*,S*)-",-0.014614559320651291,-0.0035029093452554295,-0.012651610279810306
15.11 min | [Epicatechin-(4beta->8)]2-epicatechin 3'''-gallate,-0.005838864772528174,-0.007480328636840668,0.04987595301902613
"15.11 min | 4-[2-[2-[3-Acetamido-2,5-dihydroxy-6-(hydroxymethyl)oxan-4-yl]oxypropanoylamino]propanoylamino]-5-amino-5-oxopentanoic acid",-0.01749803299853088,-0.0036528011009383005,-0.008189026203968719
15.12 min | Furaneol 4-(6-malonylglucoside),0.05647459836665965,-0.032007881001800256,-0.008387589902635549
15.12 min | Cinnamtannin A2,-0.034263187921307704,-0.01400637302271807,-0.025147830852773494
15.13 min | 4'-O-Methylepicatechin 7-O-glucuronide,0.03127670661995716,-0.02117933731406612,0.020376021969349914
"15.15 min | isorhamnetin-3-glucoside-4'-glucoside (Isorhamnetin 3,4'-diglucoside)",0.05932389360262034,-0.02118575642286626,-0.002988227438429036
15.15 min | [Epicatechin-(4beta->8)]2-epicatechin 3'''-gallate,-0.0036687104348412133,-0.007562471774880682,0.05524088236450044
15.16 min | Aloesol 7-glucoside,-0.0038281578907568476,-0.003437657556752136,0.0027983099293462524
"15.17 min | Quercetin 4',7-diglucoside",-0.009622415060877234,-0.0025852189217058655,0.07984603168101619
"15.19 min | Feruloyl quinic acid (isomer of 886, 888)",-0.008946943315356462,0.0014620116539556147,0.005824266496667444
"15.2 min | 7,8-Dihydrovomifoliol 9-[apiosyl-(1->6)-glucoside]",-0.0032043460548910325,-0.0021157755117771275,0.008536677500448958
15.22 min | Epicatechin 3-O-gallate-(4beta->6)-epicatechin 3-O-gallate-(4beta->6)-epicatechin 3-O-gallate,0.04207987266010552,-0.019056176319533484,-0.006162024046367644
15.22 min | Caffeoylmalic acid,-0.018632925326557442,0.002335848092876665,-0.008332252683567697
15.23 min | 3-Hydroxyphloretin 2'-O-xylosyl-glucoside,-0.01340515280673097,-0.013213886721229157,-0.004231863437773695
"15.25 min | (2R,6x)-7-Methyl-3-methylene-1,2,6,7-octanetetrol 2-glucoside",0.04032554209607893,-0.018204198609001826,-0.0015297733738310502
15.27 min | Quercetin 3-O-(6''-acetyl-glucoside),0.030398787716212135,-0.009317535394467466,-0.009142620617645762
"15.28 min | Flavonol base + 4O, O-Hex-dHex-Pen",-0.02507164382260659,-0.006103299030722945,-0.016188402881111348
15.29 min | Cinnamtannin B2,-0.025187080136527085,-0.0027990984503039992,-0.01797614191365753
15.33 min | Lucuminic acid,-0.014866138067938637,-0.0033385830271105152,0.010054529582649923
15.33 min | Cinnamtannin B2,-0.04251199805084597,-0.0066062782724654896,-0.023941894208166812
15.34 min | Epicatechin Monogallate,-0.0028781831517017144,-0.008303268278165783,0.01644191733351791
15.35 min | (-)-epicatechin,0.03570167211890067,0.023412640072816304,0.002407342426625986
15.35 min | Cinnamtannin III,-0.02814066391861068,-0.008761513662259635,-0.022052369430687176
15.35 min | Cinnamtannin III,-0.01954826073652525,-0.011297944795409458,-0.015379376486770421
15.37 min | Pavetannin B6,-0.04161463445657077,-0.006040204936363149,-0.034695957870448046
15.4 min | (-)-Epigallocatechin 3-(3-methyl-gallate),0.035608763825024155,-0.02097439349075217,0.006999317902316185
15.44 min | 3-Methyl-3-butenyl apiosyl-(1->6)-glucoside,-0.006478255211189524,0.00021995648537901483,-0.003750252067899087
15.44 min | (7'R)-(+)-Lyoniresinol 9'-glucoside,-0.00406516523658112,0.0010056363893652233,0.0016557086987503478
15.44 min | eriodictyol-7-O-glucoside,-0.007077672502250542,-0.0009217517100459221,-0.003944627289506935
"15.44 min | (5R,6R)-3-(2-Acetamidoethylsulfanyl)-6-ethyl-7-oxo-1-azabicyclo[3.2.0]hept-2-ene-2-carboxylic acid",-0.008792851557115153,-0.0013883347007945205,0.08158431869118268
15.45 min | Epigallocatechin gallate,0.011075916958997147,-0.0053612097099265,0.003961990028968813
"15.46 min | 3-Methoxy-4,5-methylenedioxybenzoic acid",0.01778575681545447,0.07400849246499387,-0.00028950244959806095
"15.49 min | 6,6'-Methylenebis(2,2-dimethyl-4-methanesulfonic acid-1,2-dihydroquinoline)",-0.01868587288836895,-0.0013867166302977852,0.04399599172009738
"15.51 min | 3,5-Dicaffeoyl-4-succinoylquinic acid",0.05013978996925683,-0.027685318891376428,-7.527235047682267e-05
15.51 min | (Â±)-threo-1-(p-Hydroxyphenyl)propylene glycol 4'-glucoside,-0.006308860011672273,-0.003621009223321577,-6.7289543239334e-05
15.52 min | Procyanidin B2,-0.0433695386620766,-0.003184992050181401,-0.017753929758869087
15.52 min | {1-[2-(4-Carbamimidoyl-benzoylamino)-propionyl]-piperidin-4-yloxy}-acetic acid,-0.021501088052192585,-0.00495238915842183,0.0009562933486922346
"15.53 min | (2R,6x)-7-Methyl-3-methylene-1,2,6,7-octanetetrol 2-glucoside",0.011888820599089692,-0.0020944226857681127,0.0005080895332491142
15.54 min | Pavetannin D1,-0.028461067846716263,-0.004163314489311319,-0.025004602112325153
15.58 min | Fertaric acid,0.024525502746954947,-0.018063912170754946,0.06515899835164334
"15.59 min | (2S,3S,4S,5R,6R)-6-(3-benzoyloxy-2-hydroxypropoxy)-3,4,5-trihydroxyoxane-2-carboxylic acid",-0.03352062413149666,-0.0030994455541874274,-0.020176180549966106
15.61 min | Epigallocatechin gallate,0.0587568349780481,-0.0262172349004979,-0.00013117882226380335
15.61 min | Linalool oxide D 3-[apiosyl-(1->6)-glucoside],-0.0363593125792448,-0.004726475959532014,-0.016141679654091495
15.61 min | Ellagic acid arabinoside,0.022856829411373406,0.01450890173111933,-0.006030668748101965
"15.62 min | 3-(3,4,5-Trimethoxyphenyl)propanoic acid",0.04771493092687414,0.03910553729017351,-0.00880297763383237
15.62 min | (7'R)-(+)-Lyoniresinol 9'-glucoside,-0.004639546015930386,0.00025736427681967254,-0.003079627553871225
"15.63 min | 9-(2,3-dihydroxypropoxy)-9-oxononanoic acid",-0.006307251980278908,-0.00765057825083367,-0.027275682358179048
15.63 min | Neryl rhamnosyl-glucoside,-0.01422956545414212,-0.0036388460500070188,0.05113562243386971
15.68 min | Nb-trans-Feruloylserotonin glucoside,-0.0076751431597745345,0.008055872938934306,-0.002227903163753243
15.68 min | Epigallocatechin gallate,0.04846445946906541,-0.023028329349814993,0.0020721746840137215
15.69 min | Epicatechin 3-O-gallate-(4beta->6)-epicatechin 3-O-gallate-(4beta->8)-catechin,0.04881767585385066,-0.026126764541046225,-0.0010404407293557716
15.7 min | Epicatechin 3-O-gallate-(4beta->6)-epicatechin 3-O-gallate-(4beta->8)-catechin,0.04434728743612254,-0.0251066147060026,0.0009296056119736848
15.71 min | Dodecanedioic acid,-0.022311957544030012,0.00216420339320484,-0.0033318129810172227
15.73 min | Phenylpyruvic acid,0.018880533603843716,0.0737417507633676,-1.9100248163267252e-05
"15.74 min | (E)-3-[6-[(2S,3R,4S,5S,6R)-3,4,5-trihydroxy-6-(hydroxymethyl)oxan-2-yl]oxy-1,3-benzodioxol-5-yl]prop-2-enoic acid",-0.023034451314411165,-0.0022759077543401795,-0.012242258627211426
"15.74 min | Coumaroyl quinic acid (isomer of 758, 759)",-0.007141375524297743,0.0012616205561978885,0.012316452183685744
15.74 min | D-(-)-quinic acid,-0.0070583391654786476,0.0006236866824583301,0.01375776655907888
15.75 min | Methyl 7-epi-12-hydroxyjasmonate glucoside,-0.027867447910672034,-0.003267739268900217,-0.00839125440983523
15.76 min | Pavetannin D1,-0.025064318128739188,-0.005930258535028874,-0.019186588715105073
15.76 min | NCGC00380170-01_C19H26O11_5-{[4-(beta-D-Glucopyranosyloxy)benzyl]oxy}-3-hydroxy-3-methyl-5-oxopentanoic acid,-0.016766016478914052,0.001304038376417302,0.01756214446062947
"15.77 min | Epicatechin-(2beta->7,4beta->6)-catechin",-0.0420651002014859,-0.005053065614863531,-0.032111876896539424
"15.78 min | (Z)-Resveratrol 3,4'-diglucoside",-0.009841363672030022,0.00038275025747148435,-0.0008606221242339917
15.79 min | Cinnamtannin A2,-0.010298312840212964,-0.0035502080095117456,-0.009848212067518123
15.83 min | Benzoyl glucuronide (Benzoic acid),0.0044137627683419455,-0.00040464813215478106,-0.004545362493086452
15.84 min | 2-Octenedioic acid,0.030375642181021154,0.014838021848636532,-0.001511900904109741
"15.84 min | Kaempferol 3-(2'',4''-di-(Z)-p-coumaroylrhamnoside)",-0.033692836201074494,-0.00043125379919899066,-0.014158127748353285
15.86 min | [Epicatechin-(4beta->8)]2-epicatechin 3'''-gallate,0.03337675632468835,-0.022628689496827014,0.010211230292925004
15.88 min | Isolariciresinol 9-O-beta-D-glucoside,-0.015530244773876791,0.0012792775024918388,-0.0055064415069345125
"15.89 min | Epicatechin-(2beta->7,4beta->6)-catechin",-0.027163540471221867,-0.005548179331487298,-0.01944187654579146
15.91 min | (E)-Resveratrol 3-glucoside 4'-sulfate,-0.016696169330946392,-0.0018906159984211491,-0.009146599880417761
"15.91 min | 2',7-Dihydroxy-4'-methoxy-8-prenylflavan 2',7-diglucoside",-0.020328952783905178,-0.00037494643464533933,-0.013404979514509677
15.91 min | 4'-O-Methylepicatechin 7-O-glucuronide,0.04337744186864312,-0.025397080234173773,0.010124318131492034
15.91 min | 4'-O-methyl-(-)-epicatechin-3'-O-beta-glucuronide,-0.011604503678147337,0.002790982256253848,0.07959448562213288
"15.93 min | 3,3'-Digalloylprocyanidin B2",0.056457256800988134,-0.02640531232677872,-6.556131599356555e-05
15.94 min | N-Carbobenzoxyglycyl-prolyl-4-methylcoumarinyl amide,-0.018344104521302092,-0.002807235406382516,-0.014021562117191503
"15.95 min | 3,3'-Digalloylprocyanidin B2",0.052901163041749404,-0.026868631089388834,-4.284125459308546e-05
15.98 min | 4-Hydroxycoumarin,-0.00024047724521795535,0.004096352702529977,-0.0002563295245626629
15.98 min | 4-Hydroxybenzoic acid,-0.0020745147057382863,0.0028994781697695175,0.0018606878747066116
15.99 min | Phenethyl 6-galloylglucoside,-0.0005189999665793503,0.0034176012635617724,-1.1470619748500686e-05
16.0 min | (-)-Epigallocatechin 3-(3-methyl-gallate),0.027918684597467543,-0.010180494024137413,-0.0015724175396724792
16.05 min | C.I. Acid Green 3,-0.006387989689768375,0.0011783378687081532,-3.5829834790000816e-05
"16.05 min | Epicatechin-(2beta->7,4beta->6)-catechin",-0.023048985595019108,-0.0005648885658590725,-0.01328110836706852
16.08 min | GALLIC ACID,0.0607798901386735,-0.024013394546470952,-0.010374178245280623
"16.08 min | (-)-Epigallocatechin 3,5-di-gallate",0.04835431786108718,-0.02659705757639403,0.002921784385485636
16.1 min | 8-Hydroxypinoresinol 8-glucoside,-0.03186968038866425,-0.006079091644706121,-0.02178753300840601
16.12 min | FERULIC ACID,-0.005180318714560672,0.006045375026008768,0.006728623877156267
16.12 min | eriodictyol-7-O-glucoside,0.004347855871009791,-0.0008239652482834859,-0.010467968944282025
16.14 min | Traumatic acid,-0.014151225429276909,0.003715910114451721,-0.008169216796342095
"16.14 min | (1R,3S,4S,6R)-6,9-Dihydroxyfenchone 6-O-b-D-glucoside",-0.007037622141144729,-0.0039734152667381065,0.010063291129792165
16.15 min | (E)-Resveratrol 3-glucoside 4'-sulfate,-0.009070500663032196,-0.007577826807131721,-0.01110657658867846
16.15 min | Ethyl 3-hydroxyoctanoate O-[glucosyl-(1->6)-glucoside],-0.025912968391728994,-0.0007467205468775827,0.010974087931241912
"16.18 min | Feruloyl quinic acid (isomer of 886, 888)",-0.012441252636403626,0.0027693532013790692,-0.0038606942016898523
16.2 min | 3-Hydroxysuberic acid.mol,0.044645277495326305,0.0015312405674013153,-0.006890429854493628
16.2 min | Kaempferol 3-gentiobioside 7-rhamnoside,-0.026599463006920638,-0.0023971753758848125,-0.01866787175895111
16.2 min | Linalool oxide D 3-[apiosyl-(1->6)-glucoside],-0.016975442818673435,-0.000803316087184237,-0.007686825490842604
16.21 min | Torachrysone 8-(2-apiosylglucoside),0.00115139756498576,-0.007926142223370021,0.022262072340616893
16.24 min | Procyanidin C1,-0.026960206284083174,-0.010090997733868847,-0.022144559611169966
16.26 min | Mono-trans-p-coumaroylmesotartaric acid,-0.014111218266521041,0.0034867467677421873,-0.004770021114231528
16.28 min | Neryl rhamnosyl-glucoside,-0.0024534524685869423,-0.007682465896896235,0.06358300402723169
16.3 min | 3'-O-methyl-(-)-epicatechin,0.010862969974047664,0.011268438664554436,0.0006838467856598322
16.3 min | Isolariciresinol 9-O-beta-D-glucoside,-0.0028445799790108375,-0.00017184805193219815,-0.001880782552404284
16.31 min | Epicatechin 3-O-gallate-(4beta->6)-epicatechin 3-O-gallate-(4beta->8)-catechin,0.0514187629865874,-0.024599574297776025,0.0011752151908600195
16.31 min | Epicatechin 3-O-gallate-(4beta->6)-epicatechin 3-O-gallate-(4beta->6)-epicatechin 3-O-gallate,0.054986865225074275,-0.027413258821117774,-0.0035460348541003226
"16.31 min | 3-(1,1-Dimethylallyl)scopoletin 7-glucoside",-0.029028754447852825,-0.004917801256568034,-0.016152772078625213
16.32 min | 3-Hydroxysebacic acid,0.023321024274952553,0.022545921444002477,-0.008383038749633425
16.33 min | Epicatechin 3-O-gallate-(4beta->6)-epicatechin 3-O-gallate-(4beta->6)-epicatechin 3-O-gallate,0.05663688003069499,-0.026129808041712943,-0.006763784546975465
16.33 min | Tryptophol [xylosyl-(1->6)-glucoside],-0.02270600339675226,-0.0032828816207362936,0.020769617300512997
16.34 min | Epicatechin,0.01713789908234586,0.07112520679067667,0.009675040758735648
16.34 min | Epifisetinidol-(4beta->8)-catechin,-0.006305131070361509,-0.0005719891192687503,-0.012374994033365587
16.35 min | Vanillylmandelic acid,0.03146804697448112,-0.008786348719350546,-0.006102915335052443
"16.35 min | EPIGALLOCATECHIN 3,5-DIGALLATE",0.026020635938869194,-0.006956436942580199,-0.009080713519976968
16.36 min | Epicatechin 3-O-gallate-(4beta->6)-epicatechin 3-O-gallate-(4beta->8)-catechin,0.04025688948956166,-0.019262596753473672,0.0019020697310481805
16.37 min | EPICATECHIN,0.023341260371260653,0.07152463736555371,-7.798754069589482e-05
16.37 min | 2-Hydroxy-4-(2-(tosyloxy)acetamido)benzoic acid,-0.010065413964128826,-0.003204445539092643,0.004844820980498888
16.38 min | (7'R)-(+)-Lyoniresinol 9'-glucoside,-0.01696472318025303,-0.0029554505706210327,0.07816086883543401
16.39 min | 2-Hydroxycinnamic acid,0.03332533961961756,0.01651514647029872,0.028605298924631255
16.39 min | 2-O-Acetyl-trans-coutaric acid,-0.015553721418476968,0.0029354697673084334,0.0014568210259000656
"16.4 min | Epicatechin-(2beta->7,4beta->6)-catechin",-0.025878561801095747,-0.011475018882192106,-0.022695836064996776
"16.4 min | Kaempferol 3-(2'',4''-di-(Z)-p-coumaroylrhamnoside)",-0.012856401674118268,0.0035423236295447835,-0.006100729824370674
16.44 min | Linalool oxide D 3-[apiosyl-(1->6)-glucoside],-0.02473014342314199,-0.0005982053150669417,0.004257374652238525
"16.46 min | 3,3'-Digalloylprocyanidin B2",0.03118225014163675,-0.010075996411964327,-0.005811960037595696
16.46 min | isovitexin,-0.0016956034919366246,0.002643642031209991,0.0022275036757849823
"16.47 min | (Z)-Resveratrol 3,4'-diglucoside",-0.02185582791498206,-0.004696211826647323,-0.004985740872850091
16.48 min | Gallic acid hexoside,0.0404897239946523,-0.0190467784053601,-0.004273117363515281
16.49 min | Atrolactic acid,-0.011249247167811938,0.001577496938187077,-0.011725743259979939
"16.49 min | 2,6-Dimethoxy-4-methylphenol",-0.019994521873449758,-0.0013609626680250947,-0.011301755924372669
"16.49 min | 3,7-Dimethylquercetin",-0.007066069328908525,-0.0019236132110519698,0.0017390167075159372
16.51 min | (+)-Lysergic acid,0.012671967555689492,0.0015124171424445118,-0.004588445090851853
16.51 min | [Epicatechin-(4beta->8)]2-epicatechin 3'''-gallate,0.03912238815296359,-0.023723402706522314,0.00492196120062386
16.52 min | Procyanidin B2,-0.026691470225626582,-0.010464459910400029,-0.02166266782249778
16.52 min | [Epicatechin-(4beta->8)]2-epicatechin 3'''-gallate,0.03438024011268891,-0.021835846338435164,0.004434534723487307
16.52 min | Isolariciresinol 9-O-beta-D-glucoside,-0.010198145691756484,0.0002054182693309354,0.015088744257232516
16.53 min | 2-Hydroxybenzaldehyde O-[xylosyl-(1->6)-glucoside],-0.00629816054079056,0.010613956057622088,0.049361319856721105
16.53 min | Gibberellin A55,-0.019795512201254233,-0.00229097895328074,-0.01189046836607233
16.55 min | 7-Hydroxy-2-methyl-4-oxo-4H-1-benzopyran-5-carboxylic acid 7-glucoside,-0.013544840465870385,0.0037547529065631267,-0.001683008183714661
16.55 min | 8-Hydroxypinoresinol 8-glucoside,-0.010040946376829922,-0.0027873060793292496,-0.0013124398882668003
"16.57 min | 7-methyl-1-[(2S,3R,4S,5S,6R)-3,4,5-trihydroxy-6-(hydroxymethyl)oxan-2-yl]oxy-1,4a,5,6,7,7a-hexahydrocyclopenta[c]pyran-4-carboxylic acid",0.003639093392521184,-0.006635609443255839,0.015221029306580475
16.58 min | 2-Hydroxy-4-(2-(tosyloxy)acetamido)benzoic acid,-0.01958425983098902,-0.0016406260816134903,-0.014070483011016415
16.58 min | Neryl rhamnosyl-glucoside,-0.024110187908654362,-0.0021718163562887585,0.043324547828778356
16.59 min | Eriodictyol 7-(6-galloylglucoside),0.003005955880901739,0.0035582094721362174,0.05566551297750968
16.6 min | naringenin-7-O-glucoside,0.03595021291380726,-0.010769975048004464,-0.006549364746866634
16.6 min | 4'-O-methyl-(-)-epicatechin-3'-O-beta-glucuronide,-0.002226595045719236,-0.004623623399138914,0.0798922717548131
"16.6 min | (1R,3S,4S,6R)-6,9-Dihydroxyfenchone 6-O-b-D-glucoside",-0.021434648239894608,-0.005618617428284117,0.009934831247214181
16.62 min | Phenethyl 6-galloylglucoside,-0.006116828362382954,-0.006572218134785403,0.07884730134808227
16.63 min | 3-(4-Hydroxy-3-methoxyphenyl)propionic acid,0.016805942658538166,0.06479252274017355,4.6087834961217457e-05
16.63 min | (-)-Epigallocatechin 3-(3-methyl-gallate),0.050620621101051685,-0.024984118850584065,0.002400129925951689
16.66 min | Suberic acid,0.0176146569633787,0.06400416655053154,6.0997897450031945e-05
"16.67 min | Epicatechin-(2beta->7,4beta->6)-catechin",-0.03835090153125724,-0.006549691431564601,-0.03458073236257811
16.68 min | ellagic acid,0.05100191248295291,-0.01530558539363021,-0.01280603140856633
16.68 min | Methyl salicylate O-[rhamnosyl-(1->6)-glucoside],-0.004507135717221715,-0.00358428021466475,0.013222406722545321
16.7 min | Kaempferol 3-rungioside,-0.01449357054815676,0.000540999945637824,-0.009866041552234257
16.7 min | Caffeic Acid,0.002811121686822374,-0.004720029988811129,-0.006949258137866215
16.71 min | 4-Hydroxy-5-(3'-hydroxyphenyl)-valeric acid-3'-O-sulphate,-0.00959909799746844,-0.0016392982009397446,-0.01084432251079928
16.72 min | 7-Hydroxyoctanoic acid.mol,0.01729669737879328,0.06805842326792394,0.000348841909220712
"16.72 min | 3-(1,1-Dimethylallyl)scopoletin 7-glucoside",0.017989294665190267,0.07364149494877646,-0.0010282080285318777
16.73 min | Linalool oxide D 3-[apiosyl-(1->6)-glucoside],-0.020991802738341815,0.001461052851736289,-0.009428422119920931
"16.74 min | 6-Feruloylglucose 2,3,4-trihydroxy-3-methylbutylglycoside",-0.0035802497059888,-0.0038629984820522344,-0.0006297402786787931
16.76 min | ent-Epicatechin-(4alpha->8)-ent-epicatechin 3-gallate,0.03670556894983121,-0.022708124015488006,0.007497894223223561
16.76 min | Pavetannin B6,-0.028024768977556156,-0.002908612868444359,-0.022764808862200867
"16.76 min | Kaempferol 3-(2'',4''-di-(Z)-p-coumaroylrhamnoside)",-0.03634112927130212,-0.0015876677284638195,-0.017470410866789517
16.76 min | (-)-epicatechin-3'-O-glucuronide,-0.00825385176003178,-0.0012572495443848974,0.07540076061958245
"16.78 min | (Z)-Resveratrol 3,4'-diglucoside",-0.006939996706331854,-0.002428673849217192,0.0034392005879765827
16.79 min | Cinnamtannin A2,-0.03674557342004745,-0.006558526195377474,-0.02787021748129173
16.8 min | (-)-Catechin gallate,0.06502259634991846,-0.02802840655243731,-0.007093772296408543
16.8 min | EPICATECHIN,0.06491176491264143,-0.028737465902796126,-0.007017280852719793
16.8 min | GALLIC ACID,0.06509502070315604,-0.0287873386477161,-0.006738760859130278
16.8 min | 4-Hydroxybenzoic acid,0.05966669001193099,-0.02951803282172521,-0.004496567633557051
"16.81 min | (3b,9R)-5-Megastigmene-3,9-diol 9-[apiosyl-(1->6)-glucoside]",-0.002548047159701768,-0.005258655550439701,0.010712509832212497
16.82 min | Epicatechin 3-O-gallate-(4beta->6)-epicatechin 3-O-gallate-(4beta->8)-catechin,0.03914351127146923,-0.023556223838352968,0.00177433018389395
16.83 min | Kaempferol 3-O-(2''-rhamnosyl-6''-acetyl-galactoside) 7-O-rhamnoside,0.048165127413834094,-0.026556202489025044,0.024632939893804662
"16.84 min | (3b,9R)-5-Megastigmene-3,9-diol 9-[apiosyl-(1->6)-glucoside]",-0.002693690471594494,-0.005599561173919963,0.013313447808228553
16.85 min | 8-Hydroxypinoresinol 8-glucoside,-0.022087160822223152,-0.00570236982670522,0.028075447523397953
16.85 min | Gallocatechin-(4alpha->8)-gallocatechin-(4alpha->8)-gallocatechin,0.04976112371598037,-0.026063978974357388,0.0006208018720944313
16.88 min | Epicatechin 3-O-gallate-(4beta->6)-epicatechin 3-O-gallate-(4beta->8)-catechin,0.04732610180857121,-0.024980535951204644,-0.0012327368522502568
16.88 min | (7'R)-(+)-Lyoniresinol 9'-glucoside,-0.0023750745039525277,0.003527746749913739,-0.002343131822832494
16.89 min | Quercetin 3-galactoside,0.04256341953554511,-0.030605340018514653,-0.01074546416245087
16.89 min | Ethyl 3-hydroxyoctanoate O-[glucosyl-(1->6)-glucoside],-0.021720647026349474,-0.0028801509015367473,0.07365707021079346
16.9 min | Phenethyl 6-galloylglucoside,-0.00840086171458621,0.0005203886326875389,0.07462267777711547
16.9 min | Laricitrin 3-glucoside,0.034720805329925795,-0.010238829601300115,-0.003063946176971007
16.91 min | Epicatechin 3-O-gallate-(4beta->6)-epicatechin 3-O-gallate-(4beta->8)-catechin,0.04447249109975805,-0.024818333723012488,0.0019203271227676774
16.93 min | Linalool oxide D 3-[apiosyl-(1->6)-glucoside],-0.009145329169942044,0.0032464081709110155,-0.0011122497329162852
16.95 min | L-(-)-3-Phenyllactic acid,0.019467227498198462,0.061099320044427974,-0.0011817556443186688
"16.95 min | 3,4-Dimethoxyphenylacetic acid.mol",0.015435967296038548,0.0720093940002533,-0.000330822646543879
16.95 min | quercetin-3-O-deoxyhexosyl(1-2)pentoside,-0.004559087419924058,0.0012379594226704853,-0.010521382337314247
16.95 min | [Epicatechin-(4beta->8)]2-epicatechin 3'''-gallate,0.03773686284861191,-0.02210140157607468,0.01149834976030974
16.96 min | Gibberellin A3,-0.014566164870623486,0.0358444730810643,-0.0061707752749469704
"16.97 min | Benzoic acid + 1O, O-Hex",0.042513613059881335,-0.019356211833776567,-0.004583487140998527
"16.98 min | 2-Hydroxy-3,4-Dimethoxybenzoic Acid",0.05353941220815223,-0.02798086112621631,-0.0018468512218708707
16.99 min | 4'-O-Methylepicatechin 7-O-glucuronide,-0.004268249290187322,-0.002893011582103286,0.08124766265637312
16.99 min | Pavetannin B6,-0.024860240687822874,-0.005892017251388401,-0.017908604393155593
16.99 min | Luteolin 7-O-(2-apiosyl-4-glucosyl-6-malonyl)-glucoside,-0.017416836971808666,-0.0036713694980102245,-0.016478573109692075
17.0 min | eriodictyol-7-O-glucoside,-0.0012624151083880397,0.00020705318922562905,0.006900443172982322
"17.01 min | 3-(1,1-Dimethylallyl)scopoletin 7-glucoside",0.015916944133363295,0.07354200986227696,-0.0002900905690850686
17.02 min | Gibberellin A105,0.008310670360241698,0.05844941465167556,-0.006482103977651732
"17.02 min | 6-Feruloylglucose 2,3,4-trihydroxy-3-methylbutylglycoside",-0.02132590904621988,-0.0032554926710932877,0.044021633931205464
17.03 min | Epifisetinidol-(4beta->8)-catechin,-0.030310762918755847,0.0015089629295955823,0.0013194919500643678
17.03 min | Cinnamtannin II,-0.028754010531809492,-0.010848901379257052,-0.02529558520760843
17.03 min | Isolariciresinol 9-O-beta-D-glucoside,-0.012540487067053772,0.0034920615517364632,-0.0038628970260138344
"17.04 min | Epicatechin-(2beta->7,4beta->6)-catechin",-0.016513188311994657,-0.005525416985089373,-0.010903028078209654
17.05 min | Kaempferol 3-rungioside,0.0028468826123911463,0.0021722962397328236,-0.005245237213315708
17.05 min | 2-Hydroxycinnamic acid,-0.011210273982578981,-0.008153227538772402,0.015186014779055101
"17.07 min | (2S)-2-[(4-Methylphenyl)sulfonylamino]-3-[[4-oxo-5-(2-piperidin-4-ylethyl)-7,8-dihydro-6H-pyrazolo[1,5-a][1,4]diazepine-2-carbonyl]amino]propanoic acid",-0.018488466225459375,-0.0013210040915425654,0.015175851153479036
"17.1 min | 4',7-Di-O-methylcatechin",0.014319613171109375,0.07552063078529604,1.4721594729682553e-05
17.1 min | Cinnamtannin A2,-0.027688961614891164,-0.009889214753598084,-0.022323025311863427
17.1 min | Epicatechin Monogallate,-0.01285209057486385,-0.00241802174180765,-0.006872177193293897
17.11 min | EPICATECHIN,0.001796399116934445,0.04838423112335176,-0.008468343763463894
"17.13 min | trans-p-Menthane-1,7,8-triol 8-glucoside",0.0008151025196708744,0.0025380840101182954,0.002184806143678329
17.13 min | Xanthylic acid,0.041081788111449066,-0.014815838403640947,-0.012893811631147157
17.14 min | (-)-Epigallocatechin 3-p-coumaroate,0.013955861669785505,0.06686017404527937,-0.00518802427082422
"17.16 min | 11,13-Dihydrotaraxinic acid glucosyl ester",0.04305408290907945,-0.01937905504772155,0.013969508462692865
17.16 min | 6-Epi-7-isocucurbic acid glucoside,-0.01241764498952063,-0.0018644551677570573,0.04175193768654349
17.17 min | Procyanidin B1,-0.029411592800065632,-0.007320719637340619,-0.007891092760806077
17.18 min | Monoisobutyl phthalic acid,0.011303411944771313,0.05930326160380308,-0.002799140489309871
17.18 min | Isolimonic acid,-0.011633187173635269,0.0019232123188744415,-0.004132697805779315
17.18 min | Abscisic acid; LC-tDDA; CE30,0.043663809527297454,-0.021065440531510465,0.011509269693143675
17.21 min | Epicatechin-(4beta->8)-gallocatechin,0.016919261625270035,0.07267675025258298,0.00039966551592623555
17.22 min | 4'-O-methyl-(-)-epicatechin-5-O-beta-glucuronide,0.0016763572425901065,0.0019390933474204661,0.02479064377955135
17.22 min | [Epicatechin-(4beta->8)]2-epicatechin 3'''-gallate,0.026984515183582178,-0.018879676131048587,0.007614662004111236
17.24 min | FERULIC ACID,0.015970055332798314,0.06325610504257587,-0.0005916533198235588
17.24 min | [Epicatechin-(4beta->8)]2-epicatechin 3'''-gallate,0.02927341479661082,-0.019302964364393133,0.008373919769099286
"17.27 min | 6-Feruloylglucose 2,3,4-trihydroxy-3-methylbutylglycoside",-0.01575761426808667,0.00033208315906262006,0.004019823960507285
17.28 min | Epicatechin 3-O-gallate-(4beta->6)-epicatechin 3-O-gallate-(4beta->6)-epicatechin 3-O-gallate,0.05779860259372892,-0.02526130043091954,-0.007973929241807428
17.28 min | eriodictyol-7-O-glucoside,-0.008953139577143335,0.0023907378439810317,-0.0015578968003664593
17.32 min | (-)-Epigallocatechin 3-(3-methyl-gallate),0.05462056877247798,-0.028868369940107996,0.001491593848857918
17.32 min | Butyl (S)-3-hydroxybutyrate [arabinosyl-(1->6)-glucoside],-0.016561694638463065,-0.0034237699589996498,-0.00728761361449222
17.33 min | Isolariciresinol 9-O-beta-D-glucoside,-0.004239468730036887,0.000739368553270797,0.02250879819452565
17.34 min | Epifisetinidol-(4beta->8)-catechin,0.017021650582997806,0.0668425415512001,-0.00023552159918546105
"17.36 min | 3,3'-Digalloylprocyanidin B2",0.05591581578363853,-0.027026051081014614,-0.0027016827603525066
17.37 min | Linalool oxide D 3-[apiosyl-(1->6)-glucoside],-0.029773369713563383,-0.003342165857076991,-0.008552733611647986
"17.39 min | 2-((2'-(5-Ethyl-3,4-diphenyl-1H-pyrazol-1-yl)-[1,1'-biphenyl]-3-yl)oxy)acetic acid",-0.016702076109346382,0.0009022218225404954,0.05639845861551016
17.42 min | Gibberellin A75,-0.018193903108488372,-0.0026642632135715468,-0.009830160171880665
17.42 min | Kaempferol 3-rungioside,0.0008010461464360977,0.0024892457892272397,-0.0016728128457637512
17.45 min | 4'-Methyl-(-)-epigallocatechin 3-(4-methyl-gallate),0.0011382163516110183,-0.006367897460047041,0.08050812829229005
17.48 min | 4'-O-Methylepicatechin 7-O-glucuronide,0.04843590250225061,-0.01761934323707292,-0.0047374763337392455
17.48 min | Pavetannin D1,-0.030765732621151468,-0.007298287818827916,-0.022623332372736095
17.48 min | Epicatechin 3-O-(3-O-methylgallate),-0.012051256296071743,-0.00267251763196615,0.06385219063249489
17.52 min | naringenin-7-O-glucoside,0.046920873690747614,-0.01948178523900376,-0.004703545679672075
17.53 min | Ethyl 7-epi-12-hydroxyjasmonate glucoside,-0.018739846086186868,-0.0038526128990101563,0.05519684348945284
17.55 min | (S)-9-Hydroxy-10-undecenoic acid,-0.020644337235838174,-0.0012861342031976922,-0.020021706510514537
17.56 min | 1-[2-(Benzhydryloxy)ethyl]piperidine-4-acetic acid ethyl ester,-0.02105125410894255,-0.003482078602414984,0.05640742584241226
"17.57 min | (Z)-Resveratrol 3,4'-diglucoside",-0.016866113162650097,-0.0022273467575675355,0.004695656908167806
17.58 min | Epicatechin-(4beta->8)-gallocatechin,0.017093480864285044,0.07359252670326989,-0.0008864051713186888
17.58 min | Isorhamnetin-3-O-galactoside-6''-rhamnoside,-0.019692723815338136,-0.0033082317639830995,-0.01045770207810603
"17.62 min | 2-[4-(3-Hydroxypropyl)-2-methoxyphenoxy]-1,3-propanediol 1-glucoside",-0.009051964715710415,-0.0013154594762997533,0.08292602680441222
17.63 min | Mono-trans-p-coumaroylmesotartaric acid,-0.013918642267036966,0.0030504377634051,-0.0008380183253551072
"17.65 min | (7'S,8'S)-4,7'-Epoxy-3,8'-bilign-7-ene-3',5-dimethoxy-4',9,9'-triol 4'-glucoside",0.0631587487068575,-0.0013415617368159145,-0.003908048972471428
17.65 min | (-)-Catechin gallate,0.03558668626338686,-0.016382080027689438,-0.005661387211952084
17.66 min | Marmesin rhamnoside,-0.007163214164070183,0.019758722012991767,0.0019372193015281668
17.67 min | Butyl (S)-3-hydroxybutyrate [arabinosyl-(1->6)-glucoside],-0.01586703433292827,-0.0029450248706081508,-0.006594822744280908
17.67 min | Linalool oxide D 3-[apiosyl-(1->6)-glucoside],-0.028102178044319293,-0.005165830025737856,-0.00797188229803324
17.67 min | Limocitrin 3-glucoside,0.048428721603161674,-0.020326015276777857,-0.0027824748198611656
17.69 min | Kaempferol 3-alpha-D-galactoside,0.011317613532529691,0.00451309168109559,-0.009161009360479028
"17.69 min | Epicatechin-(2beta->7,4beta->6)-catechin",-0.04125706591614012,-0.004367555389383257,-0.0335015613477934
17.75 min | Phloretin-2'-O-glucoside,-0.0036938217924711797,-0.004120289029599905,0.02105188649496314
"17.77 min | 3,3'-Digalloylprocyanidin B2",0.04527467782257537,-0.02034536847280157,-0.006938567765615534
17.78 min | Epicatechin 3-O-gallate-(4beta->6)-epicatechin 3-O-gallate-(4beta->8)-catechin,0.05073490790448088,-0.025902012795980457,-0.0015247491559493708
17.78 min | Epicatechin 3-O-gallate-(4beta->6)-epicatechin 3-O-gallate-(4beta->8)-catechin,0.043359247344665876,-0.02401423297388827,0.001311069719171047
17.78 min | 4-Hydroxybenzoic acid,-0.002082269901705656,0.0026950283479366963,-0.0017713890256136574
17.8 min | 3-Hydroxyphloretin 2'-O-xylosyl-glucoside,0.017827035565711347,0.07199331123547786,0.0015212651626037316
"17.81 min | NCGC00380149-01_C22H26O11_Benzoic acid, 4-hydroxy-, 1-(hexopyranosyloxy)-1,4a,5,7a-tetrahydro-7-(hydroxymethyl)cyclopenta[c]pyran-5-yl ester",-0.0008471408944755899,0.003400934297750083,-0.0007858807189967704
17.81 min | Resveratrol 4'-(6-galloylglucoside),-0.0015012051930531447,-0.003918452618794905,0.08419468265398784
17.82 min | Evernic acid,0.018380447698220267,0.07366738156098616,0.000805708796502449
17.82 min | Ethyl 7-epi-12-hydroxyjasmonate glucoside,-0.02363728875362106,-0.0028230882825215687,0.07413088947659278
17.82 min | 1-Hexanol arabinosylglucoside,-0.018114002824699455,-0.006403946760734027,0.025129008593252365
17.83 min | Luteone 7-glucoside,0.018838174586297326,0.07465598261176293,0.00026370868054774807
17.83 min | b-D-fructosyl-a-D-(6-O-(E))-feruloylglucoside,0.01869447532364821,0.07394347361231185,4.6082564486926586e-05
17.84 min | 1-[2-(Benzhydryloxy)ethyl]piperidine-4-acetic acid ethyl ester,-0.01776984756466032,-0.0034516315016253993,0.07754027647940971
17.85 min | 8-Hydroxypinoresinol 8-glucoside,-0.019934381251257023,-0.0039004298025902095,-0.0042471724759012165
17.86 min | 7-[3-(4-Acetyl-3-hydroxy-2-propylphenoxy)-2-hydroxypropoxy]-4-oxo-8-propylchromene-2-carboxylic acid,-0.0017521571381933457,0.06385127040651967,-0.0010981584036828342
"17.89 min | QUERCETIN, DIHYDRO-",0.04628740489809816,-0.0209697198073302,0.0032985036697060635
17.9 min | (-)-Naringenin,0.03603765322270794,-0.008550702595393258,-0.011098772038829545
17.9 min | Tauroursodeoxycholic acid.mol,-0.022290956516847635,-0.005985138856171728,0.0025470472439710853
17.91 min | Ellagic acid 2-rhamnoside,0.052372940463354625,-0.023806558281741285,-0.00467197218112719
17.91 min | Goyaglycoside h,-0.013515050429111096,0.0032142400730447635,-0.004839439658467017
"17.91 min | (3S,7E,9R)-4,7-Megastigmadiene-3,9-diol 9-[apiosyl-(1->6)-glucoside]",-0.01872048094689089,-0.006980852932964608,0.003653796221456791
17.92 min | PURPUROGALLIN-4-CARBOXYLIC ACID,0.0290507157839771,0.0462867921379962,-0.005659728415491767
17.93 min | 2-Hydroxybenzaldehyde O-[xylosyl-(1->6)-glucoside],-0.010964366661884798,-0.001959037367587331,0.08471333777849178
17.95 min | 1-Hexanol arabinosylglucoside,-0.023620376447618895,-0.0018993216360034424,-0.0041686839659089096
"17.96 min | 3,3'-Digalloylprocyanidin B2",0.04694152663061965,-0.023728139350708083,-0.004321448469934725
"17.97 min | Epicatechin-(2beta->7,4beta->6)-catechin",-0.027517509974820338,-0.006463849654537082,-0.022116306916990756
"17.97 min | 3,3'-Digalloylprocyanidin B2",0.04412825871089104,-0.020142149065151604,-0.004894494955036138
17.98 min | Epifisetinidol-(4beta->8)-catechin,0.020328961660930654,0.0730755176857376,-0.002676241579987951
17.98 min | Epicatechin 3-O-gallate-(4beta->6)-epicatechin 3-O-gallate-(4beta->6)-epicatechin 3-O-gallate,0.056674657379090415,-0.023845738802608245,-0.009642788351753955
17.98 min | Fukinolic acid,0.021724589810727432,-0.002180947601989859,-0.006047537173220915
17.98 min | Linalool oxide D 3-[apiosyl-(1->6)-glucoside],-0.020214106081905686,-0.0027498954825247697,-0.01701765096551382
"17.98 min | 3,5-Dihydroxy-4-[(6-O-{[4-(2-hydroxy-2-propanyl)-1-cyclohexen-1-yl]carbonyl}hexopyranosyl)oxy]benzoic acid",-0.02273582055227928,5.7622226497866955e-05,0.028809388967551305
18.0 min | Isolariciresinol 9-O-beta-D-glucoside,-0.017956359556385047,-0.003637543106638235,0.07651599888743277
18.02 min | Neryl rhamnosyl-glucoside,-0.021291971737801656,-0.0051549536592736,0.04608813898113433
18.05 min | Kaempferol,0.04457103765423872,-0.01460905751810183,-0.005846960709197551
18.07 min | ent-Epicatechin-(4alpha->8)-ent-epicatechin 3-gallate,0.05588119434739295,-0.027094744037837532,-0.001485587659615706
18.07 min | (2-Naphthalenyloxy)acetic acid,-0.011359424321031599,-0.0029051721331266283,0.03318511836861621
18.08 min | cis-4-Decenedioic acid,0.01419489312402046,0.05800321813004965,-0.0013482179957688232
18.08 min | 6-Methylcoumarin,-0.010791849089396715,-0.0024483364583359605,0.035315100077033756
"18.08 min | (7'R,8'R)-4,7'-Epoxy-3'-methoxy-4',5,9,9'-lignanetetrol 9'-glucoside",-0.023315645493617868,-0.005028802362485319,0.016968594195913466
18.08 min | beta-D-3-Ribofuranosyluric acid,0.037320905784594086,-0.010026173312185133,-0.0062445927626955215
18.09 min | 2-(5-Fluoropentyl)-2-methylmalonic acid,-0.0009866390269025669,-0.004288233541842117,-0.005127221998299626
18.12 min | Epicatechin 3-O-gallate-(4beta->6)-epicatechin 3-O-gallate-(4beta->8)-catechin,0.04648935328207445,-0.02543896809900855,0.0008853197347505225
18.13 min | Quercetin 3-(2-caffeoylsophoroside) 7-glucoside,0.036164656073039245,-0.010975046794417454,-0.012750842675608595
18.13 min | 4'-Methyl-(-)-epigallocatechin 3-(4-methyl-gallate),-0.025865998551732928,-0.005843417826380207,-0.024034395028766867
18.13 min | 2-Hydroxy-3-[(2-carboxyethyl)thio]-3-[2-(8-phenyloctyl)phenyl]propanoic acid,-0.016886880807978413,-0.004285877944586745,0.015126542329263247
18.16 min | Syringetin 3-glucoside,0.033647309799964734,0.006271019642834671,-0.005825316873769917
18.18 min | (-)-Epigallocatechin 3-p-coumaroate,-0.02344848509083073,-0.002526307735063045,0.03787992930867921
18.19 min | naringenin-7-O-glucuronide,0.016116191038645467,-0.011254096428000737,-0.002042964316529294
18.2 min | 4-Hydroxybenzoic acid,0.019205262415366794,0.07493208373962397,1.83154562013268e-05
"18.2 min | (2S)-2-[[4-[(2,4-Diaminopteridin-6-yl)methyl]-2,3-dihydro-1,4-benzothiazine-7-carbonyl]amino]hexanedioic acid",0.01848370914820338,0.07488562768058851,-0.000226687288502612
18.2 min | quercetin,0.0056739477433116236,0.0007293095508341365,0.030342546710457427
18.23 min | 8-Hydroxypinoresinol 8-glucoside,-0.00786432160351582,-0.0020362863445422845,0.002907329611292343
18.24 min | (-)-Matairesinol 4'-[apiosyl-(1->2)-glucoside],-0.025149923678767012,-0.003228308213802031,-0.009226628645178422
"18.26 min | 7-Hydroxy-1,4,5-trimethoxyxanthone 7-O-[b-D-glucosyl-(1->2)-b-D-galactoside]",0.01213544621658992,0.057647418854040094,0.002443571412051518
18.28 min | Isorhamnetin 3-galactoside,0.062215306559931544,-0.028889935134620816,-0.003991911425373958
18.33 min | EPICATECHIN,0.03993924116575672,-0.02247117039012555,0.0055648373140445755
18.33 min | Isolariciresinol 9-O-beta-D-glucoside,-0.00949061719825207,-0.0014904134165666077,0.08161313995576468
18.34 min | Epicatechin 3-O-(3-O-methylgallate),0.04102753248038583,-0.022437586028063426,0.0026542103125740974
18.34 min | 1-[2-(Benzhydryloxy)ethyl]piperidine-4-acetic acid ethyl ester,-0.03108444644064608,-0.003016783048187354,0.028148161348490235
18.35 min | Ellagic acid 2-rhamnoside,0.020737055539825057,-0.00707495604371744,-0.006354468208430473
18.37 min | eriodictyol-7-O-glucoside,0.014198752388240577,-0.004121755919451554,0.005644868676169895
18.37 min | Neryl rhamnosyl-glucoside,-0.012648897413286977,-0.0040779529628428785,0.004212534174262734
18.39 min | Apigenin 7-O-Glucoside,0.006116171374712035,-0.0005284687246350227,0.0004975345900389712
18.39 min | Linalool oxide D 3-[apiosyl-(1->6)-glucoside],-0.014064899583205948,-0.000328724552593238,-0.007716667465129072
18.4 min | Epicatechin 3-O-gallate-(4beta->6)-epicatechin 3-O-gallate-(4beta->6)-epicatechin 3-O-gallate,0.057898047421274856,-0.02552727197656166,-0.008072962891875222
18.4 min | Epicatechin 3-O-gallate-(4beta->6)-epicatechin 3-O-gallate-(4beta->6)-epicatechin 3-O-gallate,0.05651044094278947,-0.027425472979847466,-0.004876332558566161
"18.42 min | 2',4',6'-Trihydroxydihydrochalcone 2'-glucoside",0.015564396342134737,0.07042766179415286,0.0027280238249468907
18.44 min | 3-(4-Hydroxybenzoyl)epicatechin,0.022618041508481634,0.011209491665208952,0.007875931205469647
18.44 min | Dihydroxyphenylacetic acid,-0.013755146879516138,-9.155292011334274e-05,-0.019572913459217526
18.44 min | (-)-erythro-Anethole glycol 1-glucoside,0.007331078335785533,-0.011641312331456313,0.014132638827805962
18.44 min | 4'-O-methyl-(-)-epicatechin-5-O-beta-glucuronide,0.02423269980496703,-0.015643992912162032,0.06116407358268159
"18.44 min | (2R,6x)-7-Methyl-3-methylene-1,2,6,7-octanetetrol 2-glucoside",-0.01468690638344103,-0.0045189269013523195,0.015009556162890061
"18.44 min | 1-[[4-(Dimethylamino)-3-methylphenyl]methyl]-5-(2,2-diphenylacetyl)-6,7-dihydro-4H-imidazo[4,5-c]pyridine-6-carboxylic acid",-0.01927099122791492,-0.0025335135560239103,-0.02002535409981345
18.5 min | Kaempferol 3-glucuronide,0.04722081758874361,-0.01937378735639624,-0.008326755647956213
18.51 min | Ethyl 7-epi-12-hydroxyjasmonate glucoside,-0.03165123203770634,-0.0003104649664527633,0.008985451893861181
"18.54 min | Epicatechin-(2beta->7,4beta->6)-catechin",-0.02262997579264685,0.005406308875016989,-0.008851860438257192
"18.55 min | 6-Feruloylglucose 2,3,4-trihydroxy-3-methylbutylglycoside",-0.0026501484625596526,-0.0029767336576686145,0.013018147771482101
18.55 min | (-)-Epigallocatechin 3-(3-methyl-gallate),0.04207204832387569,-0.02145359453229211,0.004360785406433446
18.56 min | 4'-O-Methylepicatechin 7-O-glucuronide,0.061231307761002385,-0.027562657483783035,0.0010746076055136826
"18.57 min | 3,5-Digalloylepicatechin",0.050711553664229844,-0.01828285980691597,-0.010770334846728527
18.57 min | naringenin-7-O-glucoside,0.04901194127360113,-0.020953832621423255,-0.009137907430455153
18.57 min | 4-Hydroxycinnamic acid,-0.012052772562746795,0.0058060591870840155,-0.005605364541884981
18.57 min | Myricanene B 5-[arabinosyl-(1->6)-glucoside],-0.027984035086849282,-0.0013809193597463724,0.05988644381878866
18.57 min | Benzoic acid,-0.005523446183978665,-0.003838451189486955,0.08651216105850477
18.57 min | Benzoylmalic acid,-0.005696980162877812,-0.00395445470061333,0.08651299696041359
18.58 min | (R)-Rutaretin 1'-(6''-sinapoylglucoside),-0.007810747576200418,0.012910713906116911,0.07931787169300049
"18.59 min | 7,8-Dihydroxycoumarin",0.01909586735947289,0.07472853151991586,0.0001393955384560697
18.59 min | Kudzusaponin SA1,-0.01465257062507423,0.0031130830650948375,-0.002816262388226009
18.6 min | L-Citronellol glucoside,-0.0023841858858548873,-0.002147709438931557,0.006776899122997266
18.6 min | Blumenol C glucoside,-0.01859473415375713,-0.004579116122704028,-0.0056799197552206086
"18.61 min | 2',4',6'-Trihydroxydihydrochalcone 2'-glucoside",0.011695781501240553,0.05792274559410615,0.01446777767793577
18.62 min | Kaempferol 3-O-arabinoside,0.01695344952504567,0.03764670766355928,-0.003993513303494526
18.62 min | 6-Epi-7-isocucurbic acid glucoside,-0.003367767044750812,0.000483784418472191,0.01071121239172971
"18.63 min | ORSELLINIC ACID, ETHYL ESTER",0.014894724938030401,0.07200968909683252,0.0013348363343822969
18.63 min | Neryl rhamnosyl-glucoside,-0.021336965980781754,-0.005762827029895597,0.04564375773620222
18.65 min | Epifisetinidol-(4beta->8)-epicatechin-(6->4beta)-epifisetinidol,0.019113277521492587,0.07449820336999909,-0.0004037779657055809
18.7 min | Epicatechin 3-O-gallate-(4beta->6)-epicatechin 3-O-gallate-(4beta->6)-epicatechin 3-O-gallate,0.05145323149067899,-0.020918605441499843,-0.009728883354686916
18.73 min | Gravolenic acid,-0.003453420945968662,0.003224202077499967,0.0017886937652669406
18.74 min | Torachrysone 8-(2-apiosylglucoside),0.01717630168088972,0.0665854478715495,3.105836797975991e-05
18.75 min | Ichangin 4-glucoside,-0.03615351436538627,-0.00045165641434650566,0.01718496190128516
18.75 min | (S)-Multifidol 2-[apiosyl-(1->6)-glucoside],-0.021791175655865243,-0.002431549112375455,-0.011356412040159922
18.78 min | Naringenin-7-O-rutinoside,-0.00361526157065681,0.0029213519462065627,-0.007871698740300293
"18.78 min | 5-Amino-1-[carboxy(methyl)amino]pentane-1,1,2,2,3,3,4,4,5-nonacarboxylic acid",0.038800727901363984,-0.023552689158407622,0.007721029628666943
18.79 min | 3'-O-methyl-(-)-epicatechin,0.051866187496871434,-0.007747089133214666,0.0038543075680662195
18.8 min | Epicatechin 3-O-(3-O-methylgallate),0.04350542744881607,-0.02042343132798154,0.005793281222061097
18.81 min | Epicatechin 3-O-(3-O-methylgallate),0.05143888844116714,-0.026186879926856775,0.0035635172370581595
18.82 min | 3-Hydroxyphloretin 2'-O-xylosyl-glucoside,-0.018058202945965038,4.8920533620980864e-05,-0.007185562716268789
18.82 min | Phenethyl 6-galloylglucoside,-0.002886883786155084,-0.008383099849980792,0.07342725216814719
18.84 min | 4'-O-methyl-(-)-epicatechin-5-O-beta-glucuronide,-0.007982703818210726,0.0034715424505011457,0.0617593224734194
18.84 min | GALLIC ACID,0.056593720153912126,-0.02521873241422827,-0.008803839864857717
18.85 min | Limocitrin 3-glucoside,0.02888216345471039,0.0693490744617031,0.0027992774545222516
18.85 min | Kaempferol 3-O-arabinoside,0.03269462777485528,0.03149553002217048,-0.006609398785014931
"18.87 min | 3,3'-Digalloylprocyanidin B2",0.06317068603434997,-0.0278549334871328,-0.007572690716187966
18.87 min | ent-Epicatechin-(4alpha->8)-ent-epicatechin 3-gallate,0.06281471317389782,-0.02740678610699538,-0.00725822821337736
"18.88 min | 3,3'-Digalloylprocyanidin B2",0.06199629065682278,-0.029901932479335237,-0.0025024809495786835
18.88 min | Keto-3-deoxy-D-manno-octulosonic acid,-0.0065728613838859674,0.0018838515216724027,0.02350736104052803
"18.93 min | 6,6'-Methylenebis(2,2-dimethyl-4-methanesulfonic acid-1,2-dihydroquinoline)",-0.0009186884662498812,0.047107102729435614,0.039417352104225194
"18.94 min | Kaempferol 3-(2'',4''-di-(Z)-p-coumaroylrhamnoside)",-0.0026901403543099713,0.030713290229959195,0.030226184788312006
18.99 min | eriodictyol-7-O-glucoside,0.020779513481260083,0.06361975959246963,0.006609635052606403
18.99 min | 4'-Methyl-(-)-epigallocatechin 3-(4-methyl-gallate),0.03638224877619704,-0.021699399105023793,0.009446600558364486
19.0 min | Epifisetinidol-(4beta->8)-catechin,0.01894648851338661,0.07384033398915218,-0.00029862533947772757
19.01 min | Sesaminol glucoside,0.018723861219293383,0.07503710458858248,-0.00020138200583177544
"19.01 min | 2',7-Dihydroxy-4'-methoxy-8-prenylflavan 2',7-diglucoside",-0.004934866322966786,0.002935671736854191,0.008468691402247663
19.04 min | Gallic acid,0.05054790739228827,-0.020008157838156293,-0.00993604419066799
19.06 min | Gibberellin A1 glucosyl ester,-0.029167126713261184,-0.003938581708523955,0.03621813435431766
19.07 min | Luteone 7-glucoside,0.018866745827010676,0.07463031974311819,0.00012884030809463777
"19.07 min | Epiafzelechin-(4beta->6)-epicatechin 3,3'-digallate",0.04057793569732237,-0.016658475678246486,-0.00842641676519128
19.08 min | Formononetin 7-(6''-methylmalonylglucoside),0.018178188120047536,0.07359107301657569,0.0011982467635524715
19.13 min | Naringenin,0.0522787142937951,0.005225057327193964,-0.003777845837190993
"19.13 min | 3,5-Digalloylepicatechin",0.04206779385325863,-0.014459590398826628,-0.011043669183428344
"19.21 min | Epigallocatechin-(4b,8)-epicatechin-3-O-gallate ester",0.0408579538705843,-0.009149541101922566,-0.010863791281208238
19.25 min | Kaempferol 3-O-arabinoside,0.021401486014905418,0.03021936728041835,-0.0024737122748595903
19.27 min | naringenin-7-O-glucoside,0.04383528613259522,-0.017165706291403644,-0.008383721546035713
19.27 min | Homovanillic acid,-0.01912345753860761,0.002455464029477158,-0.009218001677440146
19.28 min | Epicatechin 3-O-gallate-(4beta->6)-epicatechin 3-O-gallate-(4beta->6)-epicatechin 3-O-gallate,0.057596603587647725,-0.025632196632276484,-0.007695603941365877
19.29 min | Epicatechin,-0.01996993463871754,0.0009519756357925891,-0.008896219672411856
19.31 min | (-)-Epigallocatechin 3-p-coumaroate,-0.01284726405967532,0.018613934079113117,0.052132174877139816
"19.33 min | 6,6'-Methylenebis(2,2-dimethyl-4-methanesulfonic acid-1,2-dihydroquinoline)",-0.011617717631634378,0.013151939006335782,0.04097630755310895
19.33 min | 4-Hydroxybenzoic acid,0.006360859231952605,-0.005037427023200353,0.01924642772360518
19.36 min | Nonanedioic acid,0.017797619040545824,0.0637099031751036,0.0018997518888773013
19.37 min | 3-Hydroxytetradecanedioic acid.mol,-0.01525670498528701,0.0053604425457902454,-0.001554428331811808
19.38 min | Molludistin 2''-rhamnoside,-0.009422569179595634,-0.0005445197279980798,0.036625209710154635
19.39 min | 6-Epi-7-isocucurbic acid glucoside,-0.021817539088139524,-0.0035502330308733636,0.015641526403464508
19.4 min | Isolariciresinol 9-O-beta-D-glucoside,-0.00642060292117127,-0.0032089788816140508,0.07080550059886581
19.4 min | Homogentisic acid,0.06277802368715495,-0.029699272030697697,-0.0041387433494552844
19.41 min | Ethyl 7-epi-12-hydroxyjasmonate glucoside,-0.022959786829815206,-0.003933858328327296,0.013056829746015141
19.5 min | Vestitone 7-glucoside,0.004730185960826194,0.06601514373485912,-0.005385010710644269
19.56 min | 8-Acetoxypinoresinol 4-glucoside,-0.006017543481563373,0.012119292401268158,0.07329103670477723
19.57 min | 2-Hydroxyadipic acid,-0.01239513102246922,0.002869850119285458,-0.0046285347512580585
19.58 min | ISORHAMNETINE-3-GLUCOSIDE,-0.008321183750807468,0.011873249133366199,0.008810058624653753
19.59 min | Gravolenic acid,-0.0035125460436418662,0.0024519002117362665,-0.0003636887703630725
"19.65 min | 16,17-Dihydro-16alpha,17-dihydroxygibberellin A4 17-glucoside",-0.010243627535150653,-0.0014907692266784012,0.08647533876328768
19.66 min | kaempferide 3-glucoside-7-rhamnoside,-0.009315957991709005,-0.001532288902568839,0.0797554302822839
19.67 min | Lupiwighteone hydrate 7-glucoside,0.01616631084532922,0.06469600651180817,1.4807456368408584e-05
19.67 min | EPICATECHIN,0.019821061938330335,0.058605426343106434,0.005839696069868655
19.67 min | Naringenin,0.03707312180691788,0.037663347466462695,0.03268677374607424
19.68 min | Epicatechin 3-O-(3-O-methylgallate),0.053270912931144616,0.017974814437495473,0.035308747584927004
19.68 min | Tricin 7-glucoside,-0.0005242926806038585,0.0036382621130443753,0.0017738138431223
19.71 min | 3-(4-Hydroxybenzoyl)epicatechin,0.04378517438896281,0.029379472767065463,0.042208386412748634
19.76 min | Xerocomic acid,0.024794476010443444,0.04874327655948757,-0.00858104883763715
"19.77 min | Benzene-1,2,3-tricarboxylic acid",-0.012907305150636064,0.018767825106516558,-0.00867408905440222
19.78 min | (-)-Epigallocatechin 3-p-coumaroate,0.006346337843408375,0.02995938432246137,0.004814444607432894
19.81 min | (-)-Epigallocatechin 3-cinnamate,0.0034095066288670193,-0.003911691706745785,0.007238947102966448
19.82 min | 4'-Methyl-(-)-epigallocatechin 3-(4-methyl-gallate),0.03221282987240105,0.012787435495610927,0.04874342405536663
19.82 min | Myricanene B 5-[arabinosyl-(1->6)-glucoside],-0.02988282714291872,-0.004175916818040813,0.03230473850873111
19.86 min | Neryl rhamnosyl-glucoside,-0.011075853238982844,-0.0033067621391608118,0.02341266534458338
19.88 min | Resveratrol 4'-(6-galloylglucoside),0.010870685294641929,0.06502208666385488,0.0389343753269453
"19.92 min | Epiafzelechin-(4beta->6)-epicatechin 3,3'-digallate",0.03327498933871818,-0.0143327440843248,-0.0028629373866065474
19.94 min | 3-Hydroxyisoheptanoic acid,0.0035173138824115195,-0.029689711778189822,0.027241773242033147
"19.95 min | .beta.-(2,5-Dimethylbenzoyl)propionic acid",-0.012578278563565637,-0.005137995101678265,-0.004040821843077717
19.98 min | 4'-O-Methylepicatechin 7-O-glucuronide,0.05720513430800244,-0.02409013541231364,-0.009665818381187795
20.01 min | (-)-Epigallocatechin 3-p-coumaroate,-0.016346784435438865,-0.0036873016881918265,-0.010972570619602658
"20.04 min | Maclurin 3-C-(2'',3'',6''-trigalloylglucoside)",0.04056485082330002,-0.009532507823134619,-0.01026989271799359
20.09 min | Apigenin-8-C-glucoside,0.0018637708712970272,0.005759453120582957,0.0008599318316893552
20.16 min | FERULIC ACID,-0.02657453130361366,-0.0030566929774187715,-0.022728025887628543
"20.23 min | Epigallocatechin-(4b,8)-epicatechin-3-O-gallate ester",0.04478700477854242,-0.012743617364899788,-0.011945934830697592
20.24 min | Epifisetinidol-(4beta->8)-catechin,0.014883428687827499,0.06842127495738304,0.014040779788607181
"20.24 min | 2',7-Dihydroxy-4'-methoxy-8-prenylflavan 2',7-diglucoside",-0.019426671727751435,-0.001078707817034273,0.018259393626358665
20.27 min | Isolimonic acid,-0.013974494151640267,-0.0014947936926038466,0.0771877837656267
20.31 min | Gibberellin A105,-0.019844962968978697,0.03361108083354341,-0.013895755076371063
20.31 min | Isoorientin 2''-[feruloyl-(->6)-glucoside],-0.01317494766254812,-0.0014684235343817265,-0.009753799526958611
20.36 min | 6-Epi-7-isocucurbic acid glucoside,-0.00424762563878194,0.0024725660650633907,0.02667611227673344
20.37 min | Medicarpin 3-O-(6'-malonylglucoside),-0.02092255791532293,0.0009725545113345304,-0.00660861373082946
20.37 min | 1-(4-(5-Maleimidopentyl)aminobenzyl)ethylenediaminetetraacetic acid,-0.011444310009762426,-0.00011535972896814606,0.003060670783584577
20.38 min | (E)-4'-Methylresveratrol 3-glucoside,0.007365451433774488,0.05449358848277295,0.05306069818572842
20.38 min | Limocitrol 3-glucoside,-0.015614779988041803,-0.0034267322387307496,-0.008504677993576652
"20.42 min | (4R,5S,7R,11x)-11,12-Dihydroxy-1(10)-spirovetiven-2-one 12-glucoside",-0.0016719832762515099,0.0027264670442356223,0.001439456790869121
20.45 min | 3-(4-Hydroxybenzoyl)epicatechin,0.018406975141608713,0.07419975960516074,0.0016231401740868048
20.46 min | 2-Hydroxy-3-[(2-carboxyethyl)thio]-3-[2-(8-phenyloctyl)phenyl]propanoic acid,-0.015895121740971508,-0.0011695040469715725,0.0560932959639572
20.47 min | 1-(4-(5-Maleimidopentyl)aminobenzyl)ethylenediaminetetraacetic acid,0.013918925608570843,0.06852967814398968,0.0035410031601428625
20.47 min | C.I. Acid Green 3,-0.0033399216784733275,0.0071401224307367835,0.004345679090062303
20.49 min | 3-[2-[[2-[[2-Acetamido-3-(4-hydroxyphenyl)propanoyl]amino]-3-methylbutanoyl]amino]propanoylamino]-4-oxobutanoic acid,-0.026797694821286452,-0.005052905077118977,-0.013162340574575299
20.5 min | Myricanol 5-(6-galloylglucoside),-0.010730693333410105,-0.00022332196115873082,0.08013122779251995
20.57 min | Neryl rhamnosyl-glucoside,-0.011066696503722065,-0.004779968834971564,0.019219811884029
20.6 min | 4-Hydroxybenzoic acid,-0.03095106770726915,-0.0056214198916165045,-0.009617413852912194
20.67 min | C.I. Acid Green 3,0.018829537845673126,0.07511173309932415,0.0012942885727400717
20.7 min | Epifisetinidol-(4beta->8)-catechin,0.005663942401262331,0.027984423723939514,0.003922112673001669
20.8 min | Soyasaponin III,-0.015453116059653408,0.0029422996808495267,-0.004970759788247713
20.81 min | Traumatic acid,-0.0017923918185586843,0.00358772917050048,0.0014877335377005167
"20.88 min | Catechin 3',4'-diglucoside",0.005482819823980772,0.026804830224141662,-2.9708150489854628e-05
20.88 min | dihydroquercetin,0.06497530754870762,-0.026629185945987267,-0.00582301128142028
20.94 min | 8-Hydroxypinoresinol 8-glucoside,-0.026964902092575016,-0.004402964931110372,-0.008560639605751166
21.01 min | 3-(Cyclohexylamino)-2-hydroxy-1-propanesulfonic acid,0.00257798420249242,-0.013267855222088072,0.02509767280920284
"21.05 min | (4S,7S,12Br)-7-[[(2R)-2-acetylsulfanyl-3-phenylpropanoyl]amino]-6-oxo-2,3,4,7,8,12b-hexahydro-1H-pyrido[2,1-a][2]benzazepine-4-carboxylic acid",-0.004900165461651807,0.0356420965209079,0.03606638503255967
21.06 min | cis-4-Decenedioic acid,-0.017514125240638796,0.006201961480967965,-0.001072074210810361
21.09 min | 1-(4-(5-Maleimidopentyl)aminobenzyl)ethylenediaminetetraacetic acid,0.009515438941881135,0.0675142768711835,0.010214676897474236
21.11 min | 4-Hydroxybenzoic acid,0.015256887298417609,0.07319008471579097,-0.0007447630496020491
21.14 min | Nb-trans-Feruloylserotonin glucoside,-0.00774856523901794,0.0017832531509602914,0.0007437508314670492
21.19 min | (-)-epicatechin-3'-O-glucuronide,0.04775891229580786,-0.018527829985175548,-0.010286799942638963
21.25 min | Luteone 7-glucoside,0.01618513169290471,0.06525938396244736,3.045634799289533e-05
21.29 min | (-)-Epigallocatechin 3-cinnamate,0.038261279668963234,0.035359718389841525,-0.007049466022746562
21.32 min | 1-(4-(5-Maleimidopentyl)aminobenzyl)ethylenediaminetetraacetic acid,0.010444900992681371,0.07317235850417818,0.01155324326340822
21.35 min | Methyl salicylate O-[rhamnosyl-(1->6)-glucoside],-0.022975188428566065,-0.0010815629573160878,-0.02394779472707662
21.38 min | Epifisetinidol-(4beta->8)-catechin,0.018637579126165545,0.07495378222801581,-0.00023223923046981524
21.55 min | (±)Abscisic Acid,0.024009851320786587,0.010164254763032668,0.021955817245520263
21.55 min | 3-Hydroxytetradecanedioic acid.mol,-0.007078353332778511,0.0010628792387330516,-0.010670515504735183
21.61 min | 7-Hydroxyoctanoic acid.mol,0.018395454780808472,0.06677993240186682,-2.6601517363129685e-05
21.74 min | (+)-Epicatechin,0.016894894003569798,0.06463985524186253,-0.0001688917397745911
"21.83 min | (-)-Epigallocatechin 3,5-di-gallate",0.05835374083677435,-0.02233481532477353,-0.003557896364808792
"21.88 min | Epicatechin-(2beta->7,4beta->6)-catechin",0.0187818326192619,0.07486490432561493,0.0011752519497761683
21.91 min | 2-[(4-{2-[(4-Cyclohexylbutyl)(cyclohexylcarbamoyl)amino]ethyl}phenyl)sulfanyl]-2-methylpropanoic acid,-0.022148665823542222,-0.0035415111533234718,-0.0034924365809735083
21.97 min | SEBACIC ACID,0.01848372187038925,0.046416617397901525,0.004613917606436734
22.01 min | Luteolin,-0.00034701987659769196,0.04705585478589294,-0.01524051888025724
22.1 min | Phenylpyruvic acid,0.017425389710892268,0.07412744737272765,0.002013404354470892
22.12 min | Dodecanedioic acid.mol,-0.025891773636370977,-0.0013550371551108368,-0.0062342736360263265
22.12 min | xi-7-Hydroxyhexadecanedioic acid,-0.024449850828707084,-0.003313224991675238,-0.020998942796157095
22.14 min | Protobassic acid,-0.008534300588210043,-0.0032046867267749744,0.05153416459999814
22.16 min | Indole-3-acetylglutamic acid,-0.017167837712494766,-0.014717108811031372,0.021726703959461788
22.25 min | 4'-O-methyl-(-)-epicatechin-3'-O-beta-glucuronide,-0.021676887064922854,-0.0012631141642524023,-0.010972746980932459
22.26 min | Hulupinic acid,0.0047609992026927065,0.006362082083439556,0.0020715989720666668
22.42 min | glutamic acid betaine,-0.03131172512613186,0.001303391553316313,0.009256273840174628
22.44 min | kaempferide 3-glucoside-7-rhamnoside,-0.015677069523017218,0.019837816212418216,-0.006468016554187391
22.65 min | (-)-Epigallocatechin 3-cinnamate,0.018543541437271004,0.0727981646913874,7.59625158421967e-05
22.65 min | 8-Hydroxypinoresinol 8-glucoside,0.017258202830316257,0.0722929466554212,-4.493041564145336e-06
22.69 min | (1'R)-Nepetalic acid,-0.009258944425168184,0.015334786244871695,0.03692400266904524
22.8 min | glutamic acid betaine,0.004298857571398722,0.06662228690611051,-0.006135237617523903
22.86 min | Methylenediphosphonic acid,-0.0037104626770591595,-0.015535001682792052,-0.01803310152105976
22.87 min | 1-(4-(5-Maleimidopentyl)aminobenzyl)ethylenediaminetetraacetic acid,-0.017097293910887178,0.04860411348107494,0.017448195814274342
22.88 min | Hesperetin 7-glucoside,0.04648735572023632,-0.018178109718828984,-0.010876466129391834
22.94 min | Methyl nomilinate 17-glucoside,-0.03745340375271297,-0.0005787742483495399,0.008745597664245357
22.94 min | 7-Methyl-cholic acid,0.032422860491851786,-0.00929080880263512,-0.011004619906877693
23.04 min | ent-Epicatechin-(4alpha->8)-ent-epicatechin 3-gallate,0.0369784630113268,-0.013278535000136834,-0.010720379953671172
23.06 min | glutamic acid betaine,-0.01793908768148212,0.022097228957050907,0.010045665298381305
23.1 min | kaempferol 3-rhamninoside,-0.02936854717146475,0.01640747473790165,0.010013242557631162
23.14 min | kaempferide 3-glucoside-7-rhamnoside,0.029651724709400005,0.02005822755217352,-0.012031628604893908
23.15 min | Protobassic acid,-0.014597335113631935,-0.0019763839438944595,0.04411517009767438
23.26 min | Pressinoic acid,0.01874882631341281,0.07489824933496611,0.0016979221021366626
23.3 min | 2-[1-[2-[(4-Carbamimidoylbenzoyl)amino]-3-(4-hydroxyphenyl)propanoyl]piperidin-4-yl]oxyacetic acid,0.005667745576286316,-0.008108956956366625,0.019949499609142655
23.3 min | 4-Methoxycinnamic acid,0.020221347758202387,-0.014335657165530466,-0.019193986000366352
23.31 min | (-)-Catechin gallate,0.0529964369066523,-0.02546211844106765,-0.005664992214736693
23.4 min | glutamic acid betaine,-0.020067713425295102,0.012573183824255133,0.012121315568187135
23.4 min | Methylenediphosphonic acid,-0.0061866303060459015,-0.0041622573600123445,0.0026816338672488193
"23.48 min | 3-Hydroxylup-20(29)-ene-23,27,28-trioic acid",-0.004823002506858793,-0.004569895763100556,0.013482149869369086
23.54 min | Phthalic acid,0.018935710271232614,0.07483777653073272,1.4022008899569697e-05
23.54 min | 4-Hydroxyphenylpyruvic acid,0.017647076854451386,0.0745112732757883,3.293017216883205e-05
23.57 min | C.I. Acid Green 50,-0.023701845076425993,-0.002779478957782448,-0.011301545021974696
23.67 min | kaempferol 3-rhamninoside,-0.019140863662020065,0.023514588350520248,0.011044348485803676
23.7 min | Methyl salicylate O-[rhamnosyl-(1->6)-glucoside],0.017653761786155846,0.07513496610380167,-0.0005444672179134366
23.7 min | glutamic acid betaine,-0.008736905554053149,0.028563206507566583,0.005532829843589205
23.73 min | glutamic acid betaine,-0.021113425542774983,0.014858262988209654,0.005653564834811351
"23.79 min | (S)-7-(3-Amino-1-pyrrolidinyl)-1-cyclopropyl-6-fluoro-1,4-dihydro-4-oxo-1,8-naphthyridine-3-carboxylic acid",-0.011708807188345466,-0.004583924737022785,0.022503241345196417
23.82 min | Neryl rhamnosyl-glucoside,-0.018172310245597036,-0.005690291427117477,-0.015041231462439271
23.85 min | 6-(D-alpha-(3-Guanylureido)phenylacetamido)penicillanic acid,-0.010370296336987552,0.009611281895977902,0.003256565620317864
23.91 min | 19-Hydroxycinnzeylanol 19-glucoside,-0.03675400283689376,-0.0034815548315396093,0.009159278005593874
23.95 min | Saponin H,-0.00960401545970584,-0.0015667224173687418,0.08481067006873963
24.03 min | Myricanol 5-(6-galloylglucoside),0.019108883793296106,0.0748994991552707,4.960321189951172e-05
"24.05 min | trans-p-Menthane-1,7,8-triol 8-glucoside",0.04528387337959627,-0.01905006058979853,-0.00865314484938151
"24.07 min | (S)-2,3-Dihydro-3,5-dihydroxy-2-oxo-3-indoleacetic acid 5-glucoside",0.0325906221819226,-0.010206417576144294,-0.010934313827653993
"24.09 min | 7-Methyl-1,4,5-naphthalenetriol 4-[xylosyl-(1->6)-glucoside]",0.018804482971203768,0.07504131066409823,0.0006508658314492527
24.17 min | xi-7-Hydroxyhexadecanedioic acid,-0.0021307511655433036,0.00375633172568506,-0.007466495641048244
"24.23 min | 3,5-Digalloylepicatechin",0.053344038635632404,-0.021795781806257453,-0.011353379858111273
"24.24 min | (11E,15Z)-9,10,13-Trihydroxy-11,15-octadecadienoic acid",-0.018745822813355524,0.0029464272585069027,0.004762914012034989
24.31 min | Methyl nomilinate 17-glucoside,-0.041674504490655476,-0.0036821193260492364,-0.009139309346110638
24.48 min | Pressinoic acid,0.01787600453563708,0.07529471579944803,-0.0002138499732415305
"24.48 min | 2-(3,7,11-Trimethyldodeca-2,6,10-trienylsulfanyl)benzoic acid",-0.011122216820443055,0.0012053377212269394,0.027505531979913664
24.59 min | Jasmonic acid,0.004390604726966765,-0.0024258218712324762,-0.010481374025197068
24.61 min | 8-Acetoxy-4'-methoxypinoresinol 4-glucoside,0.019094142103911527,0.07499810280569924,6.058105187147496e-05
24.79 min | Myricanol 5-(6-galloylglucoside),0.018842990417959234,0.07370667011116838,9.410695866271357e-05
24.81 min | Methyl salicylate O-[rhamnosyl-(1->6)-glucoside],0.01904503050881116,0.07463593236585432,0.00012338025933518665
"24.82 min | 9,10,13-Trihydroxystearic acid",0.023831250227850053,0.0718225397469304,-0.0022362844656924072
24.85 min | (±)-Naringenin,0.008643212522944959,0.011825708385448575,-0.0017086489369904086
25.08 min | Kaempferol,-0.002424208946969156,0.0016084750944611083,0.0007554042270375027
25.22 min | Medicagenic acid,-0.02008699757269585,0.0019040752486284888,0.007272400877062217
"25.23 min | (Z)-5,8,11-trihydroxyoctadec-9-enoic acid",-0.018420802538513095,0.00652636212612083,-0.0038101325314256296
25.25 min | Phthalic acid,0.01903196732507298,0.07463530798622867,0.00036420469287175105
25.32 min | Traumatic acid,-0.001580800753558256,0.002039261027773416,0.0020905242919719374
"25.4 min | (Z)-9,12,13-trihydroxyoctadec-15-enoic acid",0.006313375617887451,0.03632301110583563,-0.0007343478938891389
"25.4 min | (11E,15Z)-9,10,13-Trihydroxy-11,15-octadecadienoic acid",-0.0009494363439376432,0.012547253983040652,-0.004582704702158754
25.51 min | Traumatic acid,0.0056596647914611406,0.05146816505256907,-0.003186614167591524
25.61 min | 4-Hydroxy-3-(3-methyl-2-buten-1-yl)benzoic acid,-0.007966036258369315,0.002625302661676316,-0.009494159727841546
25.69 min | 3'-Prenylapigenin 7-[rhamnosyl-(1->6)-glucoside],0.018864006796476866,0.0749183070887624,0.000594169053846104
25.69 min | Protobassic acid,-0.017508462282665487,-0.0023269714852239163,0.04466078446208295
"25.75 min | (S)-10,16-Dihydroxyhexadecanoic acid",0.02614521951921821,0.0638641004527798,-0.003328197683948426
25.8 min | (7'R)-(+)-Lyoniresinol 9'-glucoside,0.027277435197839685,0.07156266312899334,-0.0017945209903162417
25.88 min | beta-D-3-[5-Deoxy-5-(dimethylarsinyl)ribofuranosyloxy]-2-hydroxy-1-propanesulfonic acid,0.020588752207966306,-0.01465997664837294,0.00435750969647317
25.91 min | Medicagenic acid,-0.0071382057478121845,-0.004233033944585901,0.007268364166073504
26.02 min | Phenylpyruvic acid,0.01903461049226435,0.07428786969145466,-0.00011655591748171346
26.06 min | Dodecanedioic acid.mol,0.021801733566579832,0.05027851754765247,-0.003280805912564005
26.06 min | 6-[Ethyl-(3-isobutoxy-4-isopropylphenyl)amino]nicotinic acid,0.007486318136017425,0.0076375420478111255,0.012775080653343531
"26.13 min | Viniferin 3&apos;,5&apos;-diglucoside",0.019130180172602904,0.07498015572252531,-0.00027290606554802746
26.14 min | beta-D-3-[5-Deoxy-5-(dimethylarsinyl)ribofuranosyloxy]-2-hydroxy-1-propanesulfonic acid,0.004987285917630575,-0.009803502673021295,0.000243854183950498
"26.27 min | (5R,6S)-3-(2-Carbamoyloxyethylsulfanyl)-6-(1-hydroxyethyl)-7-oxo-4-thia-1-azabicyclo[3.2.0]hept-2-ene-2-carboxylic acid",0.007689480349425126,0.0018467841097674028,-0.004437387217193251
26.28 min | (Â±)-3-Hydroxynonanoic acid,0.015425800396694916,0.009039838883338114,0.022106556339400486
26.29 min | Thelephoric acid,-0.000890264857621411,-0.004372693312439879,-0.008232589717201472
26.35 min | 8-Hydroxypinoresinol 8-glucoside,0.018785001817607998,0.07371496893402485,0.0001460944981502926
26.45 min | Ranelic acid,0.004720434630343812,-0.019398971259385923,0.008652455883601971
26.5 min | Benzoylmalic acid,-0.01071770743063373,-0.029457213532722692,0.0044562008987653594
26.52 min | Monoisobutyl phthalic acid,0.0038335861222095202,0.0186254559855078,0.015437802738057732
26.52 min | (R)-5-Diphosphomevalonic acid,0.002870346159688069,0.002065951511957054,-0.019895916083133725
26.55 min | Thelephoric acid,-0.008627322693434145,-0.015273650728465475,0.023808574682070423
26.57 min | 13-Hydroxy-9-methoxy-10-oxo-11-octadecenoic acid,-0.015990329494942345,0.0022170335334402366,-0.0091319115587247
26.63 min | 8-Acetoxy-4'-methoxypinoresinol 4-glucoside,0.019010635587544022,0.07444584983105175,3.0173834388123854e-05
26.72 min | Ranelic acid,-0.011699015157944533,-0.008221525237765783,-0.0019709894348678525
26.74 min | 2-[(4-Benzamidophenyl)sulfonylamino]acetic acid,0.00541631564097949,-0.006678696667108617,0.000112287711284178
26.76 min | Traumatic acid,0.015278640667433003,-0.024054049487464164,0.019174436930179038
26.79 min | Isonuatigenin 3-[rhamnosyl-(1->2)-glucoside],-0.00838909525653906,-0.001188846886573902,0.07367385951425698
26.83 min | Hexadecanedioic acid,0.02437884820930712,0.07140596019006652,-0.00012044655518692484
26.83 min | Thelephoric acid,-0.0034777782030785574,-0.0028861125116845503,-0.007834174102299486
26.9 min | 3-Hydroxycapric acid,0.015966607080901703,0.0668785730014213,-0.002437343754127669
26.97 min | Ranelic acid,0.007223632951930306,0.00519527534092861,0.005033480410746564
26.97 min | Cucurbic acid,-0.0016624837432070282,0.003592466225629577,0.0013294964307732555
27.03 min | 2-[(4-Benzamidophenyl)sulfonylamino]acetic acid,0.006382355906672015,0.012878553297863452,0.010073590335850412
27.09 min | (R)-3-Hydroxy-5-phenylpentanoic acid,0.0145646494360556,0.007249658708012602,0.005852644664231948
27.24 min | Ranelic acid,-0.012049425694722768,0.014401644472076026,-0.01985441989901792
"27.25 min | 1,11-Undecanedicarboxylic acid",0.008914040566466157,0.0494931769817504,0.003648467450003304
27.3 min | Protobassic acid,-0.0154579575884573,-0.0019003285804760441,0.011741758423266633
27.33 min | Maslinic acid 3-O-b-D-glucoside,-0.009675327452218262,-0.0014635504811959157,0.08578778659795488
"27.52 min | 3-Hydroxylup-20(29)-ene-23,27,28-trioic acid",-0.01391822442227504,-0.007638897505430678,0.019349861255495825
27.53 min | Ganoderic acid beta,2.5833388641566728e-05,0.011671383360028409,0.0497024665835305
27.62 min | 7-Aminocephalosporanic acid,-0.004984107239502657,-0.011762247202472337,0.0006663609824711192
27.63 min | 2-[(4-Benzamidophenyl)sulfonylamino]acetic acid,-0.012452194431275217,0.000996268322515883,0.0038098667175936675
"27.66 min | (2R)-2-{(1R)-2-Oxo-1-[(2-thienylacetyl)amino]ethyl}-5,6-dihydro-2H-1,3-thiazine-4-carboxylic acid",-0.009041537399991995,-0.010131980139726821,0.008331715797018337
"27.68 min | 9,10,13-Trihydroxystearic acid",-0.006259923139324074,0.034202288585998705,-0.02667953285524871
27.7 min | 8-Hydroxyluteolin 8-glucoside 3'-sulfate,-0.0038686455752320577,0.009079574347303832,-0.01718535814690832
27.74 min | Bassic acid,-0.01091959810421838,-0.00247332649435414,0.05893896137248103
27.76 min | Ellagic acid arabinoside,-0.00948472281205399,-0.008418629775704891,-0.011690688404684874
27.77 min | uric acid citrate,-0.0007839217281690348,-0.008239072560847265,-0.0019076248365795365
27.82 min | Bismuth Subsalicylate,0.0016032848050900094,-0.011702966109140194,0.00022249748743337835
27.87 min | 7-Aminocephalosporanic acid,0.005055357768218588,-0.007669768609942052,0.009560621474222144
27.93 min | 3-Hydroxycapric acid,0.02287676631280806,0.04045191794731853,0.01164800852695966
"27.94 min | (S)-10,16-Dihydroxyhexadecanoic acid",0.023236611208100506,0.03488539235741046,-0.005189437501359592
"27.98 min | (5R,6S)-3-(2-Carbamoyloxyethylsulfanyl)-6-(1-hydroxyethyl)-7-oxo-4-thia-1-azabicyclo[3.2.0]hept-2-ene-2-carboxylic acid",0.00807833043405795,0.013588261681908029,-0.031197937359301015
27.99 min | Hexadecanedioic acid,0.013986859060677275,0.055492743787060074,-0.003842124962055754
28.01 min | uric acid citrate,-0.012094405298436374,0.011682845808102384,0.0007785918261323782
28.01 min | Gossypetin 8-glucoside 3-sulfate,0.0012598426337166338,-0.010928451881926487,0.012663326717652596
28.06 min | Medicagenic acid,-0.010884435259946207,-0.005118959904579628,-0.011319074764242919
28.08 min | Orotidylic acid,0.005471769496030939,0.009460784998711096,0.0018975473828572815
"28.12 min | 3,7-Dimethylquercetin",0.019089483107008032,0.07504321293166032,9.450979051413642e-05
28.14 min | Prehumulinic acid,-0.01799988069217616,-0.009937236181796658,0.018884833265903914
28.15 min | Hydroxy-2-naphthalenylmethylphosphonic acid tris-acetoxymethyl ester,0.010998701446865142,0.009021688643543172,-0.008893049235880907
"28.15 min | (4aS,6aS,6bR,9R,10R,11R,12aR)-10,11-dihydroxy-9-(hydroxymethyl)-2,2,6a,6b,9,12a-hexamethyl-1,3,4,5,6,6a,7,8,8a,10,11,12,13,14b-tetradecahydropicene-4a-carboxylic acid",-0.011321537923069207,-0.0018519353121516035,0.03557021153398118
"28.16 min | 2',7-Dihydroxy-4'-methoxy-8-prenylflavan 2',7-diglucoside",-0.014037133585863849,-0.0006084883436041931,0.08177690710311883
28.26 min | Octadecanedioic acid,0.011612418467772024,0.0637438724709064,-0.0022697671334610983
28.26 min | 1-Palmitoyl Lysophosphatidic Acid,0.0009980692431502505,0.015663382975546168,0.005308856908277972
28.28 min | Gossypetin 8-glucoside 3-sulfate,0.0020191709968066835,-0.011315841416798084,-0.0008268674767263578
"28.32 min | 5-Amino-1-[carboxy(methyl)amino]pentane-1,1,2,2,3,3,4,4,5-nonacarboxylic acid",-0.011178624734330773,-0.0005570318982476621,-3.646269884450446e-05
"28.34 min | (S)-10,16-Dihydroxyhexadecanoic acid",0.018541124449554247,0.07469765240898078,-0.0007612508774763746
28.49 min | Fasciculic acid A,0.009259125406115834,0.012951103746614323,-0.00016201137431235964
28.54 min | 1-Oleoyl Lysophosphatidic Acid (sodium salt),0.0028526067057512558,0.018986004846945247,0.000532457093496464
"28.57 min | 5-Amino-1-[carboxy(methyl)amino]pentane-1,1,2,2,3,3,4,4,5-nonacarboxylic acid",0.0009590004849777636,0.014662967577288489,-0.00878067109039059
28.65 min | Orotidylic acid,-0.01115749628154083,0.002021180275492336,0.01176373840208962
28.67 min | 12-Hydroxydodecanoic acid,0.016254519246692564,0.06209033895366123,6.62063484803632e-05
28.67 min | Ranelic acid,0.0073693847829037285,0.0006235045871292229,0.009648997937352435
"28.82 min | Succinic acid, sulfo-, 1,4-dioctyl ester",-0.0010604262492843759,-0.0033917366916885075,-0.002617556855334332
"28.82 min | 5-Amino-1-[carboxy(methyl)amino]pentane-1,1,2,2,3,3,4,4,5-nonacarboxylic acid",-0.003924078732033717,0.0067882619900212,-0.013383040812046661
28.9 min | [2-(hexadecanoyloxy)-3-[octadec-11-enoyloxy]propoxy]({[2.3.4.5.6-pentahydroxycyclohexyl]oxy})phosphinic acid,-0.00982987120230504,-0.000648419980900351,0.018735993787551204
28.9 min | Gossypetin 8-glucoside 3-sulfate,-0.004326924996454489,0.004728473712994345,-0.01977262389875768
28.94 min | 8-Hydroxyluteolin 4'-methyl ether 8-glucoside-3'-sulfate,0.018629776735299648,-0.009045554238115351,0.0008369418776483694
"29.04 min | 1-Acetyl-3,14,20-trihydroxywitha-5,24-dienolide 3-glucoside",-0.03141719640194042,-0.00033012416221971726,-0.025797990847083854
29.09 min | [2-(hexadecanoyloxy)-3-[octadec-11-enoyloxy]propoxy]({[2.3.4.5.6-pentahydroxycyclohexyl]oxy})phosphinic acid,-0.010444731416364851,9.05316467080875e-05,0.022369933624560873
29.18 min | 8-Hydroxyluteolin 4'-methyl ether 8-glucoside-3'-sulfate,-0.0034774102114555417,-0.009040759208995004,-0.0002949789583771829
29.19 min | Orotidylic acid,-3.339017168374339e-05,0.0006972873867336348,-0.006683031067836586
29.22 min | Medicagenic acid,-0.00867496069838671,-0.0020900365264236195,0.07228672966118495
29.31 min | Octadecanedioic acid,0.01598826299570924,0.06917156654813568,-0.005162151580911647
"29.42 min | (S)-10,16-Dihydroxyhexadecanoic acid",0.007132222887417013,0.03863912552024666,-0.01599806177664235
29.43 min | 8-Hydroxyluteolin 4'-methyl ether 8-glucoside-3'-sulfate,0.013012774759318781,0.005314861251106002,0.0062930829242573766
29.47 min | Phosphoaminophosphonic acid-adenylate ester,0.0033344017910325284,-0.0027586615657862515,-0.005758451835933743
29.49 min | 8-Hydroxyluteolin 8-glucoside 3'-sulfate,0.005415665502090365,-0.0038521167839530904,0.008919622631070587
29.51 min | Bassic acid,-0.01042954700532114,-0.002396412217555122,0.07905336943573348
29.55 min | Corchorifatty acid F,0.010505090689289794,0.03640097080345873,-0.0059146071131088735
29.56 min | Sanguisorbic acid dilactone,-0.0024996214744195423,-0.008721951642742056,0.019026853502029623
"29.58 min | 3,12-dihydroxy-4,6a,6b,11,12,14b-hexamethyl-1,2,3,4a,5,6,7,8,9,10,11,12a,14,14a-tetradecahydropicene-4,8a-dicarboxylic acid",-0.009363107385197333,-0.005200903417058642,0.011202228781803882
29.59 min | Bismuth Subsalicylate,0.0015806284256673412,0.0029555620468870443,0.0022299735785503896
29.67 min | 8-Hydroxyluteolin 4'-methyl ether 8-glucoside-3'-sulfate,-0.002449337638095435,-0.0025355393232044097,0.0012781993496276554
"29.69 min | 12-Oxo-2,3-dinor-10,15-phytodienoic acid",-0.0023158657531324074,0.041479504833579914,0.0015799789102719192
29.75 min | 8-Hydroxyluteolin 8-glucoside 3'-sulfate,-0.00594707745142409,0.01127388227043231,-0.0024142361250442885
29.86 min | Oleanolic acid 3-[glucosyl-(1->4)-xyloside],-0.0012700031025560982,0.004209463919216209,0.0005302031006945079
29.88 min | Hexadecanedioic acid,0.017824654227522736,0.0699410758404313,0.000275217667166048
29.89 min | Corchorifatty acid F,-0.0018685037933706223,0.013495815830655697,0.004090459902117282
"29.89 min | (2'E,4'Z,7'Z,8E)-Colnelenic acid",-0.005889897835003191,0.0035126644006047555,-0.0033262892945789394
29.96 min | 8-Hydroxyluteolin 4'-methyl ether 8-glucoside-3'-sulfate,-0.011770506780212716,-0.004431957424371628,-0.004983571643931653
30.0 min | 8-Hydroxyluteolin 8-glucoside 3'-sulfate,-0.00787627591967619,-0.002609507817265435,-0.010391005883714678
30.04 min | Ranelic acid,0.016949777175594958,0.05156714370610221,-0.00894869900726401
"30.08 min | Succinic acid, sulfo-, 1,4-dioctyl ester",-0.013659672523934479,-0.003368157927252952,-0.0015498841130044902
30.1 min | 8-[3-oxo-2-[(E)-pent-2-enyl]cyclopenten-1-yl]octanoic acid,-0.008259003309221651,0.000931884707981711,-0.0034682349772289477
30.2 min | 1-Oleoyl Lysophosphatidic Acid (sodium salt),0.014001375877736704,0.05164174612516005,-9.220285522693801e-05
30.22 min | Octadecanedioic acid,-0.007783367759614181,-0.008990014379025685,-0.0032689730833061616
30.23 min | Corchorifatty acid F,-0.005080935587525759,0.0004944804818310636,0.0055203929584890545
30.27 min | Hexadecanedioic acid,0.023743438424287368,0.06796142723344242,-0.0021717368395278635
30.34 min | [2-(hexadecanoyloxy)-3-[octadec-11-enoyloxy]propoxy]({[2.3.4.5.6-pentahydroxycyclohexyl]oxy})phosphinic acid,-0.016358159645494127,-0.0023668500452070466,0.033418987566240246
"30.37 min | Succinic acid, sulfo-, 1,4-dioctyl ester",-0.016022130041531815,-0.0026484651527387496,0.028169021131938806
30.47 min | Ursodeoxycholic acid 3-sulfate.mol,0.035459885739511025,-0.008361781470416288,-0.008935368374316584
30.51 min | Monoethylhexyl phthalic acid,0.022011210454469746,-0.019335934550558806,0.009873649417868698
30.52 min | Uridine diphosphate glucuronic acid,-0.015125747125675819,0.004864810481191105,-0.008343554876208841
30.55 min | 3-Oxohexadecanoic acid,0.017572380772056775,0.07421881199049012,-0.0017206618465106247
30.55 min | Bassic acid,-0.004233091381697374,-0.00576047515669902,0.0034477616814671055
30.62 min | Oleanolic acid 3-[glucosyl-(1->4)-xyloside],-0.0011864989206476415,0.004344219209902016,0.0002809405770033839
30.68 min | [2-(hexadecanoyloxy)-3-[octadec-11-enoyloxy]propoxy]({[2.3.4.5.6-pentahydroxycyclohexyl]oxy})phosphinic acid,-0.008285851682806525,0.00836615221923618,-0.0014168762627532485
30.71 min | Uridine diphosphate glucuronic acid,0.006641428702490395,-0.0056270795360835206,-0.007861780237990909
30.71 min | 2alpha-Hydroxypyracrenic acid,-0.008781661853078906,-0.0015522592897950073,0.0796435542367448
30.73 min | Monoethylhexyl phthalic acid,0.005904939008279942,-0.0014164401839031214,0.0014025258936719341
30.75 min | Gambogic acid,-0.03571019789820901,-0.0017730849389018847,-0.029807200136481415
"30.76 min | (2'E,4'Z,7'Z,8E)-Colnelenic acid",-0.004009630059386921,0.004337545512809199,-0.002738472599751151
30.76 min | alpha-Linolenic acid,-0.036098359043313814,-0.001858099879613061,-0.02947977034892752
"30.82 min | Succinic acid, sulfo-, 1,4-dioctyl ester",-0.007861070697004804,-0.0020686412023083705,0.023561888995043002
30.88 min | Maslinic acid,-0.011605131416625353,-0.001801270109010092,0.08246371259174544
30.89 min | Uridine diphosphate glucuronic acid,0.010832224265996728,0.019371572942285118,-0.010115733053621904
30.91 min | [2-(hexadecanoyloxy)-3-[octadec-11-enoyloxy]propoxy]({[2.3.4.5.6-pentahydroxycyclohexyl]oxy})phosphinic acid,-0.014011919737445987,0.0007055544587310554,0.01550749955298931
30.92 min | 3-O-trans-Feruloyleuscaphic acid,-0.010062592664480468,-0.0015891365499617447,0.08558724564094898
30.96 min | Monoethylhexyl phthalic acid,-0.016885342686474146,-0.0042204560817683204,0.02273369607761629
31.08 min | 2-Hydroxyhexadecanoic acid,0.01878637390793798,0.0008693425693799392,-0.00662620666281903
31.12 min | Gambogic acid,-0.014827044101086099,-0.0028282981991037074,-0.020934798345888718
31.25 min | [2-(hexadecanoyloxy)-3-[octadec-11-enoyloxy]propoxy]({[2.3.4.5.6-pentahydroxycyclohexyl]oxy})phosphinic acid,0.010815109615476689,-0.01369270077666741,-0.016657446730660327
31.32 min | Oleanolic acid 3-[glucosyl-(1->4)-xyloside],0.003530796592594763,-0.006083819535552058,0.010872673989168389
31.42 min | Ganoderic acid beta,-0.012632271354806308,-0.00546334160338477,0.07156448927272205
31.43 min | 2-Hydroxyhexadecanoic acid,0.019131542518900303,0.0749411408981961,0.00010371365395827665
31.45 min | Monoethylhexyl phthalic acid,-0.0041747997454900905,0.017410811271853222,-0.0361410989371126
31.46 min | Palmitic Acid,0.03438436628571556,-0.02147008076818414,0.007859272740551542
31.46 min | Maslinic acid,-0.016011191106063215,-0.001044922784167979,0.06108731285084534
31.55 min | alpha-linolenic acid,0.009454351452788437,0.06168017518177773,-0.0018708487998332914
31.61 min | Valerenic acid,0.017650198040237645,0.005986814456672331,0.019095623716934493
31.66 min | [2-(hexadecanoyloxy)-3-[octadec-11-enoyloxy]propoxy]({[2.3.4.5.6-pentahydroxycyclohexyl]oxy})phosphinic acid,0.006830930279722538,-0.004367134399087555,-0.010981272222152751
31.7 min | Glucoconvallasaponin B,-0.015146976966004968,-0.0027995159677879702,-0.026344850850564736
"31.76 min | 12-Oxo-2,3-dinor-10,15-phytodienoic acid",0.018132160848865507,0.07042617592156944,8.799762560703564e-05
"31.76 min | 2,4-Di-tert-butylphenol",0.017645175319697486,0.07012823500149239,-0.00048404920047162065
31.79 min | Glycyrrhetinic acid,-0.011666627460752366,-0.005234623326623399,0.009260294523185353
31.95 min | ISOPALMITIC ACID,0.0369886422917973,-0.023094506624702957,0.0034579236873868006
31.96 min | [2-(hexadecanoyloxy)-3-[octadec-11-enoyloxy]propoxy]({[2.3.4.5.6-pentahydroxycyclohexyl]oxy})phosphinic acid,-0.02057031036977833,-0.001224882922092668,-0.017827325310826828
"31.99 min | cis-9,10-Epoxystearic acid",0.020454228218623888,-0.000954366171708608,-0.007400216185438003
32.04 min | Maslinic acid,-0.006250570207807958,-0.004562412148376955,0.0218556332322912
32.06 min | maslinic acid (3-O-trans-p-Coumaroyl-),-0.008183287536860382,0.0004767722568326458,0.07838073147210535
"32.09 min | (2S,3S,4S,5R)-6-[2-(3,4-Dihydroxyphenyl)-7-hydroxy-4-oxo-3-sulfooxychromen-5-yl]oxy-3,4,5-trihydroxyoxane-2-carboxylic acid",-0.004651767106556086,0.005955471293669929,-0.018997058499662177
32.28 min | 2-Hydroxymyristic acid,0.017694610958455308,0.07417823012515633,0.0008273908004665233
32.3 min | [2-(hexadecanoyloxy)-3-[octadec-11-enoyloxy]propoxy]({[2.3.4.5.6-pentahydroxycyclohexyl]oxy})phosphinic acid,-0.018777123535141875,0.0223848891221136,0.008692171848168702
32.31 min | Maslinic acid,-0.009084265956901167,-0.004993294215320121,0.013655545105954844
"32.39 min | cis-9,10-Epoxystearic acid",0.018376639305125123,0.0752822400333712,-0.000412693899368531
32.42 min | Protobassic acid,-0.008899045780284524,-0.001855694962843423,0.0752518870633787
32.44 min | 3alpha-O-trans-Feruloyl-2alpha-hydroxy-12-ursen-28-oic acid,0.007666184654035322,0.04855436908252628,0.04885581676595327
32.57 min | 2alpha-Hydroxypyracrenic acid,-0.009300656470488576,-0.0014915793766085066,0.08415426835428855
32.79 min | [2-(hexadecanoyloxy)-3-[octadec-11-enoyloxy]propoxy]({[2.3.4.5.6-pentahydroxycyclohexyl]oxy})phosphinic acid,-0.019445147830215493,0.010046312584299666,0.008088333117230898
"32.8 min | 2,4-Di-tert-butylphenol",-0.0069466523350907305,-0.02794041664478465,0.02042993226008186
32.87 min | Ganoderic acid DM,-0.01150447430731096,-0.005218395474175256,0.03596501538815482
32.94 min | 2-Hydroxyhexadecanoic acid,0.01868730690483444,0.07092483416138179,0.006054941650747111
"32.99 min | (2S,3S,4S,5R)-6-[2-(3,4-Dihydroxyphenyl)-7-hydroxy-4-oxo-3-sulfooxychromen-5-yl]oxy-3,4,5-trihydroxyoxane-2-carboxylic acid",0.001130615335290558,-0.005994319897393278,0.003586211430824222
"33.05 min | 9-hydroxy-10,12-octadecadienoic acid",0.016993939693662176,0.0732594981065707,-0.0008011204319074155
33.08 min | 3-Oxohexadecanoic acid,0.019692490700553206,0.07333869816092889,0.0011802570654933795
33.09 min | Polyglycerol esters of fatty acids,0.002818175511014878,-0.0089118675552511,0.0027197763153642388
33.13 min | 10-Hydroxymyristic acid methyl ester,0.021391989987815385,0.07158476557575885,-0.00045734279460189927
33.16 min | Corosolic acid,-0.012115924179673188,0.004095341640840429,0.017137753263866615
33.18 min | 12-Hydroxyoctadecanoic acid,0.018489763178614883,0.0702586976538844,0.002814342187611096
33.25 min | Dodecanoic acid,0.020135270257573827,0.07163364090872545,0.0005607454378568688
33.57 min | 12-Hydroxyoctadecanoic acid,0.018804069605412022,0.07431357471727386,6.913624089145917e-05
33.58 min | maslinic acid (3-O-trans-p-Coumaroyl-),-0.009533388899606709,-0.0014663385168700023,0.08594596427235976
"33.59 min | cis-9,10-Epoxystearic acid",0.012368154115814782,0.04866334339773147,0.0026268219879225646
33.63 min | Glycyrrhetinic acid,-0.014974448253101952,-0.0030775229843482917,0.06778948723474876
33.66 min | maslinic acid (3-O-trans-p-Coumaroyl-),-0.009150034067493339,-0.0011654987634293894,0.0836490186284204
33.72 min | 3-Oxooctadecanoic acid,0.01057848269233947,0.04390743793273991,4.951551740311349e-05
33.74 min | Oleic acid,-0.01638673125906142,0.023968857133547232,-0.026697602755142453
33.87 min | 3-Oxohexadecanoic acid,0.0010450258095322195,0.020250367173704875,-0.0012884110409721484
33.9 min | 10-Hydroxymyristic acid methyl ester,0.01078899205498424,0.06965602512690382,-0.0064324327675435375
33.95 min | 6-[Ethyl-(3-isobutoxy-4-isopropylphenyl)amino]nicotinic acid,0.01879801276052275,0.07428765716700152,0.0005084482407518927
"33.97 min | cis-9,10-Epoxystearic acid",0.019105900481539224,0.07502340221828026,0.00013336443824453034
33.98 min | (2s)-2-[[(2s)-2-Acetamido-5-[[n-(Methylcarbamoyl)carbamimidoyl]amino]pentanoyl]-Methyl-Amino]-3-Phenyl-Propanoic Acid,0.0182456547840932,0.07292520386805436,-0.0009673686472902796
34.0 min | N-Undecylbenzenesulfonic acid,0.006778344049424622,-0.008294461413084382,-0.0011394477951684923
34.03 min | 5-Tetradecenoic acid,0.01925316553205905,0.07441054433231768,-0.00029163311938147895
34.17 min | Maslinic acid,-0.011421247495498074,-0.004283268734309651,0.051588578275816116
34.18 min | 3-Oxohexadecanoic acid,0.0020919312932899748,0.01588023590435119,-0.004123097985731906
"34.21 min | cis-9,10-Epoxystearic acid",0.0170098971264235,0.0685912424997818,0.010205054172528918
34.22 min | 10-Hydroxymyristic acid methyl ester,0.006214462175908502,0.012476681856194955,0.004537923979096149
34.22 min | Glycyrrhetinic acid,-0.012332129854205013,-0.00289018634935478,0.06651876227072757
34.24 min | Polyglycerol esters of fatty acids,0.007741118336268763,0.024586701163518857,-0.007850997807985264
34.3 min | Sativic acid,0.012427286434657606,0.001899307072082203,0.002210829828247134
34.43 min | 2-amino-3-[hydroxy-[2-hydroxy-3-[octadec-9-enoyl]oxypropoxy]phosphoryl]oxypropanoic acid,0.015367974451163656,0.004557141986271217,-0.009954028534271504
34.49 min | Humulinic acid A,-0.006282370868537112,-0.0017426160831104497,0.022614179553712022
34.62 min | 16-Hydroxyhexadecanoic acid,0.019451460382008286,0.07490522915164494,0.0002677887874986116
34.65 min | 3-hydroxypristanic acid,0.018105581926443143,0.07139500074849632,0.0007451469491249168
"34.76 min | 9-hydroxy-10,12-octadecadienoic acid",0.017744232531301474,0.07124882245222058,0.0006402754494934161
34.78 min | Tetracosahexaenoic acid,-0.019355066713105176,-0.0019220956695517955,-0.03458902957682422
34.83 min | alpha-Linolenic acid,-0.003500581971538701,0.013508569071212891,-0.004153705804867594
34.88 min | Humulinic acid A,0.01704049444788494,-0.010737876766365862,-0.013845181285401948
35.0 min | 3-Oxohexadecanoic acid,0.016726728867924066,0.06723583741128086,9.42145703360894e-05
35.03 min | Oleanolic acid,-0.019820171800016093,0.0022671443107242432,-0.005320992400160403
"35.07 min | cis-9,10-Epoxystearic acid",0.019640668396169337,0.0747042419961594,0.0007906753225770109
35.14 min | maslinic acid (3-O-trans-p-Coumaroyl-),-0.009333115221036007,-0.0013349904069013638,0.08471777587531625
35.44 min | 2-Hydroxyhexadecanoic acid,-0.0008481791574880304,0.012812013164186096,-0.020286218372678643
35.58 min | Protobassic acid,-0.009185875242303326,-0.005978857937799331,-0.018690321947923843
35.59 min | Myristic acid,0.019986575991725736,0.07437566630904227,0.0006529595115076926
35.64 min | Lucidenic acid K,0.017812376900854666,0.07060362041405271,-0.008910507125343867
35.74 min | Oleanolic acid,-0.028043985246772415,-0.007097023974788945,0.01510918569364666
35.79 min | Arachidonic acid,0.012565541194614472,0.06205525457796596,-0.006262859326300269
35.8 min | 3-Oxooctadecanoic acid,0.021252889417681716,0.07372343368308007,-0.0011247981405245403
35.82 min | maslinic acid (3-O-trans-p-Coumaroyl-),-0.010869459201589484,-0.0017486748877670374,0.08413619512457228
35.85 min | Thelephoric acid,-0.002108786701985035,0.00022594312152243316,0.011650606521321615
35.91 min | Lucidenic acid K,0.01573221341289341,0.06991170540051703,-0.010823246219874053
36.18 min | Linoleic acid,-0.004764933702572628,-0.005184106138259837,0.0032553376600463545
36.37 min | Linoleic acid,0.011553460925194608,0.06156618900942769,-0.0171451440928176
36.39 min | Orotidylic acid,-0.012991642034725033,0.000484639129067867,-0.02358179382564249
36.41 min | Fasciculic acid A,-0.0023493568040396057,-0.0004453180343739763,-6.04049633444114e-05
36.43 min | Palmitic acid,0.01312819276444894,-0.01912592620060782,0.021983659893585732
36.56 min | N-Undecylbenzenesulfonic acid,0.018129040045150493,-0.013917271396694035,0.007722091797072691
36.59 min | Cerebronic acid,-0.00565923697677869,-0.006610302898368542,0.016279201307242502
36.97 min | Palmitic acid,0.034992662051097224,0.0006617144593670698,0.0029527762919053743
36.98 min | Pentadecanoic acid,0.02154946307029166,0.0659126453124992,-0.0037073680030947367
37.02 min | beta-Elemonic acid,-0.011864079108043659,-0.005297902102481891,0.01596357387494656
37.09 min | Thelephoric acid,0.01135715456755428,0.004199451452517863,0.0009195871383880346
37.19 min | Sanguisorbic acid dilactone,0.005345863226620846,0.0014011505907312323,0.001032474295743717
37.27 min | 2-Hydroxy-22-methyltetracosanoic acid,-0.0007633610555501197,0.000117003496565944,-0.002921323320000039
37.28 min | Cyclohexaneundecanoic acid,0.02255030718445308,0.06779629128782474,-0.0077895571614736755
37.31 min | 3-Oxohexadecanoic acid,0.01874684547269548,0.07486344989370249,-0.002687279576713733
37.33 min | 2(R)-hydroxydocosanoic acid,0.011355844118451327,-0.011708245650973803,0.017734924751709142
37.37 min | (R)-3-Hydroxy-Octadecanoic acid,0.020118352615839195,0.07457745139306375,0.0007301831303524446
37.49 min | 2-Hydroxy-22-methyltetracosanoic acid,-0.004239957361148632,0.02571660054110496,-0.012735757738581535
37.61 min | Cerebronic acid,-0.0022014712744608815,-0.0019324944351702367,0.0024996351067233845
37.63 min | Lucidenic acid K,-0.004506265908096998,0.0186549052792524,-0.031082977500159703
"37.65 min | 9-hydroxy-10,12-octadecadienoic acid",0.018607142906667592,0.07222436652194027,-0.0001235444767934621
37.74 min | 2(R)-hydroxydocosanoic acid,0.014119711850361243,0.04777048520377285,0.004695772628986745
"38.15 min | Benzene-1,2,3-tricarboxylic acid",-0.007573127849734613,0.005246852935218363,0.022757494635599434
38.22 min | Dehydrochorismic acid,-0.00630653106120479,-0.005498111644614704,-0.00022498755980186348
38.22 min | 2-Phosphonopropionic acid,-0.016078616610429093,-0.01553084602865847,0.01782788194838548
38.23 min | Palmitic Acid,-0.008629806612081261,-0.005245461024233496,0.001457830291885529
38.3 min | (2R)-2-Acetamido-3-[[(2R)-2-acetamido-2-carboxyethyl]disulfanyl]propanoic acid,-0.009479076652703856,-0.01548033533833113,0.00828216060253125
38.33 min | Benzoylmalic acid,-0.005077315819269003,-0.00969797806369409,-0.005468260100042835
38.44 min | (R)-2-hydroxystearic acid,-0.0031814731759414595,0.036490617977402585,-0.010698347642458705
38.44 min | Oleic acid,0.002916354281164379,-0.0006568271745767832,0.0009301157439691532
"38.51 min | Benzene-1,2,3-tricarboxylic acid",0.006666863703596909,0.0011433627200864733,0.008510546685117363
38.55 min | 2(R)-hydroxydocosanoic acid,0.02011218522740411,0.006900223222800725,0.004336771549441297
38.55 min | Ranelic acid,-0.008702392213601496,0.008594958241961891,0.020248162881841194
"38.56 min | (2R)-2-{(1R)-2-Oxo-1-[(2-thienylacetyl)amino]ethyl}-5,6-dihydro-2H-1,3-thiazine-4-carboxylic acid",-0.008542308925050394,0.0076698986569371614,-0.009225034320762354
38.56 min | Bismuth Subsalicylate,0.008810214025535862,0.0053394145336923176,-0.0007965894932685015
38.59 min | Lucidenic acid K,0.016253437235358624,0.06391964666006428,-0.006685235391059972
38.59 min | 5-((7-(Benzyloxy)quinazolin-4-yl)amino)-4-fluoro-2-methylphenol,0.0060072843149187715,-0.0034934983395829896,0.02110754284286734
38.6 min | Palmitic Acid,0.02258426835911958,0.06893855962414186,0.0037134549599913743
38.61 min | 2-[(4-Benzamidophenyl)sulfonylamino]acetic acid,0.00897794990217976,0.017844545845094154,0.0064598985148200515
38.61 min | 2-Phosphonopropionic acid,-0.006499182254480937,-0.017994294848907324,0.017762519590451057
38.62 min | (R)-5-Diphosphomevalonic acid,0.0034114389078071837,-0.011131313808336984,0.014012078960854513
38.64 min | Orotidylic acid,0.01793017358703865,0.003857273654375686,0.012552792498443474
38.65 min | 3-Furoic acid.mol,0.00774883590497735,-0.023712910667331045,0.00584137796033179
38.66 min | 2-Amino-4-[(2-amino-2-carboxyethyl)disulfanyl]butanoic acid,-0.000779466426828338,0.009091594479839364,-0.002863012074434656
38.68 min | Gallagic acid,0.011820449501994647,0.01700721240351289,-0.018611455717357676
38.68 min | Polyglycerol esters of fatty acids,-0.0061562882119613645,-0.005940820300228341,0.0008256677082902402
38.78 min | Oleic acid,0.02033024858802844,0.074649758154644,-0.0005707699925062166
38.9 min | (R)-5-Diphosphomevalonic acid,0.0026392916630589127,0.028325612475436794,0.0019311277667218552
38.91 min | Polyglycerol esters of fatty acids,-0.0006492629008909189,-0.0051782055266978285,0.01698312865423224
38.98 min | Dehydrochorismic acid,0.0031369220927956556,0.0332517584197686,0.004909380898746313
39.03 min | N-Undecylbenzenesulfonic acid,-0.006002905459190767,-0.003210261086850662,0.020428337827841505
39.05 min | Polyglycerol esters of fatty acids,0.005800414876805468,-0.0029584790500361093,-0.002458415782539054
39.08 min | Polyglycerol esters of fatty acids,0.030391081618209838,-0.014442456909636804,0.014180254124595068
39.08 min | Ganoderic acid Mi,-0.02437091653259472,-0.0019399964627712072,-0.0106243370428974
39.1 min | Tsugaric acid A,-0.02437668893660045,-0.0024663432173636164,-0.011633529019667766
39.12 min | Gallagic acid,-0.0021500782683703356,0.007934260144441421,-0.02344924132704087
39.18 min | 2-Oxo-3-hydroxy-4-phosphobutanoic acid,0.00023438100157208042,-0.0019641678960692767,-0.021372541701718394
39.23 min | Benzoylmalic acid,-0.0011773887041731262,-0.0075400570488374985,-0.003035857534747386
39.29 min | (R)-5-Diphosphomevalonic acid,-0.005173638308583359,-0.008304011343826127,-0.015338399344387193
39.31 min | Bismuth Subsalicylate,-0.004298243033534176,0.015249722111215178,0.001455358024031565
"39.44 min | Benzene-1,2,3-tricarboxylic acid",-0.008390053494148866,-0.0021555827180483734,0.0015625654029385657
"39.47 min | (2R)-2-{(1R)-2-Oxo-1-[(2-thienylacetyl)amino]ethyl}-5,6-dihydro-2H-1,3-thiazine-4-carboxylic acid",0.012633874015737415,-0.0013339253427961054,-0.006349521044341297
39.49 min | Cerebronic acid,-0.000500352199893544,0.01859133186725763,-0.008401638171668308
39.54 min | Polyglycerol esters of fatty acids,-0.008615071993111168,-0.0029385677563114427,-0.0015656575996720965
39.65 min | Gossypetin 8-glucoside 3-sulfate,-0.0009981762698802114,-0.0019226585375132822,-0.0033900041119387958
39.67 min | Bismuth Subsalicylate,-0.005451191537071165,-0.0037675301393232164,0.005221256491136523
39.7 min | 2-Amino-4-[(2-amino-2-carboxyethyl)disulfanyl]butanoic acid,-0.008632526029193113,-0.004925887745311868,0.002961081673225486
39.7 min | Dehydrochorismic acid,-0.025607794459984363,-0.0023549146634197775,-0.013738397884986755
39.71 min | 2-Phosphonopropionic acid,-0.005628374431662246,-0.01758897576865558,0.006864829721516733
39.72 min | 2-[(4-Benzamidophenyl)sulfonylamino]acetic acid,-0.008791558191944639,-0.017982643344826823,0.002196246442912025
39.72 min | (R)-5-Diphosphomevalonic acid,0.006791223237887982,-0.01819798299239101,0.016441344958316586
39.74 min | Orotidylic acid,0.004480413792554162,-0.006557362124544898,-0.028411196060401007
39.74 min | uric acid citrate,-0.02230802119942513,-0.007151028516078702,-0.012386402923384318
"39.8 min | (2R)-2-{(1R)-2-Oxo-1-[(2-thienylacetyl)amino]ethyl}-5,6-dihydro-2H-1,3-thiazine-4-carboxylic acid",-0.010430811852519753,-0.0011872390475458727,-0.008125423838913152
39.87 min | Polyglycerol esters of fatty acids,-0.015555413758276551,-0.004528869133882241,0.010311543270176695
39.92 min | Thelephoric acid,0.008016645368453125,-0.013638824724243208,0.011748967822280822
39.94 min | Bismuth Subsalicylate,0.01693024129111983,0.0005230532302646227,0.011208118078066322
39.97 min | (R)-5-Diphosphomevalonic acid,-0.013505686948157097,-0.0041287887860875835,0.0027311778133693666
40.04 min | 2-Amino-4-[(2-amino-2-carboxyethyl)disulfanyl]butanoic acid,0.01073106493684198,-0.011431061941491825,0.014786689867156293
40.08 min | Polyglycerol esters of fatty acids,-0.01408379442747636,-0.002294862208021424,0.016089154437433827
"40.08 min | Propanoic acid, 3-((((2-(1,1-dimethylethyl)-5-methoxy-6-benzothiazolyl)amino)thioxomethyl)thio)-",-0.010184200331618454,-0.0020673826644940847,0.04391332309338163
